2025-10-19 18:45:08.273 +02:00 [INF] Applying database migrations... {"SourceContext":"Program","Application":"MiniJira"}
2025-10-19 18:45:09.556 +02:00 [WRN] The 'TaskPriority' property 'Priority' on entity type 'Task' is configured with a database-generated default, but has no configured sentinel value. The database-generated default will always be used for inserts when the property has the value 'Low', since this is the CLR default for the 'TaskPriority' type. Consider using a nullable type, using a nullable backing field, or setting the sentinel value for the property to ensure the database default is used when, and only when, appropriate. See https://aka.ms/efcore-docs-default-values for more information. {"EventId":{"Id":20601,"Name":"Microsoft.EntityFrameworkCore.Model.Validation.BoolWithDefaultWarning"},"SourceContext":"Microsoft.EntityFrameworkCore.Model.Validation","Application":"MiniJira"}
2025-10-19 18:45:09.844 +02:00 [INF] Acquiring an exclusive lock for migration application. See https://aka.ms/efcore-docs-migrations-lock for more information if this takes too long. {"EventId":{"Id":20411,"Name":"Microsoft.EntityFrameworkCore.Migrations.AcquiringMigrationLock"},"SourceContext":"Microsoft.EntityFrameworkCore.Migrations","Application":"MiniJira"}
2025-10-19 18:45:09.966 +02:00 [INF] No migrations were applied. The database is already up to date. {"EventId":{"Id":20405,"Name":"Microsoft.EntityFrameworkCore.Migrations.MigrationsNotApplied"},"SourceContext":"Microsoft.EntityFrameworkCore.Migrations","Application":"MiniJira"}
2025-10-19 18:45:09.975 +02:00 [INF] Database migrations applied successfully {"SourceContext":"Program","Application":"MiniJira"}
2025-10-19 18:45:10.690 +02:00 [INF] Now listening on: https://localhost:7105 {"EventId":{"Id":14,"Name":"ListeningOnAddress"},"SourceContext":"Microsoft.Hosting.Lifetime","Application":"MiniJira"}
2025-10-19 18:45:10.697 +02:00 [INF] Now listening on: http://localhost:5194 {"EventId":{"Id":14,"Name":"ListeningOnAddress"},"SourceContext":"Microsoft.Hosting.Lifetime","Application":"MiniJira"}
2025-10-19 18:45:10.809 +02:00 [INF] Application started. Press Ctrl+C to shut down. {"SourceContext":"Microsoft.Hosting.Lifetime","Application":"MiniJira"}
2025-10-19 18:45:10.815 +02:00 [INF] Hosting environment: Development {"SourceContext":"Microsoft.Hosting.Lifetime","Application":"MiniJira"}
2025-10-19 18:45:10.820 +02:00 [INF] Content root path: D:\KimiAi\MiniJira\MiniJira\MiniJira {"SourceContext":"Microsoft.Hosting.Lifetime","Application":"MiniJira"}
2025-10-19 18:45:19.725 +02:00 [INF] Retrieving all columns for culture hr-HR {"SourceContext":"MiniJira.Services.ColumnService","TransportConnectionId":"nDcdYeT2V-nFGYGkCRbm5w","RequestId":"0HNGF5RF8K0HE:00000021","RequestPath":"/_blazor","ConnectionId":"0HNGF5RF8K0HE","Application":"MiniJira"}
2025-10-19 18:45:20.496 +02:00 [WRN] Compiling a query which loads related collections for more than one collection navigation, either via 'Include' or through projection, but no 'QuerySplittingBehavior' has been configured. By default, Entity Framework will use 'QuerySplittingBehavior.SingleQuery', which can potentially result in slow query performance. See https://go.microsoft.com/fwlink/?linkid=2134277 for more information. To identify the query that's triggering this warning call 'ConfigureWarnings(w => w.Throw(RelationalEventId.MultipleCollectionIncludeWarning))'. {"EventId":{"Id":20504,"Name":"Microsoft.EntityFrameworkCore.Query.MultipleCollectionIncludeWarning"},"SourceContext":"Microsoft.EntityFrameworkCore.Query","TransportConnectionId":"nDcdYeT2V-nFGYGkCRbm5w","RequestId":"0HNGF5RF8K0HE:00000021","RequestPath":"/_blazor","ConnectionId":"0HNGF5RF8K0HE","Application":"MiniJira"}
2025-10-19 18:45:20.678 +02:00 [INF] Retrieving all tasks {"SourceContext":"MiniJira.Services.TaskService","TransportConnectionId":"nDcdYeT2V-nFGYGkCRbm5w","RequestId":"0HNGF5RF8K0HE:00000021","RequestPath":"/_blazor","ConnectionId":"0HNGF5RF8K0HE","Application":"MiniJira"}
2025-10-19 18:45:33.046 +02:00 [INF] Retrieving task with ID "b93754f7-233b-40fd-9bb2-5b5cf6cfb246" {"SourceContext":"MiniJira.Services.TaskService","TransportConnectionId":"nDcdYeT2V-nFGYGkCRbm5w","RequestId":"0HNGF5RF8K0HE:00000021","RequestPath":"/_blazor","ConnectionId":"0HNGF5RF8K0HE","Application":"MiniJira"}
2025-10-19 18:45:33.087 +02:00 [INF] Retrieving all columns for culture hr-HR {"SourceContext":"MiniJira.Services.ColumnService","TransportConnectionId":"nDcdYeT2V-nFGYGkCRbm5w","RequestId":"0HNGF5RF8K0HE:00000021","RequestPath":"/_blazor","ConnectionId":"0HNGF5RF8K0HE","Application":"MiniJira"}
2025-10-19 18:45:33.103 +02:00 [INF] Retrieving distinct customer names {"SourceContext":"MiniJira.Services.TaskService","TransportConnectionId":"nDcdYeT2V-nFGYGkCRbm5w","RequestId":"0HNGF5RF8K0HE:00000021","RequestPath":"/_blazor","ConnectionId":"0HNGF5RF8K0HE","Application":"MiniJira"}
2025-10-19 18:45:33.360 +02:00 [WRN] Compiling a query which loads related collections for more than one collection navigation, either via 'Include' or through projection, but no 'QuerySplittingBehavior' has been configured. By default, Entity Framework will use 'QuerySplittingBehavior.SingleQuery', which can potentially result in slow query performance. See https://go.microsoft.com/fwlink/?linkid=2134277 for more information. To identify the query that's triggering this warning call 'ConfigureWarnings(w => w.Throw(RelationalEventId.MultipleCollectionIncludeWarning))'. {"EventId":{"Id":20504,"Name":"Microsoft.EntityFrameworkCore.Query.MultipleCollectionIncludeWarning"},"SourceContext":"Microsoft.EntityFrameworkCore.Query","TransportConnectionId":"nDcdYeT2V-nFGYGkCRbm5w","RequestId":"0HNGF5RF8K0HE:00000021","RequestPath":"/_blazor","ConnectionId":"0HNGF5RF8K0HE","Application":"MiniJira"}
2025-10-19 18:45:33.530 +02:00 [INF] Retrieving owner history for task "b93754f7-233b-40fd-9bb2-5b5cf6cfb246" {"SourceContext":"MiniJira.Services.TaskService","TransportConnectionId":"nDcdYeT2V-nFGYGkCRbm5w","RequestId":"0HNGF5RF8K0HE:00000021","RequestPath":"/_blazor","ConnectionId":"0HNGF5RF8K0HE","Application":"MiniJira"}
2025-10-19 18:45:33.558 +02:00 [INF] Retrieving owner history for task "b93754f7-233b-40fd-9bb2-5b5cf6cfb246" {"SourceContext":"MiniJira.Services.TaskService","TransportConnectionId":"nDcdYeT2V-nFGYGkCRbm5w","RequestId":"0HNGF5RF8K0HE:00000021","RequestPath":"/_blazor","ConnectionId":"0HNGF5RF8K0HE","Application":"MiniJira"}
2025-10-19 18:46:32.297 +02:00 [INF] Applying database migrations... {"SourceContext":"Program","Application":"MiniJira"}
2025-10-19 18:46:32.933 +02:00 [WRN] The 'TaskPriority' property 'Priority' on entity type 'Task' is configured with a database-generated default, but has no configured sentinel value. The database-generated default will always be used for inserts when the property has the value 'Low', since this is the CLR default for the 'TaskPriority' type. Consider using a nullable type, using a nullable backing field, or setting the sentinel value for the property to ensure the database default is used when, and only when, appropriate. See https://aka.ms/efcore-docs-default-values for more information. {"EventId":{"Id":20601,"Name":"Microsoft.EntityFrameworkCore.Model.Validation.BoolWithDefaultWarning"},"SourceContext":"Microsoft.EntityFrameworkCore.Model.Validation","Application":"MiniJira"}
2025-10-19 18:46:33.179 +02:00 [INF] Acquiring an exclusive lock for migration application. See https://aka.ms/efcore-docs-migrations-lock for more information if this takes too long. {"EventId":{"Id":20411,"Name":"Microsoft.EntityFrameworkCore.Migrations.AcquiringMigrationLock"},"SourceContext":"Microsoft.EntityFrameworkCore.Migrations","Application":"MiniJira"}
2025-10-19 18:46:33.282 +02:00 [INF] No migrations were applied. The database is already up to date. {"EventId":{"Id":20405,"Name":"Microsoft.EntityFrameworkCore.Migrations.MigrationsNotApplied"},"SourceContext":"Microsoft.EntityFrameworkCore.Migrations","Application":"MiniJira"}
2025-10-19 18:46:33.294 +02:00 [INF] Database migrations applied successfully {"SourceContext":"Program","Application":"MiniJira"}
2025-10-19 18:46:33.803 +02:00 [INF] Now listening on: https://localhost:7105 {"EventId":{"Id":14,"Name":"ListeningOnAddress"},"SourceContext":"Microsoft.Hosting.Lifetime","Application":"MiniJira"}
2025-10-19 18:46:33.810 +02:00 [INF] Now listening on: http://localhost:5194 {"EventId":{"Id":14,"Name":"ListeningOnAddress"},"SourceContext":"Microsoft.Hosting.Lifetime","Application":"MiniJira"}
2025-10-19 18:46:33.902 +02:00 [INF] Application started. Press Ctrl+C to shut down. {"SourceContext":"Microsoft.Hosting.Lifetime","Application":"MiniJira"}
2025-10-19 18:46:33.905 +02:00 [INF] Hosting environment: Development {"SourceContext":"Microsoft.Hosting.Lifetime","Application":"MiniJira"}
2025-10-19 18:46:33.909 +02:00 [INF] Content root path: D:\KimiAi\MiniJira\MiniJira\MiniJira {"SourceContext":"Microsoft.Hosting.Lifetime","Application":"MiniJira"}
2025-10-19 18:48:07.230 +02:00 [INF] Retrieving all columns for culture hr-HR {"SourceContext":"MiniJira.Services.ColumnService","TransportConnectionId":"rPS4PeLoFYqOtnjYWEj0ng","RequestId":"0HNGF5S7VLD0Q:0000000D","RequestPath":"/_blazor","ConnectionId":"0HNGF5S7VLD0Q","Application":"MiniJira"}
2025-10-19 18:48:07.864 +02:00 [WRN] Compiling a query which loads related collections for more than one collection navigation, either via 'Include' or through projection, but no 'QuerySplittingBehavior' has been configured. By default, Entity Framework will use 'QuerySplittingBehavior.SingleQuery', which can potentially result in slow query performance. See https://go.microsoft.com/fwlink/?linkid=2134277 for more information. To identify the query that's triggering this warning call 'ConfigureWarnings(w => w.Throw(RelationalEventId.MultipleCollectionIncludeWarning))'. {"EventId":{"Id":20504,"Name":"Microsoft.EntityFrameworkCore.Query.MultipleCollectionIncludeWarning"},"SourceContext":"Microsoft.EntityFrameworkCore.Query","TransportConnectionId":"rPS4PeLoFYqOtnjYWEj0ng","RequestId":"0HNGF5S7VLD0Q:0000000D","RequestPath":"/_blazor","ConnectionId":"0HNGF5S7VLD0Q","Application":"MiniJira"}
2025-10-19 18:48:08.038 +02:00 [INF] Retrieving all tasks {"SourceContext":"MiniJira.Services.TaskService","TransportConnectionId":"rPS4PeLoFYqOtnjYWEj0ng","RequestId":"0HNGF5S7VLD0Q:0000000D","RequestPath":"/_blazor","ConnectionId":"0HNGF5S7VLD0Q","Application":"MiniJira"}
2025-10-19 18:48:10.187 +02:00 [INF] Retrieving task with ID "b93754f7-233b-40fd-9bb2-5b5cf6cfb246" {"SourceContext":"MiniJira.Services.TaskService","TransportConnectionId":"rPS4PeLoFYqOtnjYWEj0ng","RequestId":"0HNGF5S7VLD0Q:0000000D","RequestPath":"/_blazor","ConnectionId":"0HNGF5S7VLD0Q","Application":"MiniJira"}
2025-10-19 18:48:10.231 +02:00 [INF] Retrieving all columns for culture hr-HR {"SourceContext":"MiniJira.Services.ColumnService","TransportConnectionId":"rPS4PeLoFYqOtnjYWEj0ng","RequestId":"0HNGF5S7VLD0Q:0000000D","RequestPath":"/_blazor","ConnectionId":"0HNGF5S7VLD0Q","Application":"MiniJira"}
2025-10-19 18:48:10.248 +02:00 [INF] Retrieving distinct customer names {"SourceContext":"MiniJira.Services.TaskService","TransportConnectionId":"rPS4PeLoFYqOtnjYWEj0ng","RequestId":"0HNGF5S7VLD0Q:0000000D","RequestPath":"/_blazor","ConnectionId":"0HNGF5S7VLD0Q","Application":"MiniJira"}
2025-10-19 18:48:10.472 +02:00 [WRN] Compiling a query which loads related collections for more than one collection navigation, either via 'Include' or through projection, but no 'QuerySplittingBehavior' has been configured. By default, Entity Framework will use 'QuerySplittingBehavior.SingleQuery', which can potentially result in slow query performance. See https://go.microsoft.com/fwlink/?linkid=2134277 for more information. To identify the query that's triggering this warning call 'ConfigureWarnings(w => w.Throw(RelationalEventId.MultipleCollectionIncludeWarning))'. {"EventId":{"Id":20504,"Name":"Microsoft.EntityFrameworkCore.Query.MultipleCollectionIncludeWarning"},"SourceContext":"Microsoft.EntityFrameworkCore.Query","TransportConnectionId":"rPS4PeLoFYqOtnjYWEj0ng","RequestId":"0HNGF5S7VLD0Q:0000000D","RequestPath":"/_blazor","ConnectionId":"0HNGF5S7VLD0Q","Application":"MiniJira"}
2025-10-19 18:48:10.631 +02:00 [INF] Retrieving owner history for task "b93754f7-233b-40fd-9bb2-5b5cf6cfb246" {"SourceContext":"MiniJira.Services.TaskService","TransportConnectionId":"rPS4PeLoFYqOtnjYWEj0ng","RequestId":"0HNGF5S7VLD0Q:0000000D","RequestPath":"/_blazor","ConnectionId":"0HNGF5S7VLD0Q","Application":"MiniJira"}
2025-10-19 18:48:10.652 +02:00 [INF] Retrieving owner history for task "b93754f7-233b-40fd-9bb2-5b5cf6cfb246" {"SourceContext":"MiniJira.Services.TaskService","TransportConnectionId":"rPS4PeLoFYqOtnjYWEj0ng","RequestId":"0HNGF5S7VLD0Q:0000000D","RequestPath":"/_blazor","ConnectionId":"0HNGF5S7VLD0Q","Application":"MiniJira"}
2025-10-19 19:03:04.372 +02:00 [INF] Applying database migrations... {"SourceContext":"Program","Application":"MiniJira"}
2025-10-19 19:03:05.114 +02:00 [WRN] The 'TaskPriority' property 'Priority' on entity type 'Task' is configured with a database-generated default, but has no configured sentinel value. The database-generated default will always be used for inserts when the property has the value 'Low', since this is the CLR default for the 'TaskPriority' type. Consider using a nullable type, using a nullable backing field, or setting the sentinel value for the property to ensure the database default is used when, and only when, appropriate. See https://aka.ms/efcore-docs-default-values for more information. {"EventId":{"Id":20601,"Name":"Microsoft.EntityFrameworkCore.Model.Validation.BoolWithDefaultWarning"},"SourceContext":"Microsoft.EntityFrameworkCore.Model.Validation","Application":"MiniJira"}
2025-10-19 19:03:05.344 +02:00 [INF] Acquiring an exclusive lock for migration application. See https://aka.ms/efcore-docs-migrations-lock for more information if this takes too long. {"EventId":{"Id":20411,"Name":"Microsoft.EntityFrameworkCore.Migrations.AcquiringMigrationLock"},"SourceContext":"Microsoft.EntityFrameworkCore.Migrations","Application":"MiniJira"}
2025-10-19 19:03:05.456 +02:00 [INF] No migrations were applied. The database is already up to date. {"EventId":{"Id":20405,"Name":"Microsoft.EntityFrameworkCore.Migrations.MigrationsNotApplied"},"SourceContext":"Microsoft.EntityFrameworkCore.Migrations","Application":"MiniJira"}
2025-10-19 19:03:05.467 +02:00 [INF] Database migrations applied successfully {"SourceContext":"Program","Application":"MiniJira"}
2025-10-19 19:03:05.979 +02:00 [INF] Now listening on: https://localhost:7105 {"EventId":{"Id":14,"Name":"ListeningOnAddress"},"SourceContext":"Microsoft.Hosting.Lifetime","Application":"MiniJira"}
2025-10-19 19:03:05.986 +02:00 [INF] Now listening on: http://localhost:5194 {"EventId":{"Id":14,"Name":"ListeningOnAddress"},"SourceContext":"Microsoft.Hosting.Lifetime","Application":"MiniJira"}
2025-10-19 19:03:06.278 +02:00 [INF] Application started. Press Ctrl+C to shut down. {"SourceContext":"Microsoft.Hosting.Lifetime","Application":"MiniJira"}
2025-10-19 19:03:06.282 +02:00 [INF] Hosting environment: Development {"SourceContext":"Microsoft.Hosting.Lifetime","Application":"MiniJira"}
2025-10-19 19:03:06.286 +02:00 [INF] Content root path: D:\KimiAi\MiniJira\MiniJira\MiniJira {"SourceContext":"Microsoft.Hosting.Lifetime","Application":"MiniJira"}
2025-10-19 19:03:11.794 +02:00 [INF] Retrieving all columns for culture hr-HR {"SourceContext":"MiniJira.Services.ColumnService","TransportConnectionId":"vV7CgTSmeq7fiqshLsw5VQ","RequestId":"0HNGF65FL61J7:0000000D","RequestPath":"/_blazor","ConnectionId":"0HNGF65FL61J7","Application":"MiniJira"}
2025-10-19 19:03:12.365 +02:00 [WRN] Compiling a query which loads related collections for more than one collection navigation, either via 'Include' or through projection, but no 'QuerySplittingBehavior' has been configured. By default, Entity Framework will use 'QuerySplittingBehavior.SingleQuery', which can potentially result in slow query performance. See https://go.microsoft.com/fwlink/?linkid=2134277 for more information. To identify the query that's triggering this warning call 'ConfigureWarnings(w => w.Throw(RelationalEventId.MultipleCollectionIncludeWarning))'. {"EventId":{"Id":20504,"Name":"Microsoft.EntityFrameworkCore.Query.MultipleCollectionIncludeWarning"},"SourceContext":"Microsoft.EntityFrameworkCore.Query","TransportConnectionId":"vV7CgTSmeq7fiqshLsw5VQ","RequestId":"0HNGF65FL61J7:0000000D","RequestPath":"/_blazor","ConnectionId":"0HNGF65FL61J7","Application":"MiniJira"}
2025-10-19 19:03:12.523 +02:00 [INF] Retrieving all tasks {"SourceContext":"MiniJira.Services.TaskService","TransportConnectionId":"vV7CgTSmeq7fiqshLsw5VQ","RequestId":"0HNGF65FL61J7:0000000D","RequestPath":"/_blazor","ConnectionId":"0HNGF65FL61J7","Application":"MiniJira"}
2025-10-19 19:03:18.510 +02:00 [INF] Retrieving task with ID "b93754f7-233b-40fd-9bb2-5b5cf6cfb246" {"SourceContext":"MiniJira.Services.TaskService","TransportConnectionId":"vV7CgTSmeq7fiqshLsw5VQ","RequestId":"0HNGF65FL61J7:0000000D","RequestPath":"/_blazor","ConnectionId":"0HNGF65FL61J7","Application":"MiniJira"}
2025-10-19 19:03:18.554 +02:00 [INF] Retrieving all columns for culture hr-HR {"SourceContext":"MiniJira.Services.ColumnService","TransportConnectionId":"vV7CgTSmeq7fiqshLsw5VQ","RequestId":"0HNGF65FL61J7:0000000D","RequestPath":"/_blazor","ConnectionId":"0HNGF65FL61J7","Application":"MiniJira"}
2025-10-19 19:03:18.568 +02:00 [INF] Retrieving distinct customer names {"SourceContext":"MiniJira.Services.TaskService","TransportConnectionId":"vV7CgTSmeq7fiqshLsw5VQ","RequestId":"0HNGF65FL61J7:0000000D","RequestPath":"/_blazor","ConnectionId":"0HNGF65FL61J7","Application":"MiniJira"}
2025-10-19 19:03:18.778 +02:00 [WRN] Compiling a query which loads related collections for more than one collection navigation, either via 'Include' or through projection, but no 'QuerySplittingBehavior' has been configured. By default, Entity Framework will use 'QuerySplittingBehavior.SingleQuery', which can potentially result in slow query performance. See https://go.microsoft.com/fwlink/?linkid=2134277 for more information. To identify the query that's triggering this warning call 'ConfigureWarnings(w => w.Throw(RelationalEventId.MultipleCollectionIncludeWarning))'. {"EventId":{"Id":20504,"Name":"Microsoft.EntityFrameworkCore.Query.MultipleCollectionIncludeWarning"},"SourceContext":"Microsoft.EntityFrameworkCore.Query","TransportConnectionId":"vV7CgTSmeq7fiqshLsw5VQ","RequestId":"0HNGF65FL61J7:0000000D","RequestPath":"/_blazor","ConnectionId":"0HNGF65FL61J7","Application":"MiniJira"}
2025-10-19 19:03:18.928 +02:00 [INF] Retrieving owner history for task "b93754f7-233b-40fd-9bb2-5b5cf6cfb246" {"SourceContext":"MiniJira.Services.TaskService","TransportConnectionId":"vV7CgTSmeq7fiqshLsw5VQ","RequestId":"0HNGF65FL61J7:0000000D","RequestPath":"/_blazor","ConnectionId":"0HNGF65FL61J7","Application":"MiniJira"}
2025-10-19 19:03:18.947 +02:00 [INF] Retrieving owner history for task "b93754f7-233b-40fd-9bb2-5b5cf6cfb246" {"SourceContext":"MiniJira.Services.TaskService","TransportConnectionId":"vV7CgTSmeq7fiqshLsw5VQ","RequestId":"0HNGF65FL61J7:0000000D","RequestPath":"/_blazor","ConnectionId":"0HNGF65FL61J7","Application":"MiniJira"}
2025-10-19 19:03:22.882 +02:00 [WRN] Unhandled exception rendering component: Cannot read properties of null (reading 'click')
TypeError: Cannot read properties of null (reading 'click')
    at eval (eval at <anonymous> (https://localhost:7105/_framework/blazor.server.js:1:3047), <anonymous>:1:72)
    at eval (<anonymous>)
    at https://localhost:7105/_framework/blazor.server.js:1:3047
    at new Promise (<anonymous>)
    at y.beginInvokeJSFromDotNet (https://localhost:7105/_framework/blazor.server.js:1:3004)
    at Xt._invokeClientMethod (https://localhost:7105/_framework/blazor.server.js:1:60890)
    at Xt._processIncomingData (https://localhost:7105/_framework/blazor.server.js:1:58279)
    at un.onreceive (https://localhost:7105/_framework/blazor.server.js:1:51920)
    at WebSocket.<anonymous> (https://localhost:7105/_framework/blazor.server.js:1:80026) {"EventId":{"Id":100,"Name":"ExceptionRenderingComponent"},"SourceContext":"Microsoft.AspNetCore.Components.Server.Circuits.RemoteRenderer","TransportConnectionId":"vV7CgTSmeq7fiqshLsw5VQ","RequestId":"0HNGF65FL61J7:0000000D","RequestPath":"/_blazor","ConnectionId":"0HNGF65FL61J7","Application":"MiniJira"}
Microsoft.JSInterop.JSException: Cannot read properties of null (reading 'click')
TypeError: Cannot read properties of null (reading 'click')
    at eval (eval at <anonymous> (https://localhost:7105/_framework/blazor.server.js:1:3047), <anonymous>:1:72)
    at eval (<anonymous>)
    at https://localhost:7105/_framework/blazor.server.js:1:3047
    at new Promise (<anonymous>)
    at y.beginInvokeJSFromDotNet (https://localhost:7105/_framework/blazor.server.js:1:3004)
    at Xt._invokeClientMethod (https://localhost:7105/_framework/blazor.server.js:1:60890)
    at Xt._processIncomingData (https://localhost:7105/_framework/blazor.server.js:1:58279)
    at un.onreceive (https://localhost:7105/_framework/blazor.server.js:1:51920)
    at WebSocket.<anonymous> (https://localhost:7105/_framework/blazor.server.js:1:80026)
   at Microsoft.JSInterop.JSRuntime.InvokeAsync[TValue](Int64 targetInstanceId, String identifier, Object[] args)
   at Microsoft.JSInterop.JSRuntimeExtensions.InvokeVoidAsync(IJSRuntime jsRuntime, String identifier, Object[] args)
   at MiniJira.Components.WorkOrder.WorkOrderView.TriggerFileInput() in D:\KimiAi\MiniJira\MiniJira\MiniJira\Components\WorkOrder\WorkOrderView.razor.cs:line 395
   at Microsoft.AspNetCore.Components.ComponentBase.CallStateHasChangedOnAsyncCompletion(Task task)
   at Microsoft.AspNetCore.Components.RenderTree.Renderer.GetErrorHandledTask(Task taskToHandle, ComponentState owningComponentState)
2025-10-19 19:03:22.944 +02:00 [ERR] Unhandled exception in circuit 'oaNLvyrSkQHhIJlQ24_uEusAcQddkqli3ynQd12goaY'. {"EventId":{"Id":111,"Name":"CircuitUnhandledException"},"SourceContext":"Microsoft.AspNetCore.Components.Server.Circuits.CircuitHost","TransportConnectionId":"vV7CgTSmeq7fiqshLsw5VQ","RequestId":"0HNGF65FL61J7:0000000D","RequestPath":"/_blazor","ConnectionId":"0HNGF65FL61J7","Application":"MiniJira"}
Microsoft.JSInterop.JSException: Cannot read properties of null (reading 'click')
TypeError: Cannot read properties of null (reading 'click')
    at eval (eval at <anonymous> (https://localhost:7105/_framework/blazor.server.js:1:3047), <anonymous>:1:72)
    at eval (<anonymous>)
    at https://localhost:7105/_framework/blazor.server.js:1:3047
    at new Promise (<anonymous>)
    at y.beginInvokeJSFromDotNet (https://localhost:7105/_framework/blazor.server.js:1:3004)
    at Xt._invokeClientMethod (https://localhost:7105/_framework/blazor.server.js:1:60890)
    at Xt._processIncomingData (https://localhost:7105/_framework/blazor.server.js:1:58279)
    at un.onreceive (https://localhost:7105/_framework/blazor.server.js:1:51920)
    at WebSocket.<anonymous> (https://localhost:7105/_framework/blazor.server.js:1:80026)
   at Microsoft.JSInterop.JSRuntime.InvokeAsync[TValue](Int64 targetInstanceId, String identifier, Object[] args)
   at Microsoft.JSInterop.JSRuntimeExtensions.InvokeVoidAsync(IJSRuntime jsRuntime, String identifier, Object[] args)
   at MiniJira.Components.WorkOrder.WorkOrderView.TriggerFileInput() in D:\KimiAi\MiniJira\MiniJira\MiniJira\Components\WorkOrder\WorkOrderView.razor.cs:line 395
   at Microsoft.AspNetCore.Components.ComponentBase.CallStateHasChangedOnAsyncCompletion(Task task)
   at Microsoft.AspNetCore.Components.RenderTree.Renderer.GetErrorHandledTask(Task taskToHandle, ComponentState owningComponentState)
2025-10-19 19:03:23.241 +02:00 [WRN] Unhandled exception rendering component: JavaScript interop calls cannot be issued at this time. This is because the circuit has disconnected and is being disposed. {"EventId":{"Id":100,"Name":"ExceptionRenderingComponent"},"SourceContext":"Microsoft.AspNetCore.Components.Server.Circuits.RemoteRenderer","TransportConnectionId":"vV7CgTSmeq7fiqshLsw5VQ","RequestId":"0HNGF65FL61J7:0000000D","RequestPath":"/_blazor","ConnectionId":"0HNGF65FL61J7","Application":"MiniJira"}
Microsoft.JSInterop.JSDisconnectedException: JavaScript interop calls cannot be issued at this time. This is because the circuit has disconnected and is being disposed.
   at Microsoft.AspNetCore.Components.Server.Circuits.RemoteJSRuntime.BeginInvokeJS(Int64 asyncHandle, String identifier, String argsJson, JSCallResultType resultType, Int64 targetInstanceId)
   at Microsoft.JSInterop.JSRuntime.InvokeAsync[TValue](Int64 targetInstanceId, String identifier, CancellationToken cancellationToken, Object[] args)
   at Microsoft.JSInterop.JSRuntime.InvokeAsync[TValue](Int64 targetInstanceId, String identifier, Object[] args)
   at Microsoft.JSInterop.JSRuntimeExtensions.InvokeVoidAsync(IJSRuntime jsRuntime, String identifier, Object[] args)
   at Microsoft.JSInterop.Implementation.JSObjectReference.DisposeAsync()
   at MiniJira.Shared.MainLayout.DisposeAsync() in D:\KimiAi\MiniJira\MiniJira\MiniJira\Shared\MainLayout.razor.cs:line 132
   at Microsoft.AspNetCore.Components.RenderTree.Renderer.<>c__DisplayClass85_0.<<Dispose>g__HandleAsyncExceptions|1>d.MoveNext()
2025-10-19 19:03:23.253 +02:00 [ERR] Unhandled exception in circuit 'oaNLvyrSkQHhIJlQ24_uEusAcQddkqli3ynQd12goaY'. {"EventId":{"Id":111,"Name":"CircuitUnhandledException"},"SourceContext":"Microsoft.AspNetCore.Components.Server.Circuits.CircuitHost","TransportConnectionId":"vV7CgTSmeq7fiqshLsw5VQ","RequestId":"0HNGF65FL61J7:0000000D","RequestPath":"/_blazor","ConnectionId":"0HNGF65FL61J7","Application":"MiniJira"}
Microsoft.JSInterop.JSDisconnectedException: JavaScript interop calls cannot be issued at this time. This is because the circuit has disconnected and is being disposed.
   at Microsoft.AspNetCore.Components.Server.Circuits.RemoteJSRuntime.BeginInvokeJS(Int64 asyncHandle, String identifier, String argsJson, JSCallResultType resultType, Int64 targetInstanceId)
   at Microsoft.JSInterop.JSRuntime.InvokeAsync[TValue](Int64 targetInstanceId, String identifier, CancellationToken cancellationToken, Object[] args)
   at Microsoft.JSInterop.JSRuntime.InvokeAsync[TValue](Int64 targetInstanceId, String identifier, Object[] args)
   at Microsoft.JSInterop.JSRuntimeExtensions.InvokeVoidAsync(IJSRuntime jsRuntime, String identifier, Object[] args)
   at Microsoft.JSInterop.Implementation.JSObjectReference.DisposeAsync()
   at MiniJira.Shared.MainLayout.DisposeAsync() in D:\KimiAi\MiniJira\MiniJira\MiniJira\Shared\MainLayout.razor.cs:line 132
   at Microsoft.AspNetCore.Components.RenderTree.Renderer.<>c__DisplayClass85_0.<<Dispose>g__HandleAsyncExceptions|1>d.MoveNext()
2025-10-19 19:05:15.294 +02:00 [INF] Applying database migrations... {"SourceContext":"Program","Application":"MiniJira"}
2025-10-19 19:05:15.967 +02:00 [WRN] The 'TaskPriority' property 'Priority' on entity type 'Task' is configured with a database-generated default, but has no configured sentinel value. The database-generated default will always be used for inserts when the property has the value 'Low', since this is the CLR default for the 'TaskPriority' type. Consider using a nullable type, using a nullable backing field, or setting the sentinel value for the property to ensure the database default is used when, and only when, appropriate. See https://aka.ms/efcore-docs-default-values for more information. {"EventId":{"Id":20601,"Name":"Microsoft.EntityFrameworkCore.Model.Validation.BoolWithDefaultWarning"},"SourceContext":"Microsoft.EntityFrameworkCore.Model.Validation","Application":"MiniJira"}
2025-10-19 19:05:16.238 +02:00 [INF] Acquiring an exclusive lock for migration application. See https://aka.ms/efcore-docs-migrations-lock for more information if this takes too long. {"EventId":{"Id":20411,"Name":"Microsoft.EntityFrameworkCore.Migrations.AcquiringMigrationLock"},"SourceContext":"Microsoft.EntityFrameworkCore.Migrations","Application":"MiniJira"}
2025-10-19 19:05:16.364 +02:00 [INF] No migrations were applied. The database is already up to date. {"EventId":{"Id":20405,"Name":"Microsoft.EntityFrameworkCore.Migrations.MigrationsNotApplied"},"SourceContext":"Microsoft.EntityFrameworkCore.Migrations","Application":"MiniJira"}
2025-10-19 19:05:16.369 +02:00 [INF] Database migrations applied successfully {"SourceContext":"Program","Application":"MiniJira"}
2025-10-19 19:05:16.703 +02:00 [INF] Now listening on: https://localhost:7105 {"EventId":{"Id":14,"Name":"ListeningOnAddress"},"SourceContext":"Microsoft.Hosting.Lifetime","Application":"MiniJira"}
2025-10-19 19:05:16.704 +02:00 [INF] Now listening on: http://localhost:5194 {"EventId":{"Id":14,"Name":"ListeningOnAddress"},"SourceContext":"Microsoft.Hosting.Lifetime","Application":"MiniJira"}
2025-10-19 19:05:16.704 +02:00 [INF] Application started. Press Ctrl+C to shut down. {"SourceContext":"Microsoft.Hosting.Lifetime","Application":"MiniJira"}
2025-10-19 19:05:16.704 +02:00 [INF] Hosting environment: Development {"SourceContext":"Microsoft.Hosting.Lifetime","Application":"MiniJira"}
2025-10-19 19:05:16.705 +02:00 [INF] Content root path: D:\KimiAi\MiniJira\MiniJira\MiniJira {"SourceContext":"Microsoft.Hosting.Lifetime","Application":"MiniJira"}
2025-10-19 19:05:45.025 +02:00 [INF] Retrieving all columns for culture en-US {"SourceContext":"MiniJira.Services.ColumnService","TransportConnectionId":"UJb-UakK1nIn3wjT7P17Jw","RequestId":"0HNGF66PUCNTA:0000001D","RequestPath":"/_blazor","ConnectionId":"0HNGF66PUCNTA","Application":"MiniJira"}
2025-10-19 19:05:45.401 +02:00 [WRN] Compiling a query which loads related collections for more than one collection navigation, either via 'Include' or through projection, but no 'QuerySplittingBehavior' has been configured. By default, Entity Framework will use 'QuerySplittingBehavior.SingleQuery', which can potentially result in slow query performance. See https://go.microsoft.com/fwlink/?linkid=2134277 for more information. To identify the query that's triggering this warning call 'ConfigureWarnings(w => w.Throw(RelationalEventId.MultipleCollectionIncludeWarning))'. {"EventId":{"Id":20504,"Name":"Microsoft.EntityFrameworkCore.Query.MultipleCollectionIncludeWarning"},"SourceContext":"Microsoft.EntityFrameworkCore.Query","TransportConnectionId":"UJb-UakK1nIn3wjT7P17Jw","RequestId":"0HNGF66PUCNTA:0000001D","RequestPath":"/_blazor","ConnectionId":"0HNGF66PUCNTA","Application":"MiniJira"}
2025-10-19 19:05:45.514 +02:00 [INF] Retrieving all tasks {"SourceContext":"MiniJira.Services.TaskService","TransportConnectionId":"UJb-UakK1nIn3wjT7P17Jw","RequestId":"0HNGF66PUCNTA:0000001D","RequestPath":"/_blazor","ConnectionId":"0HNGF66PUCNTA","Application":"MiniJira"}
2025-10-19 19:06:00.049 +02:00 [INF] Retrieving task with ID "b93754f7-233b-40fd-9bb2-5b5cf6cfb246" {"SourceContext":"MiniJira.Services.TaskService","TransportConnectionId":"UJb-UakK1nIn3wjT7P17Jw","RequestId":"0HNGF66PUCNTA:0000001D","RequestPath":"/_blazor","ConnectionId":"0HNGF66PUCNTA","Application":"MiniJira"}
2025-10-19 19:06:00.079 +02:00 [INF] Retrieving all columns for culture en-US {"SourceContext":"MiniJira.Services.ColumnService","TransportConnectionId":"UJb-UakK1nIn3wjT7P17Jw","RequestId":"0HNGF66PUCNTA:0000001D","RequestPath":"/_blazor","ConnectionId":"0HNGF66PUCNTA","Application":"MiniJira"}
2025-10-19 19:06:00.086 +02:00 [INF] Retrieving distinct customer names {"SourceContext":"MiniJira.Services.TaskService","TransportConnectionId":"UJb-UakK1nIn3wjT7P17Jw","RequestId":"0HNGF66PUCNTA:0000001D","RequestPath":"/_blazor","ConnectionId":"0HNGF66PUCNTA","Application":"MiniJira"}
2025-10-19 19:06:00.284 +02:00 [WRN] Compiling a query which loads related collections for more than one collection navigation, either via 'Include' or through projection, but no 'QuerySplittingBehavior' has been configured. By default, Entity Framework will use 'QuerySplittingBehavior.SingleQuery', which can potentially result in slow query performance. See https://go.microsoft.com/fwlink/?linkid=2134277 for more information. To identify the query that's triggering this warning call 'ConfigureWarnings(w => w.Throw(RelationalEventId.MultipleCollectionIncludeWarning))'. {"EventId":{"Id":20504,"Name":"Microsoft.EntityFrameworkCore.Query.MultipleCollectionIncludeWarning"},"SourceContext":"Microsoft.EntityFrameworkCore.Query","TransportConnectionId":"UJb-UakK1nIn3wjT7P17Jw","RequestId":"0HNGF66PUCNTA:0000001D","RequestPath":"/_blazor","ConnectionId":"0HNGF66PUCNTA","Application":"MiniJira"}
2025-10-19 19:06:00.464 +02:00 [INF] Retrieving owner history for task "b93754f7-233b-40fd-9bb2-5b5cf6cfb246" {"SourceContext":"MiniJira.Services.TaskService","TransportConnectionId":"UJb-UakK1nIn3wjT7P17Jw","RequestId":"0HNGF66PUCNTA:0000001D","RequestPath":"/_blazor","ConnectionId":"0HNGF66PUCNTA","Application":"MiniJira"}
2025-10-19 19:06:00.481 +02:00 [INF] Retrieving owner history for task "b93754f7-233b-40fd-9bb2-5b5cf6cfb246" {"SourceContext":"MiniJira.Services.TaskService","TransportConnectionId":"UJb-UakK1nIn3wjT7P17Jw","RequestId":"0HNGF66PUCNTA:0000001D","RequestPath":"/_blazor","ConnectionId":"0HNGF66PUCNTA","Application":"MiniJira"}
2025-10-19 19:06:25.161 +02:00 [WRN] Unhandled exception rendering component: Cannot read properties of null (reading 'click')
TypeError: Cannot read properties of null (reading 'click')
    at eval (eval at <anonymous> (https://localhost:7105/_framework/blazor.server.js:1:3047), <anonymous>:1:72)
    at eval (<anonymous>)
    at https://localhost:7105/_framework/blazor.server.js:1:3047
    at new Promise (<anonymous>)
    at y.beginInvokeJSFromDotNet (https://localhost:7105/_framework/blazor.server.js:1:3004)
    at Xt._invokeClientMethod (https://localhost:7105/_framework/blazor.server.js:1:60890)
    at Xt._processIncomingData (https://localhost:7105/_framework/blazor.server.js:1:58279)
    at Xt.connection.onreceive (https://localhost:7105/_framework/blazor.server.js:1:51920)
    at s.onmessage (https://localhost:7105/_framework/blazor.server.js:1:80026) {"EventId":{"Id":100,"Name":"ExceptionRenderingComponent"},"SourceContext":"Microsoft.AspNetCore.Components.Server.Circuits.RemoteRenderer","TransportConnectionId":"UJb-UakK1nIn3wjT7P17Jw","RequestId":"0HNGF66PUCNTA:0000001D","RequestPath":"/_blazor","ConnectionId":"0HNGF66PUCNTA","Application":"MiniJira"}
Microsoft.JSInterop.JSException: Cannot read properties of null (reading 'click')
TypeError: Cannot read properties of null (reading 'click')
    at eval (eval at <anonymous> (https://localhost:7105/_framework/blazor.server.js:1:3047), <anonymous>:1:72)
    at eval (<anonymous>)
    at https://localhost:7105/_framework/blazor.server.js:1:3047
    at new Promise (<anonymous>)
    at y.beginInvokeJSFromDotNet (https://localhost:7105/_framework/blazor.server.js:1:3004)
    at Xt._invokeClientMethod (https://localhost:7105/_framework/blazor.server.js:1:60890)
    at Xt._processIncomingData (https://localhost:7105/_framework/blazor.server.js:1:58279)
    at Xt.connection.onreceive (https://localhost:7105/_framework/blazor.server.js:1:51920)
    at s.onmessage (https://localhost:7105/_framework/blazor.server.js:1:80026)
   at Microsoft.JSInterop.JSRuntime.InvokeAsync[TValue](Int64 targetInstanceId, String identifier, Object[] args)
   at Microsoft.JSInterop.JSRuntimeExtensions.InvokeVoidAsync(IJSRuntime jsRuntime, String identifier, Object[] args)
   at MiniJira.Components.WorkOrder.WorkOrderView.TriggerFileInput() in D:\KimiAi\MiniJira\MiniJira\MiniJira\Components\WorkOrder\WorkOrderView.razor.cs:line 395
   at Microsoft.AspNetCore.Components.ComponentBase.CallStateHasChangedOnAsyncCompletion(Task task)
   at Microsoft.AspNetCore.Components.RenderTree.Renderer.GetErrorHandledTask(Task taskToHandle, ComponentState owningComponentState)
2025-10-19 19:06:25.191 +02:00 [ERR] Unhandled exception in circuit 'lHG7118vuDsTHmOYmapBtwCgfM4YJ6uwXmwXsRDasIg'. {"EventId":{"Id":111,"Name":"CircuitUnhandledException"},"SourceContext":"Microsoft.AspNetCore.Components.Server.Circuits.CircuitHost","TransportConnectionId":"UJb-UakK1nIn3wjT7P17Jw","RequestId":"0HNGF66PUCNTA:0000001D","RequestPath":"/_blazor","ConnectionId":"0HNGF66PUCNTA","Application":"MiniJira"}
Microsoft.JSInterop.JSException: Cannot read properties of null (reading 'click')
TypeError: Cannot read properties of null (reading 'click')
    at eval (eval at <anonymous> (https://localhost:7105/_framework/blazor.server.js:1:3047), <anonymous>:1:72)
    at eval (<anonymous>)
    at https://localhost:7105/_framework/blazor.server.js:1:3047
    at new Promise (<anonymous>)
    at y.beginInvokeJSFromDotNet (https://localhost:7105/_framework/blazor.server.js:1:3004)
    at Xt._invokeClientMethod (https://localhost:7105/_framework/blazor.server.js:1:60890)
    at Xt._processIncomingData (https://localhost:7105/_framework/blazor.server.js:1:58279)
    at Xt.connection.onreceive (https://localhost:7105/_framework/blazor.server.js:1:51920)
    at s.onmessage (https://localhost:7105/_framework/blazor.server.js:1:80026)
   at Microsoft.JSInterop.JSRuntime.InvokeAsync[TValue](Int64 targetInstanceId, String identifier, Object[] args)
   at Microsoft.JSInterop.JSRuntimeExtensions.InvokeVoidAsync(IJSRuntime jsRuntime, String identifier, Object[] args)
   at MiniJira.Components.WorkOrder.WorkOrderView.TriggerFileInput() in D:\KimiAi\MiniJira\MiniJira\MiniJira\Components\WorkOrder\WorkOrderView.razor.cs:line 395
   at Microsoft.AspNetCore.Components.ComponentBase.CallStateHasChangedOnAsyncCompletion(Task task)
   at Microsoft.AspNetCore.Components.RenderTree.Renderer.GetErrorHandledTask(Task taskToHandle, ComponentState owningComponentState)
2025-10-19 19:06:25.201 +02:00 [WRN] Unhandled exception rendering component: JavaScript interop calls cannot be issued at this time. This is because the circuit has disconnected and is being disposed. {"EventId":{"Id":100,"Name":"ExceptionRenderingComponent"},"SourceContext":"Microsoft.AspNetCore.Components.Server.Circuits.RemoteRenderer","TransportConnectionId":"UJb-UakK1nIn3wjT7P17Jw","RequestId":"0HNGF66PUCNTA:0000001D","RequestPath":"/_blazor","ConnectionId":"0HNGF66PUCNTA","Application":"MiniJira"}
Microsoft.JSInterop.JSDisconnectedException: JavaScript interop calls cannot be issued at this time. This is because the circuit has disconnected and is being disposed.
   at Microsoft.AspNetCore.Components.Server.Circuits.RemoteJSRuntime.BeginInvokeJS(Int64 asyncHandle, String identifier, String argsJson, JSCallResultType resultType, Int64 targetInstanceId)
   at Microsoft.JSInterop.JSRuntime.InvokeAsync[TValue](Int64 targetInstanceId, String identifier, CancellationToken cancellationToken, Object[] args)
   at Microsoft.JSInterop.JSRuntime.InvokeAsync[TValue](Int64 targetInstanceId, String identifier, Object[] args)
   at Microsoft.JSInterop.JSRuntimeExtensions.InvokeVoidAsync(IJSRuntime jsRuntime, String identifier, Object[] args)
   at Microsoft.JSInterop.Implementation.JSObjectReference.DisposeAsync()
   at MiniJira.Shared.MainLayout.DisposeAsync() in D:\KimiAi\MiniJira\MiniJira\MiniJira\Shared\MainLayout.razor.cs:line 132
   at Microsoft.AspNetCore.Components.RenderTree.Renderer.<>c__DisplayClass85_0.<<Dispose>g__HandleAsyncExceptions|1>d.MoveNext()
2025-10-19 19:06:25.203 +02:00 [ERR] Unhandled exception in circuit 'lHG7118vuDsTHmOYmapBtwCgfM4YJ6uwXmwXsRDasIg'. {"EventId":{"Id":111,"Name":"CircuitUnhandledException"},"SourceContext":"Microsoft.AspNetCore.Components.Server.Circuits.CircuitHost","TransportConnectionId":"UJb-UakK1nIn3wjT7P17Jw","RequestId":"0HNGF66PUCNTA:0000001D","RequestPath":"/_blazor","ConnectionId":"0HNGF66PUCNTA","Application":"MiniJira"}
Microsoft.JSInterop.JSDisconnectedException: JavaScript interop calls cannot be issued at this time. This is because the circuit has disconnected and is being disposed.
   at Microsoft.AspNetCore.Components.Server.Circuits.RemoteJSRuntime.BeginInvokeJS(Int64 asyncHandle, String identifier, String argsJson, JSCallResultType resultType, Int64 targetInstanceId)
   at Microsoft.JSInterop.JSRuntime.InvokeAsync[TValue](Int64 targetInstanceId, String identifier, CancellationToken cancellationToken, Object[] args)
   at Microsoft.JSInterop.JSRuntime.InvokeAsync[TValue](Int64 targetInstanceId, String identifier, Object[] args)
   at Microsoft.JSInterop.JSRuntimeExtensions.InvokeVoidAsync(IJSRuntime jsRuntime, String identifier, Object[] args)
   at Microsoft.JSInterop.Implementation.JSObjectReference.DisposeAsync()
   at MiniJira.Shared.MainLayout.DisposeAsync() in D:\KimiAi\MiniJira\MiniJira\MiniJira\Shared\MainLayout.razor.cs:line 132
   at Microsoft.AspNetCore.Components.RenderTree.Renderer.<>c__DisplayClass85_0.<<Dispose>g__HandleAsyncExceptions|1>d.MoveNext()
2025-10-19 19:10:21.528 +02:00 [INF] Applying database migrations... {"SourceContext":"Program","Application":"MiniJira"}
2025-10-19 19:10:22.086 +02:00 [WRN] The 'TaskPriority' property 'Priority' on entity type 'Task' is configured with a database-generated default, but has no configured sentinel value. The database-generated default will always be used for inserts when the property has the value 'Low', since this is the CLR default for the 'TaskPriority' type. Consider using a nullable type, using a nullable backing field, or setting the sentinel value for the property to ensure the database default is used when, and only when, appropriate. See https://aka.ms/efcore-docs-default-values for more information. {"EventId":{"Id":20601,"Name":"Microsoft.EntityFrameworkCore.Model.Validation.BoolWithDefaultWarning"},"SourceContext":"Microsoft.EntityFrameworkCore.Model.Validation","Application":"MiniJira"}
2025-10-19 19:10:22.260 +02:00 [INF] Acquiring an exclusive lock for migration application. See https://aka.ms/efcore-docs-migrations-lock for more information if this takes too long. {"EventId":{"Id":20411,"Name":"Microsoft.EntityFrameworkCore.Migrations.AcquiringMigrationLock"},"SourceContext":"Microsoft.EntityFrameworkCore.Migrations","Application":"MiniJira"}
2025-10-19 19:10:22.371 +02:00 [INF] No migrations were applied. The database is already up to date. {"EventId":{"Id":20405,"Name":"Microsoft.EntityFrameworkCore.Migrations.MigrationsNotApplied"},"SourceContext":"Microsoft.EntityFrameworkCore.Migrations","Application":"MiniJira"}
2025-10-19 19:10:22.377 +02:00 [INF] Database migrations applied successfully {"SourceContext":"Program","Application":"MiniJira"}
2025-10-19 19:10:22.673 +02:00 [INF] Now listening on: https://localhost:7105 {"EventId":{"Id":14,"Name":"ListeningOnAddress"},"SourceContext":"Microsoft.Hosting.Lifetime","Application":"MiniJira"}
2025-10-19 19:10:22.674 +02:00 [INF] Now listening on: http://localhost:5194 {"EventId":{"Id":14,"Name":"ListeningOnAddress"},"SourceContext":"Microsoft.Hosting.Lifetime","Application":"MiniJira"}
2025-10-19 19:10:22.674 +02:00 [INF] Application started. Press Ctrl+C to shut down. {"SourceContext":"Microsoft.Hosting.Lifetime","Application":"MiniJira"}
2025-10-19 19:10:22.675 +02:00 [INF] Hosting environment: Development {"SourceContext":"Microsoft.Hosting.Lifetime","Application":"MiniJira"}
2025-10-19 19:10:22.675 +02:00 [INF] Content root path: D:\KimiAi\MiniJira\MiniJira\MiniJira {"SourceContext":"Microsoft.Hosting.Lifetime","Application":"MiniJira"}
2025-10-19 19:10:41.316 +02:00 [INF] Retrieving task with ID "b93754f7-233b-40fd-9bb2-5b5cf6cfb246" {"SourceContext":"MiniJira.Services.TaskService","ActionId":"95c85530-b44b-42eb-9b76-60ea48d453e8","ActionName":"/_Host","RequestId":"0HNGF69N93EPG:00000001","RequestPath":"/task/b93754f7-233b-40fd-9bb2-5b5cf6cfb246","ConnectionId":"0HNGF69N93EPG","Application":"MiniJira"}
2025-10-19 19:10:41.577 +02:00 [INF] Retrieving all columns for culture en-US {"SourceContext":"MiniJira.Services.ColumnService","ActionId":"95c85530-b44b-42eb-9b76-60ea48d453e8","ActionName":"/_Host","RequestId":"0HNGF69N93EPG:00000001","RequestPath":"/task/b93754f7-233b-40fd-9bb2-5b5cf6cfb246","ConnectionId":"0HNGF69N93EPG","Application":"MiniJira"}
2025-10-19 19:10:41.634 +02:00 [WRN] Compiling a query which loads related collections for more than one collection navigation, either via 'Include' or through projection, but no 'QuerySplittingBehavior' has been configured. By default, Entity Framework will use 'QuerySplittingBehavior.SingleQuery', which can potentially result in slow query performance. See https://go.microsoft.com/fwlink/?linkid=2134277 for more information. To identify the query that's triggering this warning call 'ConfigureWarnings(w => w.Throw(RelationalEventId.MultipleCollectionIncludeWarning))'. {"EventId":{"Id":20504,"Name":"Microsoft.EntityFrameworkCore.Query.MultipleCollectionIncludeWarning"},"SourceContext":"Microsoft.EntityFrameworkCore.Query","ActionId":"95c85530-b44b-42eb-9b76-60ea48d453e8","ActionName":"/_Host","RequestId":"0HNGF69N93EPG:00000001","RequestPath":"/task/b93754f7-233b-40fd-9bb2-5b5cf6cfb246","ConnectionId":"0HNGF69N93EPG","Application":"MiniJira"}
2025-10-19 19:10:41.665 +02:00 [INF] Retrieving distinct customer names {"SourceContext":"MiniJira.Services.TaskService","ActionId":"95c85530-b44b-42eb-9b76-60ea48d453e8","ActionName":"/_Host","RequestId":"0HNGF69N93EPG:00000001","RequestPath":"/task/b93754f7-233b-40fd-9bb2-5b5cf6cfb246","ConnectionId":"0HNGF69N93EPG","Application":"MiniJira"}
2025-10-19 19:10:41.815 +02:00 [WRN] Compiling a query which loads related collections for more than one collection navigation, either via 'Include' or through projection, but no 'QuerySplittingBehavior' has been configured. By default, Entity Framework will use 'QuerySplittingBehavior.SingleQuery', which can potentially result in slow query performance. See https://go.microsoft.com/fwlink/?linkid=2134277 for more information. To identify the query that's triggering this warning call 'ConfigureWarnings(w => w.Throw(RelationalEventId.MultipleCollectionIncludeWarning))'. {"EventId":{"Id":20504,"Name":"Microsoft.EntityFrameworkCore.Query.MultipleCollectionIncludeWarning"},"SourceContext":"Microsoft.EntityFrameworkCore.Query","ActionId":"95c85530-b44b-42eb-9b76-60ea48d453e8","ActionName":"/_Host","RequestId":"0HNGF69N93EPG:00000001","RequestPath":"/task/b93754f7-233b-40fd-9bb2-5b5cf6cfb246","ConnectionId":"0HNGF69N93EPG","Application":"MiniJira"}
2025-10-19 19:10:41.948 +02:00 [INF] Retrieving owner history for task "b93754f7-233b-40fd-9bb2-5b5cf6cfb246" {"SourceContext":"MiniJira.Services.TaskService","ActionId":"95c85530-b44b-42eb-9b76-60ea48d453e8","ActionName":"/_Host","RequestId":"0HNGF69N93EPG:00000001","RequestPath":"/task/b93754f7-233b-40fd-9bb2-5b5cf6cfb246","ConnectionId":"0HNGF69N93EPG","Application":"MiniJira"}
2025-10-19 19:10:41.963 +02:00 [INF] Retrieving owner history for task "b93754f7-233b-40fd-9bb2-5b5cf6cfb246" {"SourceContext":"MiniJira.Services.TaskService","ActionId":"95c85530-b44b-42eb-9b76-60ea48d453e8","ActionName":"/_Host","RequestId":"0HNGF69N93EPG:00000001","RequestPath":"/task/b93754f7-233b-40fd-9bb2-5b5cf6cfb246","ConnectionId":"0HNGF69N93EPG","Application":"MiniJira"}
2025-10-19 19:10:42.267 +02:00 [INF] Retrieving task with ID "b93754f7-233b-40fd-9bb2-5b5cf6cfb246" {"SourceContext":"MiniJira.Services.TaskService","TransportConnectionId":"5VbhuwU2lCu_ruonrefn6Q","RequestId":"0HNGF69N93EPG:0000000B","RequestPath":"/_blazor","ConnectionId":"0HNGF69N93EPG","Application":"MiniJira"}
2025-10-19 19:10:42.269 +02:00 [INF] Retrieving all columns for culture en-US {"SourceContext":"MiniJira.Services.ColumnService","TransportConnectionId":"5VbhuwU2lCu_ruonrefn6Q","RequestId":"0HNGF69N93EPG:0000000B","RequestPath":"/_blazor","ConnectionId":"0HNGF69N93EPG","Application":"MiniJira"}
2025-10-19 19:10:42.271 +02:00 [INF] Retrieving distinct customer names {"SourceContext":"MiniJira.Services.TaskService","TransportConnectionId":"5VbhuwU2lCu_ruonrefn6Q","RequestId":"0HNGF69N93EPG:0000000B","RequestPath":"/_blazor","ConnectionId":"0HNGF69N93EPG","Application":"MiniJira"}
2025-10-19 19:10:42.279 +02:00 [INF] Retrieving owner history for task "b93754f7-233b-40fd-9bb2-5b5cf6cfb246" {"SourceContext":"MiniJira.Services.TaskService","TransportConnectionId":"5VbhuwU2lCu_ruonrefn6Q","RequestId":"0HNGF69N93EPG:0000000B","RequestPath":"/_blazor","ConnectionId":"0HNGF69N93EPG","Application":"MiniJira"}
2025-10-19 19:10:42.280 +02:00 [INF] Retrieving owner history for task "b93754f7-233b-40fd-9bb2-5b5cf6cfb246" {"SourceContext":"MiniJira.Services.TaskService","TransportConnectionId":"5VbhuwU2lCu_ruonrefn6Q","RequestId":"0HNGF69N93EPG:0000000B","RequestPath":"/_blazor","ConnectionId":"0HNGF69N93EPG","Application":"MiniJira"}
2025-10-19 19:28:05.102 +02:00 [INF] Applying database migrations... {"SourceContext":"Program","Application":"MiniJira"}
2025-10-19 19:28:05.811 +02:00 [WRN] The 'TaskPriority' property 'Priority' on entity type 'Task' is configured with a database-generated default, but has no configured sentinel value. The database-generated default will always be used for inserts when the property has the value 'Low', since this is the CLR default for the 'TaskPriority' type. Consider using a nullable type, using a nullable backing field, or setting the sentinel value for the property to ensure the database default is used when, and only when, appropriate. See https://aka.ms/efcore-docs-default-values for more information. {"EventId":{"Id":20601,"Name":"Microsoft.EntityFrameworkCore.Model.Validation.BoolWithDefaultWarning"},"SourceContext":"Microsoft.EntityFrameworkCore.Model.Validation","Application":"MiniJira"}
2025-10-19 19:28:06.084 +02:00 [INF] Acquiring an exclusive lock for migration application. See https://aka.ms/efcore-docs-migrations-lock for more information if this takes too long. {"EventId":{"Id":20411,"Name":"Microsoft.EntityFrameworkCore.Migrations.AcquiringMigrationLock"},"SourceContext":"Microsoft.EntityFrameworkCore.Migrations","Application":"MiniJira"}
2025-10-19 19:28:06.193 +02:00 [INF] No migrations were applied. The database is already up to date. {"EventId":{"Id":20405,"Name":"Microsoft.EntityFrameworkCore.Migrations.MigrationsNotApplied"},"SourceContext":"Microsoft.EntityFrameworkCore.Migrations","Application":"MiniJira"}
2025-10-19 19:28:06.206 +02:00 [INF] Database migrations applied successfully {"SourceContext":"Program","Application":"MiniJira"}
2025-10-19 19:28:06.720 +02:00 [INF] Now listening on: https://localhost:7105 {"EventId":{"Id":14,"Name":"ListeningOnAddress"},"SourceContext":"Microsoft.Hosting.Lifetime","Application":"MiniJira"}
2025-10-19 19:28:06.725 +02:00 [INF] Now listening on: http://localhost:5194 {"EventId":{"Id":14,"Name":"ListeningOnAddress"},"SourceContext":"Microsoft.Hosting.Lifetime","Application":"MiniJira"}
2025-10-19 19:28:06.809 +02:00 [INF] Application started. Press Ctrl+C to shut down. {"SourceContext":"Microsoft.Hosting.Lifetime","Application":"MiniJira"}
2025-10-19 19:28:06.813 +02:00 [INF] Hosting environment: Development {"SourceContext":"Microsoft.Hosting.Lifetime","Application":"MiniJira"}
2025-10-19 19:28:06.816 +02:00 [INF] Content root path: D:\KimiAi\MiniJira\MiniJira\MiniJira {"SourceContext":"Microsoft.Hosting.Lifetime","Application":"MiniJira"}
2025-10-19 19:29:24.963 +02:00 [INF] Retrieving all columns for culture hr-HR {"SourceContext":"MiniJira.Services.ColumnService","TransportConnectionId":"Rj7mAu1tIwyoOrE0oj9X4Q","RequestId":"0HNGF6JEVVPG2:0000000D","RequestPath":"/_blazor","ConnectionId":"0HNGF6JEVVPG2","Application":"MiniJira"}
2025-10-19 19:29:25.512 +02:00 [WRN] Compiling a query which loads related collections for more than one collection navigation, either via 'Include' or through projection, but no 'QuerySplittingBehavior' has been configured. By default, Entity Framework will use 'QuerySplittingBehavior.SingleQuery', which can potentially result in slow query performance. See https://go.microsoft.com/fwlink/?linkid=2134277 for more information. To identify the query that's triggering this warning call 'ConfigureWarnings(w => w.Throw(RelationalEventId.MultipleCollectionIncludeWarning))'. {"EventId":{"Id":20504,"Name":"Microsoft.EntityFrameworkCore.Query.MultipleCollectionIncludeWarning"},"SourceContext":"Microsoft.EntityFrameworkCore.Query","TransportConnectionId":"Rj7mAu1tIwyoOrE0oj9X4Q","RequestId":"0HNGF6JEVVPG2:0000000D","RequestPath":"/_blazor","ConnectionId":"0HNGF6JEVVPG2","Application":"MiniJira"}
2025-10-19 19:29:25.667 +02:00 [INF] Retrieving all tasks {"SourceContext":"MiniJira.Services.TaskService","TransportConnectionId":"Rj7mAu1tIwyoOrE0oj9X4Q","RequestId":"0HNGF6JEVVPG2:0000000D","RequestPath":"/_blazor","ConnectionId":"0HNGF6JEVVPG2","Application":"MiniJira"}
2025-10-19 19:29:29.753 +02:00 [INF] Retrieving task with ID "b93754f7-233b-40fd-9bb2-5b5cf6cfb246" {"SourceContext":"MiniJira.Services.TaskService","TransportConnectionId":"Rj7mAu1tIwyoOrE0oj9X4Q","RequestId":"0HNGF6JEVVPG2:0000000D","RequestPath":"/_blazor","ConnectionId":"0HNGF6JEVVPG2","Application":"MiniJira"}
2025-10-19 19:29:29.795 +02:00 [INF] Retrieving all columns for culture hr-HR {"SourceContext":"MiniJira.Services.ColumnService","TransportConnectionId":"Rj7mAu1tIwyoOrE0oj9X4Q","RequestId":"0HNGF6JEVVPG2:0000000D","RequestPath":"/_blazor","ConnectionId":"0HNGF6JEVVPG2","Application":"MiniJira"}
2025-10-19 19:29:29.809 +02:00 [INF] Retrieving distinct customer names {"SourceContext":"MiniJira.Services.TaskService","TransportConnectionId":"Rj7mAu1tIwyoOrE0oj9X4Q","RequestId":"0HNGF6JEVVPG2:0000000D","RequestPath":"/_blazor","ConnectionId":"0HNGF6JEVVPG2","Application":"MiniJira"}
2025-10-19 19:29:30.050 +02:00 [WRN] Compiling a query which loads related collections for more than one collection navigation, either via 'Include' or through projection, but no 'QuerySplittingBehavior' has been configured. By default, Entity Framework will use 'QuerySplittingBehavior.SingleQuery', which can potentially result in slow query performance. See https://go.microsoft.com/fwlink/?linkid=2134277 for more information. To identify the query that's triggering this warning call 'ConfigureWarnings(w => w.Throw(RelationalEventId.MultipleCollectionIncludeWarning))'. {"EventId":{"Id":20504,"Name":"Microsoft.EntityFrameworkCore.Query.MultipleCollectionIncludeWarning"},"SourceContext":"Microsoft.EntityFrameworkCore.Query","TransportConnectionId":"Rj7mAu1tIwyoOrE0oj9X4Q","RequestId":"0HNGF6JEVVPG2:0000000D","RequestPath":"/_blazor","ConnectionId":"0HNGF6JEVVPG2","Application":"MiniJira"}
2025-10-19 19:29:30.227 +02:00 [INF] Retrieving owner history for task "b93754f7-233b-40fd-9bb2-5b5cf6cfb246" {"SourceContext":"MiniJira.Services.TaskService","TransportConnectionId":"Rj7mAu1tIwyoOrE0oj9X4Q","RequestId":"0HNGF6JEVVPG2:0000000D","RequestPath":"/_blazor","ConnectionId":"0HNGF6JEVVPG2","Application":"MiniJira"}
2025-10-19 19:29:30.245 +02:00 [INF] Retrieving owner history for task "b93754f7-233b-40fd-9bb2-5b5cf6cfb246" {"SourceContext":"MiniJira.Services.TaskService","TransportConnectionId":"Rj7mAu1tIwyoOrE0oj9X4Q","RequestId":"0HNGF6JEVVPG2:0000000D","RequestPath":"/_blazor","ConnectionId":"0HNGF6JEVVPG2","Application":"MiniJira"}
2025-10-19 19:29:42.247 +02:00 [ERR] Error importing Excel file {"SourceContext":"MiniJira.Components.WorkOrder.WorkOrderView","TransportConnectionId":"Rj7mAu1tIwyoOrE0oj9X4Q","RequestId":"0HNGF6JEVVPG2:0000000D","RequestPath":"/_blazor","ConnectionId":"0HNGF6JEVVPG2","Application":"MiniJira"}
System.InvalidOperationException: An invalid request URI was provided. Either the request URI must be an absolute URI or BaseAddress must be set.
   at System.Net.Http.HttpClient.PrepareRequestMessage(HttpRequestMessage request)
   at System.Net.Http.HttpClient.SendAsync(HttpRequestMessage request, HttpCompletionOption completionOption, CancellationToken cancellationToken)
   at MiniJira.Components.WorkOrder.WorkOrderView.HandleFileSelected(InputFileChangeEventArgs e) in D:\KimiAi\MiniJira\MiniJira\MiniJira\Components\WorkOrder\WorkOrderView.razor.cs:line 422
2025-10-19 19:30:43.813 +02:00 [INF] Retrieving task with ID "b93754f7-233b-40fd-9bb2-5b5cf6cfb246" {"SourceContext":"MiniJira.Services.TaskService","ActionId":"62f6b4ea-a470-4be6-8e8e-b94f4df9c473","ActionName":"/_Host","RequestId":"0HNGF6JEVVPG3:00000001","RequestPath":"/task/b93754f7-233b-40fd-9bb2-5b5cf6cfb246","ConnectionId":"0HNGF6JEVVPG3","Application":"MiniJira"}
2025-10-19 19:30:43.823 +02:00 [INF] Retrieving all columns for culture en-US {"SourceContext":"MiniJira.Services.ColumnService","ActionId":"62f6b4ea-a470-4be6-8e8e-b94f4df9c473","ActionName":"/_Host","RequestId":"0HNGF6JEVVPG3:00000001","RequestPath":"/task/b93754f7-233b-40fd-9bb2-5b5cf6cfb246","ConnectionId":"0HNGF6JEVVPG3","Application":"MiniJira"}
2025-10-19 19:30:43.831 +02:00 [INF] Retrieving distinct customer names {"SourceContext":"MiniJira.Services.TaskService","ActionId":"62f6b4ea-a470-4be6-8e8e-b94f4df9c473","ActionName":"/_Host","RequestId":"0HNGF6JEVVPG3:00000001","RequestPath":"/task/b93754f7-233b-40fd-9bb2-5b5cf6cfb246","ConnectionId":"0HNGF6JEVVPG3","Application":"MiniJira"}
2025-10-19 19:30:43.846 +02:00 [INF] Retrieving owner history for task "b93754f7-233b-40fd-9bb2-5b5cf6cfb246" {"SourceContext":"MiniJira.Services.TaskService","ActionId":"62f6b4ea-a470-4be6-8e8e-b94f4df9c473","ActionName":"/_Host","RequestId":"0HNGF6JEVVPG3:00000001","RequestPath":"/task/b93754f7-233b-40fd-9bb2-5b5cf6cfb246","ConnectionId":"0HNGF6JEVVPG3","Application":"MiniJira"}
2025-10-19 19:30:43.854 +02:00 [INF] Retrieving owner history for task "b93754f7-233b-40fd-9bb2-5b5cf6cfb246" {"SourceContext":"MiniJira.Services.TaskService","ActionId":"62f6b4ea-a470-4be6-8e8e-b94f4df9c473","ActionName":"/_Host","RequestId":"0HNGF6JEVVPG3:00000001","RequestPath":"/task/b93754f7-233b-40fd-9bb2-5b5cf6cfb246","ConnectionId":"0HNGF6JEVVPG3","Application":"MiniJira"}
2025-10-19 19:30:44.077 +02:00 [INF] Retrieving task with ID "b93754f7-233b-40fd-9bb2-5b5cf6cfb246" {"SourceContext":"MiniJira.Services.TaskService","TransportConnectionId":"WBAdKpNAiijuGvVE1uaqiQ","RequestId":"0HNGF6JEVVPG3:0000000D","RequestPath":"/_blazor","ConnectionId":"0HNGF6JEVVPG3","Application":"MiniJira"}
2025-10-19 19:30:44.100 +02:00 [INF] Retrieving all columns for culture en-US {"SourceContext":"MiniJira.Services.ColumnService","TransportConnectionId":"WBAdKpNAiijuGvVE1uaqiQ","RequestId":"0HNGF6JEVVPG3:0000000D","RequestPath":"/_blazor","ConnectionId":"0HNGF6JEVVPG3","Application":"MiniJira"}
2025-10-19 19:30:44.108 +02:00 [INF] Retrieving distinct customer names {"SourceContext":"MiniJira.Services.TaskService","TransportConnectionId":"WBAdKpNAiijuGvVE1uaqiQ","RequestId":"0HNGF6JEVVPG3:0000000D","RequestPath":"/_blazor","ConnectionId":"0HNGF6JEVVPG3","Application":"MiniJira"}
2025-10-19 19:30:44.124 +02:00 [INF] Retrieving owner history for task "b93754f7-233b-40fd-9bb2-5b5cf6cfb246" {"SourceContext":"MiniJira.Services.TaskService","TransportConnectionId":"WBAdKpNAiijuGvVE1uaqiQ","RequestId":"0HNGF6JEVVPG3:0000000D","RequestPath":"/_blazor","ConnectionId":"0HNGF6JEVVPG3","Application":"MiniJira"}
2025-10-19 19:30:44.132 +02:00 [INF] Retrieving owner history for task "b93754f7-233b-40fd-9bb2-5b5cf6cfb246" {"SourceContext":"MiniJira.Services.TaskService","TransportConnectionId":"WBAdKpNAiijuGvVE1uaqiQ","RequestId":"0HNGF6JEVVPG3:0000000D","RequestPath":"/_blazor","ConnectionId":"0HNGF6JEVVPG3","Application":"MiniJira"}
2025-10-19 19:31:29.158 +02:00 [ERR] Error importing Excel file {"SourceContext":"MiniJira.Components.WorkOrder.WorkOrderView","TransportConnectionId":"WBAdKpNAiijuGvVE1uaqiQ","RequestId":"0HNGF6JEVVPG3:0000000D","RequestPath":"/_blazor","ConnectionId":"0HNGF6JEVVPG3","Application":"MiniJira"}
System.InvalidOperationException: An invalid request URI was provided. Either the request URI must be an absolute URI or BaseAddress must be set.
   at System.Net.Http.HttpClient.PrepareRequestMessage(HttpRequestMessage request)
   at System.Net.Http.HttpClient.SendAsync(HttpRequestMessage request, HttpCompletionOption completionOption, CancellationToken cancellationToken)
   at MiniJira.Components.WorkOrder.WorkOrderView.HandleFileSelected(InputFileChangeEventArgs e) in D:\KimiAi\MiniJira\MiniJira\MiniJira\Components\WorkOrder\WorkOrderView.razor.cs:line 422
2025-10-19 19:32:42.865 +02:00 [INF] Retrieving task with ID "b93754f7-233b-40fd-9bb2-5b5cf6cfb246" {"SourceContext":"MiniJira.Services.TaskService","ActionId":"62f6b4ea-a470-4be6-8e8e-b94f4df9c473","ActionName":"/_Host","RequestId":"0HNGF6JEVVPG4:00000001","RequestPath":"/task/b93754f7-233b-40fd-9bb2-5b5cf6cfb246","ConnectionId":"0HNGF6JEVVPG4","Application":"MiniJira"}
2025-10-19 19:32:42.873 +02:00 [INF] Retrieving all columns for culture en-US {"SourceContext":"MiniJira.Services.ColumnService","ActionId":"62f6b4ea-a470-4be6-8e8e-b94f4df9c473","ActionName":"/_Host","RequestId":"0HNGF6JEVVPG4:00000001","RequestPath":"/task/b93754f7-233b-40fd-9bb2-5b5cf6cfb246","ConnectionId":"0HNGF6JEVVPG4","Application":"MiniJira"}
2025-10-19 19:32:42.880 +02:00 [INF] Retrieving distinct customer names {"SourceContext":"MiniJira.Services.TaskService","ActionId":"62f6b4ea-a470-4be6-8e8e-b94f4df9c473","ActionName":"/_Host","RequestId":"0HNGF6JEVVPG4:00000001","RequestPath":"/task/b93754f7-233b-40fd-9bb2-5b5cf6cfb246","ConnectionId":"0HNGF6JEVVPG4","Application":"MiniJira"}
2025-10-19 19:32:42.891 +02:00 [INF] Retrieving owner history for task "b93754f7-233b-40fd-9bb2-5b5cf6cfb246" {"SourceContext":"MiniJira.Services.TaskService","ActionId":"62f6b4ea-a470-4be6-8e8e-b94f4df9c473","ActionName":"/_Host","RequestId":"0HNGF6JEVVPG4:00000001","RequestPath":"/task/b93754f7-233b-40fd-9bb2-5b5cf6cfb246","ConnectionId":"0HNGF6JEVVPG4","Application":"MiniJira"}
2025-10-19 19:32:42.897 +02:00 [INF] Retrieving owner history for task "b93754f7-233b-40fd-9bb2-5b5cf6cfb246" {"SourceContext":"MiniJira.Services.TaskService","ActionId":"62f6b4ea-a470-4be6-8e8e-b94f4df9c473","ActionName":"/_Host","RequestId":"0HNGF6JEVVPG4:00000001","RequestPath":"/task/b93754f7-233b-40fd-9bb2-5b5cf6cfb246","ConnectionId":"0HNGF6JEVVPG4","Application":"MiniJira"}
2025-10-19 19:32:43.065 +02:00 [INF] Retrieving task with ID "b93754f7-233b-40fd-9bb2-5b5cf6cfb246" {"SourceContext":"MiniJira.Services.TaskService","TransportConnectionId":"4ATMaz1pYfTSzEWK10RmTw","RequestId":"0HNGF6JEVVPG4:0000000F","RequestPath":"/_blazor","ConnectionId":"0HNGF6JEVVPG4","Application":"MiniJira"}
2025-10-19 19:32:43.076 +02:00 [INF] Retrieving all columns for culture en-US {"SourceContext":"MiniJira.Services.ColumnService","TransportConnectionId":"4ATMaz1pYfTSzEWK10RmTw","RequestId":"0HNGF6JEVVPG4:0000000F","RequestPath":"/_blazor","ConnectionId":"0HNGF6JEVVPG4","Application":"MiniJira"}
2025-10-19 19:32:43.083 +02:00 [INF] Retrieving distinct customer names {"SourceContext":"MiniJira.Services.TaskService","TransportConnectionId":"4ATMaz1pYfTSzEWK10RmTw","RequestId":"0HNGF6JEVVPG4:0000000F","RequestPath":"/_blazor","ConnectionId":"0HNGF6JEVVPG4","Application":"MiniJira"}
2025-10-19 19:32:43.302 +02:00 [INF] Retrieving owner history for task "b93754f7-233b-40fd-9bb2-5b5cf6cfb246" {"SourceContext":"MiniJira.Services.TaskService","TransportConnectionId":"4ATMaz1pYfTSzEWK10RmTw","RequestId":"0HNGF6JEVVPG4:0000000F","RequestPath":"/_blazor","ConnectionId":"0HNGF6JEVVPG4","Application":"MiniJira"}
2025-10-19 19:32:43.303 +02:00 [WRN] Unhandled exception rendering component: JavaScript interop calls cannot be issued at this time. This is because the circuit has disconnected and is being disposed. {"EventId":{"Id":100,"Name":"ExceptionRenderingComponent"},"SourceContext":"Microsoft.AspNetCore.Components.Server.Circuits.RemoteRenderer","RequestId":"0HNGF6JEVVPG4:00000003","RequestPath":"/_blazor/disconnect","ConnectionId":"0HNGF6JEVVPG4","Application":"MiniJira"}
Microsoft.JSInterop.JSDisconnectedException: JavaScript interop calls cannot be issued at this time. This is because the circuit has disconnected and is being disposed.
   at Microsoft.AspNetCore.Components.Server.Circuits.RemoteJSRuntime.BeginInvokeJS(Int64 asyncHandle, String identifier, String argsJson, JSCallResultType resultType, Int64 targetInstanceId)
   at Microsoft.JSInterop.JSRuntime.InvokeAsync[TValue](Int64 targetInstanceId, String identifier, CancellationToken cancellationToken, Object[] args)
   at Microsoft.JSInterop.JSRuntime.InvokeAsync[TValue](Int64 targetInstanceId, String identifier, Object[] args)
   at Microsoft.JSInterop.JSRuntimeExtensions.InvokeVoidAsync(IJSRuntime jsRuntime, String identifier, Object[] args)
   at Microsoft.JSInterop.Implementation.JSObjectReference.DisposeAsync()
   at MiniJira.Shared.MainLayout.DisposeAsync() in D:\KimiAi\MiniJira\MiniJira\MiniJira\Shared\MainLayout.razor.cs:line 132
   at Microsoft.AspNetCore.Components.RenderTree.Renderer.<>c__DisplayClass85_0.<<Dispose>g__HandleAsyncExceptions|1>d.MoveNext()
2025-10-19 19:32:43.309 +02:00 [INF] Retrieving owner history for task "b93754f7-233b-40fd-9bb2-5b5cf6cfb246" {"SourceContext":"MiniJira.Services.TaskService","TransportConnectionId":"4ATMaz1pYfTSzEWK10RmTw","RequestId":"0HNGF6JEVVPG4:0000000F","RequestPath":"/_blazor","ConnectionId":"0HNGF6JEVVPG4","Application":"MiniJira"}
2025-10-19 19:32:43.337 +02:00 [ERR] Unhandled exception in circuit '8GvQZ20y8DXmhStHsbUw4k-9bqwNKzinAZtOnFx7rBs'. {"EventId":{"Id":111,"Name":"CircuitUnhandledException"},"SourceContext":"Microsoft.AspNetCore.Components.Server.Circuits.CircuitHost","RequestId":"0HNGF6JEVVPG4:00000003","RequestPath":"/_blazor/disconnect","ConnectionId":"0HNGF6JEVVPG4","Application":"MiniJira"}
Microsoft.JSInterop.JSDisconnectedException: JavaScript interop calls cannot be issued at this time. This is because the circuit has disconnected and is being disposed.
   at Microsoft.AspNetCore.Components.Server.Circuits.RemoteJSRuntime.BeginInvokeJS(Int64 asyncHandle, String identifier, String argsJson, JSCallResultType resultType, Int64 targetInstanceId)
   at Microsoft.JSInterop.JSRuntime.InvokeAsync[TValue](Int64 targetInstanceId, String identifier, CancellationToken cancellationToken, Object[] args)
   at Microsoft.JSInterop.JSRuntime.InvokeAsync[TValue](Int64 targetInstanceId, String identifier, Object[] args)
   at Microsoft.JSInterop.JSRuntimeExtensions.InvokeVoidAsync(IJSRuntime jsRuntime, String identifier, Object[] args)
   at Microsoft.JSInterop.Implementation.JSObjectReference.DisposeAsync()
   at MiniJira.Shared.MainLayout.DisposeAsync() in D:\KimiAi\MiniJira\MiniJira\MiniJira\Shared\MainLayout.razor.cs:line 132
   at Microsoft.AspNetCore.Components.RenderTree.Renderer.<>c__DisplayClass85_0.<<Dispose>g__HandleAsyncExceptions|1>d.MoveNext()
2025-10-19 19:39:45.384 +02:00 [WRN] Unhandled exception rendering component: JavaScript interop calls cannot be issued at this time. This is because the circuit has disconnected and is being disposed. {"EventId":{"Id":100,"Name":"ExceptionRenderingComponent"},"SourceContext":"Microsoft.AspNetCore.Components.Server.Circuits.RemoteRenderer","RequestId":"0HNGF6JEVVPG4:00000011","RequestPath":"/_blazor/disconnect","ConnectionId":"0HNGF6JEVVPG4","Application":"MiniJira"}
Microsoft.JSInterop.JSDisconnectedException: JavaScript interop calls cannot be issued at this time. This is because the circuit has disconnected and is being disposed.
   at Microsoft.AspNetCore.Components.Server.Circuits.RemoteJSRuntime.BeginInvokeJS(Int64 asyncHandle, String identifier, String argsJson, JSCallResultType resultType, Int64 targetInstanceId)
   at Microsoft.JSInterop.JSRuntime.InvokeAsync[TValue](Int64 targetInstanceId, String identifier, CancellationToken cancellationToken, Object[] args)
   at Microsoft.JSInterop.JSRuntime.InvokeAsync[TValue](Int64 targetInstanceId, String identifier, Object[] args)
   at Microsoft.JSInterop.JSRuntimeExtensions.InvokeVoidAsync(IJSRuntime jsRuntime, String identifier, Object[] args)
   at Microsoft.JSInterop.Implementation.JSObjectReference.DisposeAsync()
   at MiniJira.Shared.MainLayout.DisposeAsync() in D:\KimiAi\MiniJira\MiniJira\MiniJira\Shared\MainLayout.razor.cs:line 132
   at Microsoft.AspNetCore.Components.RenderTree.Renderer.<>c__DisplayClass85_0.<<Dispose>g__HandleAsyncExceptions|1>d.MoveNext()
2025-10-19 19:39:45.398 +02:00 [ERR] Unhandled exception in circuit 'FydqR7xWmHAGEU10D84478fPF59w4YVcyBCAuCZDLgg'. {"EventId":{"Id":111,"Name":"CircuitUnhandledException"},"SourceContext":"Microsoft.AspNetCore.Components.Server.Circuits.CircuitHost","RequestId":"0HNGF6JEVVPG4:00000011","RequestPath":"/_blazor/disconnect","ConnectionId":"0HNGF6JEVVPG4","Application":"MiniJira"}
Microsoft.JSInterop.JSDisconnectedException: JavaScript interop calls cannot be issued at this time. This is because the circuit has disconnected and is being disposed.
   at Microsoft.AspNetCore.Components.Server.Circuits.RemoteJSRuntime.BeginInvokeJS(Int64 asyncHandle, String identifier, String argsJson, JSCallResultType resultType, Int64 targetInstanceId)
   at Microsoft.JSInterop.JSRuntime.InvokeAsync[TValue](Int64 targetInstanceId, String identifier, CancellationToken cancellationToken, Object[] args)
   at Microsoft.JSInterop.JSRuntime.InvokeAsync[TValue](Int64 targetInstanceId, String identifier, Object[] args)
   at Microsoft.JSInterop.JSRuntimeExtensions.InvokeVoidAsync(IJSRuntime jsRuntime, String identifier, Object[] args)
   at Microsoft.JSInterop.Implementation.JSObjectReference.DisposeAsync()
   at MiniJira.Shared.MainLayout.DisposeAsync() in D:\KimiAi\MiniJira\MiniJira\MiniJira\Shared\MainLayout.razor.cs:line 132
   at Microsoft.AspNetCore.Components.RenderTree.Renderer.<>c__DisplayClass85_0.<<Dispose>g__HandleAsyncExceptions|1>d.MoveNext()
2025-10-19 19:39:47.673 +02:00 [WRN] Unhandled exception rendering component: JavaScript interop calls cannot be issued at this time. This is because the circuit has disconnected and is being disposed. {"EventId":{"Id":100,"Name":"ExceptionRenderingComponent"},"SourceContext":"Microsoft.AspNetCore.Components.Server.Circuits.RemoteRenderer","RequestId":"0HNGF6JEVVPG5:00000001","RequestPath":"/_blazor/disconnect","ConnectionId":"0HNGF6JEVVPG5","Application":"MiniJira"}
Microsoft.JSInterop.JSDisconnectedException: JavaScript interop calls cannot be issued at this time. This is because the circuit has disconnected and is being disposed.
   at Microsoft.AspNetCore.Components.Server.Circuits.RemoteJSRuntime.BeginInvokeJS(Int64 asyncHandle, String identifier, String argsJson, JSCallResultType resultType, Int64 targetInstanceId)
   at Microsoft.JSInterop.JSRuntime.InvokeAsync[TValue](Int64 targetInstanceId, String identifier, CancellationToken cancellationToken, Object[] args)
   at Microsoft.JSInterop.JSRuntime.InvokeAsync[TValue](Int64 targetInstanceId, String identifier, Object[] args)
   at Microsoft.JSInterop.JSRuntimeExtensions.InvokeVoidAsync(IJSRuntime jsRuntime, String identifier, Object[] args)
   at Microsoft.JSInterop.Implementation.JSObjectReference.DisposeAsync()
   at MiniJira.Shared.MainLayout.DisposeAsync() in D:\KimiAi\MiniJira\MiniJira\MiniJira\Shared\MainLayout.razor.cs:line 132
   at Microsoft.AspNetCore.Components.RenderTree.Renderer.<>c__DisplayClass85_0.<<Dispose>g__HandleAsyncExceptions|1>d.MoveNext()
2025-10-19 19:39:47.683 +02:00 [ERR] Unhandled exception in circuit 'sXkh6ttRIOgZwtx15O-3j0skcgZiKszYaPlgOpN02os'. {"EventId":{"Id":111,"Name":"CircuitUnhandledException"},"SourceContext":"Microsoft.AspNetCore.Components.Server.Circuits.CircuitHost","RequestId":"0HNGF6JEVVPG5:00000001","RequestPath":"/_blazor/disconnect","ConnectionId":"0HNGF6JEVVPG5","Application":"MiniJira"}
Microsoft.JSInterop.JSDisconnectedException: JavaScript interop calls cannot be issued at this time. This is because the circuit has disconnected and is being disposed.
   at Microsoft.AspNetCore.Components.Server.Circuits.RemoteJSRuntime.BeginInvokeJS(Int64 asyncHandle, String identifier, String argsJson, JSCallResultType resultType, Int64 targetInstanceId)
   at Microsoft.JSInterop.JSRuntime.InvokeAsync[TValue](Int64 targetInstanceId, String identifier, CancellationToken cancellationToken, Object[] args)
   at Microsoft.JSInterop.JSRuntime.InvokeAsync[TValue](Int64 targetInstanceId, String identifier, Object[] args)
   at Microsoft.JSInterop.JSRuntimeExtensions.InvokeVoidAsync(IJSRuntime jsRuntime, String identifier, Object[] args)
   at Microsoft.JSInterop.Implementation.JSObjectReference.DisposeAsync()
   at MiniJira.Shared.MainLayout.DisposeAsync() in D:\KimiAi\MiniJira\MiniJira\MiniJira\Shared\MainLayout.razor.cs:line 132
   at Microsoft.AspNetCore.Components.RenderTree.Renderer.<>c__DisplayClass85_0.<<Dispose>g__HandleAsyncExceptions|1>d.MoveNext()
2025-10-19 19:39:52.416 +02:00 [INF] Applying database migrations... {"SourceContext":"Program","Application":"MiniJira"}
2025-10-19 19:39:53.167 +02:00 [WRN] The 'TaskPriority' property 'Priority' on entity type 'Task' is configured with a database-generated default, but has no configured sentinel value. The database-generated default will always be used for inserts when the property has the value 'Low', since this is the CLR default for the 'TaskPriority' type. Consider using a nullable type, using a nullable backing field, or setting the sentinel value for the property to ensure the database default is used when, and only when, appropriate. See https://aka.ms/efcore-docs-default-values for more information. {"EventId":{"Id":20601,"Name":"Microsoft.EntityFrameworkCore.Model.Validation.BoolWithDefaultWarning"},"SourceContext":"Microsoft.EntityFrameworkCore.Model.Validation","Application":"MiniJira"}
2025-10-19 19:39:53.394 +02:00 [INF] Acquiring an exclusive lock for migration application. See https://aka.ms/efcore-docs-migrations-lock for more information if this takes too long. {"EventId":{"Id":20411,"Name":"Microsoft.EntityFrameworkCore.Migrations.AcquiringMigrationLock"},"SourceContext":"Microsoft.EntityFrameworkCore.Migrations","Application":"MiniJira"}
2025-10-19 19:39:53.502 +02:00 [INF] No migrations were applied. The database is already up to date. {"EventId":{"Id":20405,"Name":"Microsoft.EntityFrameworkCore.Migrations.MigrationsNotApplied"},"SourceContext":"Microsoft.EntityFrameworkCore.Migrations","Application":"MiniJira"}
2025-10-19 19:39:53.514 +02:00 [INF] Database migrations applied successfully {"SourceContext":"Program","Application":"MiniJira"}
2025-10-19 19:39:54.053 +02:00 [INF] Now listening on: https://localhost:7105 {"EventId":{"Id":14,"Name":"ListeningOnAddress"},"SourceContext":"Microsoft.Hosting.Lifetime","Application":"MiniJira"}
2025-10-19 19:39:54.060 +02:00 [INF] Now listening on: http://localhost:5194 {"EventId":{"Id":14,"Name":"ListeningOnAddress"},"SourceContext":"Microsoft.Hosting.Lifetime","Application":"MiniJira"}
2025-10-19 19:39:54.142 +02:00 [INF] Application started. Press Ctrl+C to shut down. {"SourceContext":"Microsoft.Hosting.Lifetime","Application":"MiniJira"}
2025-10-19 19:39:54.147 +02:00 [INF] Hosting environment: Development {"SourceContext":"Microsoft.Hosting.Lifetime","Application":"MiniJira"}
2025-10-19 19:39:54.149 +02:00 [INF] Content root path: D:\KimiAi\MiniJira\MiniJira\MiniJira {"SourceContext":"Microsoft.Hosting.Lifetime","Application":"MiniJira"}
2025-10-19 19:39:58.031 +02:00 [INF] Retrieving all columns for culture hr-HR {"SourceContext":"MiniJira.Services.ColumnService","TransportConnectionId":"ZlWFHpw494SZ-suGinH4EA","RequestId":"0HNGF6Q1QBUF0:0000000D","RequestPath":"/_blazor","ConnectionId":"0HNGF6Q1QBUF0","Application":"MiniJira"}
2025-10-19 19:39:58.645 +02:00 [WRN] Compiling a query which loads related collections for more than one collection navigation, either via 'Include' or through projection, but no 'QuerySplittingBehavior' has been configured. By default, Entity Framework will use 'QuerySplittingBehavior.SingleQuery', which can potentially result in slow query performance. See https://go.microsoft.com/fwlink/?linkid=2134277 for more information. To identify the query that's triggering this warning call 'ConfigureWarnings(w => w.Throw(RelationalEventId.MultipleCollectionIncludeWarning))'. {"EventId":{"Id":20504,"Name":"Microsoft.EntityFrameworkCore.Query.MultipleCollectionIncludeWarning"},"SourceContext":"Microsoft.EntityFrameworkCore.Query","TransportConnectionId":"ZlWFHpw494SZ-suGinH4EA","RequestId":"0HNGF6Q1QBUF0:0000000D","RequestPath":"/_blazor","ConnectionId":"0HNGF6Q1QBUF0","Application":"MiniJira"}
2025-10-19 19:39:58.895 +02:00 [INF] Retrieving all tasks {"SourceContext":"MiniJira.Services.TaskService","TransportConnectionId":"ZlWFHpw494SZ-suGinH4EA","RequestId":"0HNGF6Q1QBUF0:0000000D","RequestPath":"/_blazor","ConnectionId":"0HNGF6Q1QBUF0","Application":"MiniJira"}
2025-10-19 19:40:01.359 +02:00 [INF] Retrieving task with ID "b93754f7-233b-40fd-9bb2-5b5cf6cfb246" {"SourceContext":"MiniJira.Services.TaskService","TransportConnectionId":"ZlWFHpw494SZ-suGinH4EA","RequestId":"0HNGF6Q1QBUF0:0000000D","RequestPath":"/_blazor","ConnectionId":"0HNGF6Q1QBUF0","Application":"MiniJira"}
2025-10-19 19:40:01.401 +02:00 [INF] Retrieving all columns for culture hr-HR {"SourceContext":"MiniJira.Services.ColumnService","TransportConnectionId":"ZlWFHpw494SZ-suGinH4EA","RequestId":"0HNGF6Q1QBUF0:0000000D","RequestPath":"/_blazor","ConnectionId":"0HNGF6Q1QBUF0","Application":"MiniJira"}
2025-10-19 19:40:01.416 +02:00 [INF] Retrieving distinct customer names {"SourceContext":"MiniJira.Services.TaskService","TransportConnectionId":"ZlWFHpw494SZ-suGinH4EA","RequestId":"0HNGF6Q1QBUF0:0000000D","RequestPath":"/_blazor","ConnectionId":"0HNGF6Q1QBUF0","Application":"MiniJira"}
2025-10-19 19:40:01.628 +02:00 [WRN] Compiling a query which loads related collections for more than one collection navigation, either via 'Include' or through projection, but no 'QuerySplittingBehavior' has been configured. By default, Entity Framework will use 'QuerySplittingBehavior.SingleQuery', which can potentially result in slow query performance. See https://go.microsoft.com/fwlink/?linkid=2134277 for more information. To identify the query that's triggering this warning call 'ConfigureWarnings(w => w.Throw(RelationalEventId.MultipleCollectionIncludeWarning))'. {"EventId":{"Id":20504,"Name":"Microsoft.EntityFrameworkCore.Query.MultipleCollectionIncludeWarning"},"SourceContext":"Microsoft.EntityFrameworkCore.Query","TransportConnectionId":"ZlWFHpw494SZ-suGinH4EA","RequestId":"0HNGF6Q1QBUF0:0000000D","RequestPath":"/_blazor","ConnectionId":"0HNGF6Q1QBUF0","Application":"MiniJira"}
2025-10-19 19:40:01.786 +02:00 [INF] Retrieving owner history for task "b93754f7-233b-40fd-9bb2-5b5cf6cfb246" {"SourceContext":"MiniJira.Services.TaskService","TransportConnectionId":"ZlWFHpw494SZ-suGinH4EA","RequestId":"0HNGF6Q1QBUF0:0000000D","RequestPath":"/_blazor","ConnectionId":"0HNGF6Q1QBUF0","Application":"MiniJira"}
2025-10-19 19:40:01.804 +02:00 [INF] Retrieving owner history for task "b93754f7-233b-40fd-9bb2-5b5cf6cfb246" {"SourceContext":"MiniJira.Services.TaskService","TransportConnectionId":"ZlWFHpw494SZ-suGinH4EA","RequestId":"0HNGF6Q1QBUF0:0000000D","RequestPath":"/_blazor","ConnectionId":"0HNGF6Q1QBUF0","Application":"MiniJira"}
2025-10-19 19:40:08.949 +02:00 [ERR] Error importing Excel file {"SourceContext":"MiniJira.Components.WorkOrder.WorkOrderView","TransportConnectionId":"ZlWFHpw494SZ-suGinH4EA","RequestId":"0HNGF6Q1QBUF0:0000000D","RequestPath":"/_blazor","ConnectionId":"0HNGF6Q1QBUF0","Application":"MiniJira"}
System.InvalidOperationException: An invalid request URI was provided. Either the request URI must be an absolute URI or BaseAddress must be set.
   at System.Net.Http.HttpClient.PrepareRequestMessage(HttpRequestMessage request)
   at System.Net.Http.HttpClient.SendAsync(HttpRequestMessage request, HttpCompletionOption completionOption, CancellationToken cancellationToken)
   at MiniJira.Components.WorkOrder.WorkOrderView.HandleFileSelected(InputFileChangeEventArgs e) in D:\KimiAi\MiniJira\MiniJira\MiniJira\Components\WorkOrder\WorkOrderView.razor.cs:line 422
2025-10-19 19:43:53.519 +02:00 [INF] Applying database migrations... {"SourceContext":"Program","Application":"MiniJira"}
2025-10-19 19:43:54.000 +02:00 [WRN] The 'TaskPriority' property 'Priority' on entity type 'Task' is configured with a database-generated default, but has no configured sentinel value. The database-generated default will always be used for inserts when the property has the value 'Low', since this is the CLR default for the 'TaskPriority' type. Consider using a nullable type, using a nullable backing field, or setting the sentinel value for the property to ensure the database default is used when, and only when, appropriate. See https://aka.ms/efcore-docs-default-values for more information. {"EventId":{"Id":20601,"Name":"Microsoft.EntityFrameworkCore.Model.Validation.BoolWithDefaultWarning"},"SourceContext":"Microsoft.EntityFrameworkCore.Model.Validation","Application":"MiniJira"}
2025-10-19 19:43:54.179 +02:00 [INF] Acquiring an exclusive lock for migration application. See https://aka.ms/efcore-docs-migrations-lock for more information if this takes too long. {"EventId":{"Id":20411,"Name":"Microsoft.EntityFrameworkCore.Migrations.AcquiringMigrationLock"},"SourceContext":"Microsoft.EntityFrameworkCore.Migrations","Application":"MiniJira"}
2025-10-19 19:43:54.274 +02:00 [INF] No migrations were applied. The database is already up to date. {"EventId":{"Id":20405,"Name":"Microsoft.EntityFrameworkCore.Migrations.MigrationsNotApplied"},"SourceContext":"Microsoft.EntityFrameworkCore.Migrations","Application":"MiniJira"}
2025-10-19 19:43:54.278 +02:00 [INF] Database migrations applied successfully {"SourceContext":"Program","Application":"MiniJira"}
2025-10-19 19:43:54.507 +02:00 [INF] Now listening on: https://localhost:7105 {"EventId":{"Id":14,"Name":"ListeningOnAddress"},"SourceContext":"Microsoft.Hosting.Lifetime","Application":"MiniJira"}
2025-10-19 19:43:54.507 +02:00 [INF] Now listening on: http://localhost:5194 {"EventId":{"Id":14,"Name":"ListeningOnAddress"},"SourceContext":"Microsoft.Hosting.Lifetime","Application":"MiniJira"}
2025-10-19 19:43:54.507 +02:00 [INF] Application started. Press Ctrl+C to shut down. {"SourceContext":"Microsoft.Hosting.Lifetime","Application":"MiniJira"}
2025-10-19 19:43:54.508 +02:00 [INF] Hosting environment: Development {"SourceContext":"Microsoft.Hosting.Lifetime","Application":"MiniJira"}
2025-10-19 19:43:54.508 +02:00 [INF] Content root path: D:\KimiAi\MiniJira\MiniJira\MiniJira {"SourceContext":"Microsoft.Hosting.Lifetime","Application":"MiniJira"}
2025-10-19 19:44:18.901 +02:00 [INF] Retrieving all columns for culture en-US {"SourceContext":"MiniJira.Services.ColumnService","TransportConnectionId":"eytTqN0Xiuf1GuhaLqNWxg","RequestId":"0HNGF6SBUAU4E:00000009","RequestPath":"/_blazor","ConnectionId":"0HNGF6SBUAU4E","Application":"MiniJira"}
2025-10-19 19:44:19.322 +02:00 [WRN] Compiling a query which loads related collections for more than one collection navigation, either via 'Include' or through projection, but no 'QuerySplittingBehavior' has been configured. By default, Entity Framework will use 'QuerySplittingBehavior.SingleQuery', which can potentially result in slow query performance. See https://go.microsoft.com/fwlink/?linkid=2134277 for more information. To identify the query that's triggering this warning call 'ConfigureWarnings(w => w.Throw(RelationalEventId.MultipleCollectionIncludeWarning))'. {"EventId":{"Id":20504,"Name":"Microsoft.EntityFrameworkCore.Query.MultipleCollectionIncludeWarning"},"SourceContext":"Microsoft.EntityFrameworkCore.Query","TransportConnectionId":"eytTqN0Xiuf1GuhaLqNWxg","RequestId":"0HNGF6SBUAU4E:00000009","RequestPath":"/_blazor","ConnectionId":"0HNGF6SBUAU4E","Application":"MiniJira"}
2025-10-19 19:44:19.440 +02:00 [INF] Retrieving all tasks {"SourceContext":"MiniJira.Services.TaskService","TransportConnectionId":"eytTqN0Xiuf1GuhaLqNWxg","RequestId":"0HNGF6SBUAU4E:00000009","RequestPath":"/_blazor","ConnectionId":"0HNGF6SBUAU4E","Application":"MiniJira"}
2025-10-19 19:44:30.862 +02:00 [INF] Retrieving task with ID "b93754f7-233b-40fd-9bb2-5b5cf6cfb246" {"SourceContext":"MiniJira.Services.TaskService","TransportConnectionId":"eytTqN0Xiuf1GuhaLqNWxg","RequestId":"0HNGF6SBUAU4E:00000009","RequestPath":"/_blazor","ConnectionId":"0HNGF6SBUAU4E","Application":"MiniJira"}
2025-10-19 19:44:30.893 +02:00 [INF] Retrieving all columns for culture en-US {"SourceContext":"MiniJira.Services.ColumnService","TransportConnectionId":"eytTqN0Xiuf1GuhaLqNWxg","RequestId":"0HNGF6SBUAU4E:00000009","RequestPath":"/_blazor","ConnectionId":"0HNGF6SBUAU4E","Application":"MiniJira"}
2025-10-19 19:44:30.900 +02:00 [INF] Retrieving distinct customer names {"SourceContext":"MiniJira.Services.TaskService","TransportConnectionId":"eytTqN0Xiuf1GuhaLqNWxg","RequestId":"0HNGF6SBUAU4E:00000009","RequestPath":"/_blazor","ConnectionId":"0HNGF6SBUAU4E","Application":"MiniJira"}
2025-10-19 19:44:31.080 +02:00 [WRN] Compiling a query which loads related collections for more than one collection navigation, either via 'Include' or through projection, but no 'QuerySplittingBehavior' has been configured. By default, Entity Framework will use 'QuerySplittingBehavior.SingleQuery', which can potentially result in slow query performance. See https://go.microsoft.com/fwlink/?linkid=2134277 for more information. To identify the query that's triggering this warning call 'ConfigureWarnings(w => w.Throw(RelationalEventId.MultipleCollectionIncludeWarning))'. {"EventId":{"Id":20504,"Name":"Microsoft.EntityFrameworkCore.Query.MultipleCollectionIncludeWarning"},"SourceContext":"Microsoft.EntityFrameworkCore.Query","TransportConnectionId":"eytTqN0Xiuf1GuhaLqNWxg","RequestId":"0HNGF6SBUAU4E:00000009","RequestPath":"/_blazor","ConnectionId":"0HNGF6SBUAU4E","Application":"MiniJira"}
2025-10-19 19:44:31.237 +02:00 [INF] Retrieving owner history for task "b93754f7-233b-40fd-9bb2-5b5cf6cfb246" {"SourceContext":"MiniJira.Services.TaskService","TransportConnectionId":"eytTqN0Xiuf1GuhaLqNWxg","RequestId":"0HNGF6SBUAU4E:00000009","RequestPath":"/_blazor","ConnectionId":"0HNGF6SBUAU4E","Application":"MiniJira"}
2025-10-19 19:44:31.251 +02:00 [INF] Retrieving owner history for task "b93754f7-233b-40fd-9bb2-5b5cf6cfb246" {"SourceContext":"MiniJira.Services.TaskService","TransportConnectionId":"eytTqN0Xiuf1GuhaLqNWxg","RequestId":"0HNGF6SBUAU4E:00000009","RequestPath":"/_blazor","ConnectionId":"0HNGF6SBUAU4E","Application":"MiniJira"}
2025-10-19 19:45:05.084 +02:00 [ERR] Error importing Excel file {"SourceContext":"MiniJira.Components.WorkOrder.WorkOrderView","TransportConnectionId":"eytTqN0Xiuf1GuhaLqNWxg","RequestId":"0HNGF6SBUAU4E:00000009","RequestPath":"/_blazor","ConnectionId":"0HNGF6SBUAU4E","Application":"MiniJira"}
System.InvalidOperationException: An invalid request URI was provided. Either the request URI must be an absolute URI or BaseAddress must be set.
   at System.Net.Http.HttpClient.PrepareRequestMessage(HttpRequestMessage request)
   at System.Net.Http.HttpClient.SendAsync(HttpRequestMessage request, HttpCompletionOption completionOption, CancellationToken cancellationToken)
   at MiniJira.Components.WorkOrder.WorkOrderView.HandleFileSelected(InputFileChangeEventArgs e) in D:\KimiAi\MiniJira\MiniJira\MiniJira\Components\WorkOrder\WorkOrderView.razor.cs:line 422
2025-10-19 19:46:07.584 +02:00 [INF] Applying database migrations... {"SourceContext":"Program","Application":"MiniJira"}
2025-10-19 19:46:08.195 +02:00 [WRN] The 'TaskPriority' property 'Priority' on entity type 'Task' is configured with a database-generated default, but has no configured sentinel value. The database-generated default will always be used for inserts when the property has the value 'Low', since this is the CLR default for the 'TaskPriority' type. Consider using a nullable type, using a nullable backing field, or setting the sentinel value for the property to ensure the database default is used when, and only when, appropriate. See https://aka.ms/efcore-docs-default-values for more information. {"EventId":{"Id":20601,"Name":"Microsoft.EntityFrameworkCore.Model.Validation.BoolWithDefaultWarning"},"SourceContext":"Microsoft.EntityFrameworkCore.Model.Validation","Application":"MiniJira"}
2025-10-19 19:46:08.416 +02:00 [INF] Acquiring an exclusive lock for migration application. See https://aka.ms/efcore-docs-migrations-lock for more information if this takes too long. {"EventId":{"Id":20411,"Name":"Microsoft.EntityFrameworkCore.Migrations.AcquiringMigrationLock"},"SourceContext":"Microsoft.EntityFrameworkCore.Migrations","Application":"MiniJira"}
2025-10-19 19:46:08.548 +02:00 [INF] No migrations were applied. The database is already up to date. {"EventId":{"Id":20405,"Name":"Microsoft.EntityFrameworkCore.Migrations.MigrationsNotApplied"},"SourceContext":"Microsoft.EntityFrameworkCore.Migrations","Application":"MiniJira"}
2025-10-19 19:46:08.554 +02:00 [INF] Database migrations applied successfully {"SourceContext":"Program","Application":"MiniJira"}
2025-10-19 19:46:08.820 +02:00 [INF] Now listening on: https://localhost:7105 {"EventId":{"Id":14,"Name":"ListeningOnAddress"},"SourceContext":"Microsoft.Hosting.Lifetime","Application":"MiniJira"}
2025-10-19 19:46:08.821 +02:00 [INF] Now listening on: http://localhost:5194 {"EventId":{"Id":14,"Name":"ListeningOnAddress"},"SourceContext":"Microsoft.Hosting.Lifetime","Application":"MiniJira"}
2025-10-19 19:46:08.821 +02:00 [INF] Application started. Press Ctrl+C to shut down. {"SourceContext":"Microsoft.Hosting.Lifetime","Application":"MiniJira"}
2025-10-19 19:46:08.822 +02:00 [INF] Hosting environment: Development {"SourceContext":"Microsoft.Hosting.Lifetime","Application":"MiniJira"}
2025-10-19 19:46:08.823 +02:00 [INF] Content root path: D:\KimiAi\MiniJira\MiniJira\MiniJira {"SourceContext":"Microsoft.Hosting.Lifetime","Application":"MiniJira"}
2025-10-19 19:46:38.397 +02:00 [INF] Retrieving all columns for culture en-US {"SourceContext":"MiniJira.Services.ColumnService","TransportConnectionId":"b7XYr31t_BlOsggIczLD-w","RequestId":"0HNGF6TIH1GA3:0000000F","RequestPath":"/_blazor","ConnectionId":"0HNGF6TIH1GA3","Application":"MiniJira"}
2025-10-19 19:46:38.810 +02:00 [WRN] Compiling a query which loads related collections for more than one collection navigation, either via 'Include' or through projection, but no 'QuerySplittingBehavior' has been configured. By default, Entity Framework will use 'QuerySplittingBehavior.SingleQuery', which can potentially result in slow query performance. See https://go.microsoft.com/fwlink/?linkid=2134277 for more information. To identify the query that's triggering this warning call 'ConfigureWarnings(w => w.Throw(RelationalEventId.MultipleCollectionIncludeWarning))'. {"EventId":{"Id":20504,"Name":"Microsoft.EntityFrameworkCore.Query.MultipleCollectionIncludeWarning"},"SourceContext":"Microsoft.EntityFrameworkCore.Query","TransportConnectionId":"b7XYr31t_BlOsggIczLD-w","RequestId":"0HNGF6TIH1GA3:0000000F","RequestPath":"/_blazor","ConnectionId":"0HNGF6TIH1GA3","Application":"MiniJira"}
2025-10-19 19:46:38.918 +02:00 [INF] Retrieving all tasks {"SourceContext":"MiniJira.Services.TaskService","TransportConnectionId":"b7XYr31t_BlOsggIczLD-w","RequestId":"0HNGF6TIH1GA3:0000000F","RequestPath":"/_blazor","ConnectionId":"0HNGF6TIH1GA3","Application":"MiniJira"}
2025-10-19 19:46:51.361 +02:00 [INF] Retrieving task with ID "b93754f7-233b-40fd-9bb2-5b5cf6cfb246" {"SourceContext":"MiniJira.Services.TaskService","TransportConnectionId":"b7XYr31t_BlOsggIczLD-w","RequestId":"0HNGF6TIH1GA3:0000000F","RequestPath":"/_blazor","ConnectionId":"0HNGF6TIH1GA3","Application":"MiniJira"}
2025-10-19 19:46:51.393 +02:00 [INF] Retrieving all columns for culture en-US {"SourceContext":"MiniJira.Services.ColumnService","TransportConnectionId":"b7XYr31t_BlOsggIczLD-w","RequestId":"0HNGF6TIH1GA3:0000000F","RequestPath":"/_blazor","ConnectionId":"0HNGF6TIH1GA3","Application":"MiniJira"}
2025-10-19 19:46:51.400 +02:00 [INF] Retrieving distinct customer names {"SourceContext":"MiniJira.Services.TaskService","TransportConnectionId":"b7XYr31t_BlOsggIczLD-w","RequestId":"0HNGF6TIH1GA3:0000000F","RequestPath":"/_blazor","ConnectionId":"0HNGF6TIH1GA3","Application":"MiniJira"}
2025-10-19 19:46:51.609 +02:00 [WRN] Compiling a query which loads related collections for more than one collection navigation, either via 'Include' or through projection, but no 'QuerySplittingBehavior' has been configured. By default, Entity Framework will use 'QuerySplittingBehavior.SingleQuery', which can potentially result in slow query performance. See https://go.microsoft.com/fwlink/?linkid=2134277 for more information. To identify the query that's triggering this warning call 'ConfigureWarnings(w => w.Throw(RelationalEventId.MultipleCollectionIncludeWarning))'. {"EventId":{"Id":20504,"Name":"Microsoft.EntityFrameworkCore.Query.MultipleCollectionIncludeWarning"},"SourceContext":"Microsoft.EntityFrameworkCore.Query","TransportConnectionId":"b7XYr31t_BlOsggIczLD-w","RequestId":"0HNGF6TIH1GA3:0000000F","RequestPath":"/_blazor","ConnectionId":"0HNGF6TIH1GA3","Application":"MiniJira"}
2025-10-19 19:46:51.790 +02:00 [INF] Retrieving owner history for task "b93754f7-233b-40fd-9bb2-5b5cf6cfb246" {"SourceContext":"MiniJira.Services.TaskService","TransportConnectionId":"b7XYr31t_BlOsggIczLD-w","RequestId":"0HNGF6TIH1GA3:0000000F","RequestPath":"/_blazor","ConnectionId":"0HNGF6TIH1GA3","Application":"MiniJira"}
2025-10-19 19:46:51.806 +02:00 [INF] Retrieving owner history for task "b93754f7-233b-40fd-9bb2-5b5cf6cfb246" {"SourceContext":"MiniJira.Services.TaskService","TransportConnectionId":"b7XYr31t_BlOsggIczLD-w","RequestId":"0HNGF6TIH1GA3:0000000F","RequestPath":"/_blazor","ConnectionId":"0HNGF6TIH1GA3","Application":"MiniJira"}
2025-10-19 19:47:11.764 +02:00 [INF] Start processing HTTP request POST https://localhost:7105/api/workorder/d5683967-5a27-48f3-ac14-b739d963004f/import/excel {"EventId":{"Id":100,"Name":"RequestPipelineStart"},"SourceContext":"System.Net.Http.HttpClient.Default.LogicalHandler","TransportConnectionId":"b7XYr31t_BlOsggIczLD-w","RequestId":"0HNGF6TIH1GA3:0000000F","RequestPath":"/_blazor","ConnectionId":"0HNGF6TIH1GA3","Scope":["HTTP POST https://localhost:7105/api/workorder/d5683967-5a27-48f3-ac14-b739d963004f/import/excel"],"Application":"MiniJira"}
2025-10-19 19:47:11.779 +02:00 [INF] Sending HTTP request POST https://localhost:7105/api/workorder/d5683967-5a27-48f3-ac14-b739d963004f/import/excel {"EventId":{"Id":100,"Name":"RequestStart"},"SourceContext":"System.Net.Http.HttpClient.Default.ClientHandler","TransportConnectionId":"b7XYr31t_BlOsggIczLD-w","RequestId":"0HNGF6TIH1GA3:0000000F","RequestPath":"/_blazor","ConnectionId":"0HNGF6TIH1GA3","Scope":["HTTP POST https://localhost:7105/api/workorder/d5683967-5a27-48f3-ac14-b739d963004f/import/excel"],"Application":"MiniJira"}
2025-10-19 19:47:15.924 +02:00 [INF] Received HTTP response headers after 4142.4033ms - 200 {"EventId":{"Id":101,"Name":"RequestEnd"},"SourceContext":"System.Net.Http.HttpClient.Default.ClientHandler","HttpMethod":"POST","Uri":"https://localhost:7105/api/workorder/d5683967-5a27-48f3-ac14-b739d963004f/import/excel","TransportConnectionId":"b7XYr31t_BlOsggIczLD-w","RequestId":"0HNGF6TIH1GA3:0000000F","RequestPath":"/_blazor","ConnectionId":"0HNGF6TIH1GA3","Scope":["HTTP POST https://localhost:7105/api/workorder/d5683967-5a27-48f3-ac14-b739d963004f/import/excel"],"Application":"MiniJira"}
2025-10-19 19:47:15.926 +02:00 [INF] End processing HTTP request after 4167.1982ms - 200 {"EventId":{"Id":101,"Name":"RequestPipelineEnd"},"SourceContext":"System.Net.Http.HttpClient.Default.LogicalHandler","HttpMethod":"POST","Uri":"https://localhost:7105/api/workorder/d5683967-5a27-48f3-ac14-b739d963004f/import/excel","TransportConnectionId":"b7XYr31t_BlOsggIczLD-w","RequestId":"0HNGF6TIH1GA3:0000000F","RequestPath":"/_blazor","ConnectionId":"0HNGF6TIH1GA3","Scope":["HTTP POST https://localhost:7105/api/workorder/d5683967-5a27-48f3-ac14-b739d963004f/import/excel"],"Application":"MiniJira"}
2025-10-19 19:47:50.997 +02:00 [WRN] Unhandled exception rendering component: JavaScript interop calls cannot be issued at this time. This is because the circuit has disconnected and is being disposed. {"EventId":{"Id":100,"Name":"ExceptionRenderingComponent"},"SourceContext":"Microsoft.AspNetCore.Components.Server.Circuits.RemoteRenderer","RequestId":"0HNGF6TIH1GA3:00000011","RequestPath":"/_blazor/disconnect","ConnectionId":"0HNGF6TIH1GA3","Application":"MiniJira"}
Microsoft.JSInterop.JSDisconnectedException: JavaScript interop calls cannot be issued at this time. This is because the circuit has disconnected and is being disposed.
   at Microsoft.AspNetCore.Components.Server.Circuits.RemoteJSRuntime.BeginInvokeJS(Int64 asyncHandle, String identifier, String argsJson, JSCallResultType resultType, Int64 targetInstanceId)
   at Microsoft.JSInterop.JSRuntime.InvokeAsync[TValue](Int64 targetInstanceId, String identifier, CancellationToken cancellationToken, Object[] args)
   at Microsoft.JSInterop.JSRuntime.InvokeAsync[TValue](Int64 targetInstanceId, String identifier, Object[] args)
   at Microsoft.JSInterop.JSRuntimeExtensions.InvokeVoidAsync(IJSRuntime jsRuntime, String identifier, Object[] args)
   at Microsoft.JSInterop.Implementation.JSObjectReference.DisposeAsync()
   at MiniJira.Shared.MainLayout.DisposeAsync() in D:\KimiAi\MiniJira\MiniJira\MiniJira\Shared\MainLayout.razor.cs:line 132
   at Microsoft.AspNetCore.Components.RenderTree.Renderer.<>c__DisplayClass85_0.<<Dispose>g__HandleAsyncExceptions|1>d.MoveNext()
2025-10-19 19:47:51.035 +02:00 [ERR] Unhandled exception in circuit 'Cz2aOEXh4prkCug_E3klo5O6SouMc08kRNfDMADNkso'. {"EventId":{"Id":111,"Name":"CircuitUnhandledException"},"SourceContext":"Microsoft.AspNetCore.Components.Server.Circuits.CircuitHost","RequestId":"0HNGF6TIH1GA3:00000011","RequestPath":"/_blazor/disconnect","ConnectionId":"0HNGF6TIH1GA3","Application":"MiniJira"}
Microsoft.JSInterop.JSDisconnectedException: JavaScript interop calls cannot be issued at this time. This is because the circuit has disconnected and is being disposed.
   at Microsoft.AspNetCore.Components.Server.Circuits.RemoteJSRuntime.BeginInvokeJS(Int64 asyncHandle, String identifier, String argsJson, JSCallResultType resultType, Int64 targetInstanceId)
   at Microsoft.JSInterop.JSRuntime.InvokeAsync[TValue](Int64 targetInstanceId, String identifier, CancellationToken cancellationToken, Object[] args)
   at Microsoft.JSInterop.JSRuntime.InvokeAsync[TValue](Int64 targetInstanceId, String identifier, Object[] args)
   at Microsoft.JSInterop.JSRuntimeExtensions.InvokeVoidAsync(IJSRuntime jsRuntime, String identifier, Object[] args)
   at Microsoft.JSInterop.Implementation.JSObjectReference.DisposeAsync()
   at MiniJira.Shared.MainLayout.DisposeAsync() in D:\KimiAi\MiniJira\MiniJira\MiniJira\Shared\MainLayout.razor.cs:line 132
   at Microsoft.AspNetCore.Components.RenderTree.Renderer.<>c__DisplayClass85_0.<<Dispose>g__HandleAsyncExceptions|1>d.MoveNext()
2025-10-19 19:57:12.019 +02:00 [INF] Applying database migrations... {"SourceContext":"Program","Application":"MiniJira"}
2025-10-19 19:57:12.632 +02:00 [WRN] The 'TaskPriority' property 'Priority' on entity type 'Task' is configured with a database-generated default, but has no configured sentinel value. The database-generated default will always be used for inserts when the property has the value 'Low', since this is the CLR default for the 'TaskPriority' type. Consider using a nullable type, using a nullable backing field, or setting the sentinel value for the property to ensure the database default is used when, and only when, appropriate. See https://aka.ms/efcore-docs-default-values for more information. {"EventId":{"Id":20601,"Name":"Microsoft.EntityFrameworkCore.Model.Validation.BoolWithDefaultWarning"},"SourceContext":"Microsoft.EntityFrameworkCore.Model.Validation","Application":"MiniJira"}
2025-10-19 19:57:12.849 +02:00 [INF] Acquiring an exclusive lock for migration application. See https://aka.ms/efcore-docs-migrations-lock for more information if this takes too long. {"EventId":{"Id":20411,"Name":"Microsoft.EntityFrameworkCore.Migrations.AcquiringMigrationLock"},"SourceContext":"Microsoft.EntityFrameworkCore.Migrations","Application":"MiniJira"}
2025-10-19 19:57:12.959 +02:00 [INF] No migrations were applied. The database is already up to date. {"EventId":{"Id":20405,"Name":"Microsoft.EntityFrameworkCore.Migrations.MigrationsNotApplied"},"SourceContext":"Microsoft.EntityFrameworkCore.Migrations","Application":"MiniJira"}
2025-10-19 19:57:12.970 +02:00 [INF] Database migrations applied successfully {"SourceContext":"Program","Application":"MiniJira"}
2025-10-19 19:57:13.451 +02:00 [INF] Now listening on: https://localhost:7105 {"EventId":{"Id":14,"Name":"ListeningOnAddress"},"SourceContext":"Microsoft.Hosting.Lifetime","Application":"MiniJira"}
2025-10-19 19:57:13.460 +02:00 [INF] Now listening on: http://localhost:5194 {"EventId":{"Id":14,"Name":"ListeningOnAddress"},"SourceContext":"Microsoft.Hosting.Lifetime","Application":"MiniJira"}
2025-10-19 19:57:13.550 +02:00 [INF] Application started. Press Ctrl+C to shut down. {"SourceContext":"Microsoft.Hosting.Lifetime","Application":"MiniJira"}
2025-10-19 19:57:13.555 +02:00 [INF] Hosting environment: Development {"SourceContext":"Microsoft.Hosting.Lifetime","Application":"MiniJira"}
2025-10-19 19:57:13.557 +02:00 [INF] Content root path: D:\KimiAi\MiniJira\MiniJira\MiniJira {"SourceContext":"Microsoft.Hosting.Lifetime","Application":"MiniJira"}
2025-10-19 19:57:23.386 +02:00 [INF] Retrieving all columns for culture hr-HR {"SourceContext":"MiniJira.Services.ColumnService","TransportConnectionId":"1_enKQnbjIxw_SmzF1On3A","RequestId":"0HNGF73NGSDHF:0000000D","RequestPath":"/_blazor","ConnectionId":"0HNGF73NGSDHF","Application":"MiniJira"}
2025-10-19 19:57:23.999 +02:00 [WRN] Compiling a query which loads related collections for more than one collection navigation, either via 'Include' or through projection, but no 'QuerySplittingBehavior' has been configured. By default, Entity Framework will use 'QuerySplittingBehavior.SingleQuery', which can potentially result in slow query performance. See https://go.microsoft.com/fwlink/?linkid=2134277 for more information. To identify the query that's triggering this warning call 'ConfigureWarnings(w => w.Throw(RelationalEventId.MultipleCollectionIncludeWarning))'. {"EventId":{"Id":20504,"Name":"Microsoft.EntityFrameworkCore.Query.MultipleCollectionIncludeWarning"},"SourceContext":"Microsoft.EntityFrameworkCore.Query","TransportConnectionId":"1_enKQnbjIxw_SmzF1On3A","RequestId":"0HNGF73NGSDHF:0000000D","RequestPath":"/_blazor","ConnectionId":"0HNGF73NGSDHF","Application":"MiniJira"}
2025-10-19 19:57:24.157 +02:00 [INF] Retrieving all tasks {"SourceContext":"MiniJira.Services.TaskService","TransportConnectionId":"1_enKQnbjIxw_SmzF1On3A","RequestId":"0HNGF73NGSDHF:0000000D","RequestPath":"/_blazor","ConnectionId":"0HNGF73NGSDHF","Application":"MiniJira"}
2025-10-19 19:58:00.508 +02:00 [INF] Retrieving task with ID "b93754f7-233b-40fd-9bb2-5b5cf6cfb246" {"SourceContext":"MiniJira.Services.TaskService","TransportConnectionId":"1_enKQnbjIxw_SmzF1On3A","RequestId":"0HNGF73NGSDHF:0000000D","RequestPath":"/_blazor","ConnectionId":"0HNGF73NGSDHF","Application":"MiniJira"}
2025-10-19 19:58:00.552 +02:00 [INF] Retrieving all columns for culture hr-HR {"SourceContext":"MiniJira.Services.ColumnService","TransportConnectionId":"1_enKQnbjIxw_SmzF1On3A","RequestId":"0HNGF73NGSDHF:0000000D","RequestPath":"/_blazor","ConnectionId":"0HNGF73NGSDHF","Application":"MiniJira"}
2025-10-19 19:58:00.566 +02:00 [INF] Retrieving distinct customer names {"SourceContext":"MiniJira.Services.TaskService","TransportConnectionId":"1_enKQnbjIxw_SmzF1On3A","RequestId":"0HNGF73NGSDHF:0000000D","RequestPath":"/_blazor","ConnectionId":"0HNGF73NGSDHF","Application":"MiniJira"}
2025-10-19 19:58:00.795 +02:00 [WRN] Compiling a query which loads related collections for more than one collection navigation, either via 'Include' or through projection, but no 'QuerySplittingBehavior' has been configured. By default, Entity Framework will use 'QuerySplittingBehavior.SingleQuery', which can potentially result in slow query performance. See https://go.microsoft.com/fwlink/?linkid=2134277 for more information. To identify the query that's triggering this warning call 'ConfigureWarnings(w => w.Throw(RelationalEventId.MultipleCollectionIncludeWarning))'. {"EventId":{"Id":20504,"Name":"Microsoft.EntityFrameworkCore.Query.MultipleCollectionIncludeWarning"},"SourceContext":"Microsoft.EntityFrameworkCore.Query","TransportConnectionId":"1_enKQnbjIxw_SmzF1On3A","RequestId":"0HNGF73NGSDHF:0000000D","RequestPath":"/_blazor","ConnectionId":"0HNGF73NGSDHF","Application":"MiniJira"}
2025-10-19 19:58:00.966 +02:00 [INF] Retrieving owner history for task "b93754f7-233b-40fd-9bb2-5b5cf6cfb246" {"SourceContext":"MiniJira.Services.TaskService","TransportConnectionId":"1_enKQnbjIxw_SmzF1On3A","RequestId":"0HNGF73NGSDHF:0000000D","RequestPath":"/_blazor","ConnectionId":"0HNGF73NGSDHF","Application":"MiniJira"}
2025-10-19 19:58:00.986 +02:00 [INF] Retrieving owner history for task "b93754f7-233b-40fd-9bb2-5b5cf6cfb246" {"SourceContext":"MiniJira.Services.TaskService","TransportConnectionId":"1_enKQnbjIxw_SmzF1On3A","RequestId":"0HNGF73NGSDHF:0000000D","RequestPath":"/_blazor","ConnectionId":"0HNGF73NGSDHF","Application":"MiniJira"}
2025-10-19 19:58:08.272 +02:00 [INF] Start processing HTTP request POST https://localhost:7105/api/workorder/d5683967-5a27-48f3-ac14-b739d963004f/import/excel {"EventId":{"Id":100,"Name":"RequestPipelineStart"},"SourceContext":"System.Net.Http.HttpClient.Default.LogicalHandler","TransportConnectionId":"1_enKQnbjIxw_SmzF1On3A","RequestId":"0HNGF73NGSDHF:0000000D","RequestPath":"/_blazor","ConnectionId":"0HNGF73NGSDHF","Scope":["HTTP POST https://localhost:7105/api/workorder/d5683967-5a27-48f3-ac14-b739d963004f/import/excel"],"Application":"MiniJira"}
2025-10-19 19:58:08.290 +02:00 [INF] Sending HTTP request POST https://localhost:7105/api/workorder/d5683967-5a27-48f3-ac14-b739d963004f/import/excel {"EventId":{"Id":100,"Name":"RequestStart"},"SourceContext":"System.Net.Http.HttpClient.Default.ClientHandler","TransportConnectionId":"1_enKQnbjIxw_SmzF1On3A","RequestId":"0HNGF73NGSDHF:0000000D","RequestPath":"/_blazor","ConnectionId":"0HNGF73NGSDHF","Scope":["HTTP POST https://localhost:7105/api/workorder/d5683967-5a27-48f3-ac14-b739d963004f/import/excel"],"Application":"MiniJira"}
2025-10-19 19:58:10.466 +02:00 [INF] Received HTTP response headers after 2162.653ms - 200 {"EventId":{"Id":101,"Name":"RequestEnd"},"SourceContext":"System.Net.Http.HttpClient.Default.ClientHandler","HttpMethod":"POST","Uri":"https://localhost:7105/api/workorder/d5683967-5a27-48f3-ac14-b739d963004f/import/excel","TransportConnectionId":"1_enKQnbjIxw_SmzF1On3A","RequestId":"0HNGF73NGSDHF:0000000D","RequestPath":"/_blazor","ConnectionId":"0HNGF73NGSDHF","Scope":["HTTP POST https://localhost:7105/api/workorder/d5683967-5a27-48f3-ac14-b739d963004f/import/excel"],"Application":"MiniJira"}
2025-10-19 19:58:10.481 +02:00 [INF] End processing HTTP request after 2216.0069ms - 200 {"EventId":{"Id":101,"Name":"RequestPipelineEnd"},"SourceContext":"System.Net.Http.HttpClient.Default.LogicalHandler","HttpMethod":"POST","Uri":"https://localhost:7105/api/workorder/d5683967-5a27-48f3-ac14-b739d963004f/import/excel","TransportConnectionId":"1_enKQnbjIxw_SmzF1On3A","RequestId":"0HNGF73NGSDHF:0000000D","RequestPath":"/_blazor","ConnectionId":"0HNGF73NGSDHF","Scope":["HTTP POST https://localhost:7105/api/workorder/d5683967-5a27-48f3-ac14-b739d963004f/import/excel"],"Application":"MiniJira"}
2025-10-19 20:03:09.577 +02:00 [INF] Retrieving all columns for culture en-US {"SourceContext":"MiniJira.Services.ColumnService","TransportConnectionId":"hJepy6cMmsH_4uFZ6fk1tA","RequestId":"0HNGF73NGSDHH:0000000D","RequestPath":"/_blazor","ConnectionId":"0HNGF73NGSDHH","Application":"MiniJira"}
2025-10-19 20:03:09.589 +02:00 [INF] Retrieving all tasks {"SourceContext":"MiniJira.Services.TaskService","TransportConnectionId":"hJepy6cMmsH_4uFZ6fk1tA","RequestId":"0HNGF73NGSDHH:0000000D","RequestPath":"/_blazor","ConnectionId":"0HNGF73NGSDHH","Application":"MiniJira"}
2025-10-19 20:03:14.953 +02:00 [INF] Retrieving task with ID "b93754f7-233b-40fd-9bb2-5b5cf6cfb246" {"SourceContext":"MiniJira.Services.TaskService","TransportConnectionId":"hJepy6cMmsH_4uFZ6fk1tA","RequestId":"0HNGF73NGSDHH:0000000D","RequestPath":"/_blazor","ConnectionId":"0HNGF73NGSDHH","Application":"MiniJira"}
2025-10-19 20:03:14.959 +02:00 [INF] Retrieving all columns for culture en-US {"SourceContext":"MiniJira.Services.ColumnService","TransportConnectionId":"hJepy6cMmsH_4uFZ6fk1tA","RequestId":"0HNGF73NGSDHH:0000000D","RequestPath":"/_blazor","ConnectionId":"0HNGF73NGSDHH","Application":"MiniJira"}
2025-10-19 20:03:14.967 +02:00 [INF] Retrieving distinct customer names {"SourceContext":"MiniJira.Services.TaskService","TransportConnectionId":"hJepy6cMmsH_4uFZ6fk1tA","RequestId":"0HNGF73NGSDHH:0000000D","RequestPath":"/_blazor","ConnectionId":"0HNGF73NGSDHH","Application":"MiniJira"}
2025-10-19 20:03:14.985 +02:00 [INF] Retrieving owner history for task "b93754f7-233b-40fd-9bb2-5b5cf6cfb246" {"SourceContext":"MiniJira.Services.TaskService","TransportConnectionId":"hJepy6cMmsH_4uFZ6fk1tA","RequestId":"0HNGF73NGSDHH:0000000D","RequestPath":"/_blazor","ConnectionId":"0HNGF73NGSDHH","Application":"MiniJira"}
2025-10-19 20:03:14.991 +02:00 [INF] Retrieving owner history for task "b93754f7-233b-40fd-9bb2-5b5cf6cfb246" {"SourceContext":"MiniJira.Services.TaskService","TransportConnectionId":"hJepy6cMmsH_4uFZ6fk1tA","RequestId":"0HNGF73NGSDHH:0000000D","RequestPath":"/_blazor","ConnectionId":"0HNGF73NGSDHH","Application":"MiniJira"}
2025-10-19 20:09:28.926 +02:00 [INF] Retrieving task with ID "b93754f7-233b-40fd-9bb2-5b5cf6cfb246" {"SourceContext":"MiniJira.Services.TaskService","ActionId":"b7694909-8b5a-475d-80bd-8e67e9dcbd16","ActionName":"/_Host","RequestId":"0HNGF73NGSDHH:0000008F","RequestPath":"/task/b93754f7-233b-40fd-9bb2-5b5cf6cfb246","ConnectionId":"0HNGF73NGSDHH","Application":"MiniJira"}
2025-10-19 20:09:28.938 +02:00 [INF] Retrieving all columns for culture en-US {"SourceContext":"MiniJira.Services.ColumnService","ActionId":"b7694909-8b5a-475d-80bd-8e67e9dcbd16","ActionName":"/_Host","RequestId":"0HNGF73NGSDHH:0000008F","RequestPath":"/task/b93754f7-233b-40fd-9bb2-5b5cf6cfb246","ConnectionId":"0HNGF73NGSDHH","Application":"MiniJira"}
2025-10-19 20:09:28.946 +02:00 [INF] Retrieving distinct customer names {"SourceContext":"MiniJira.Services.TaskService","ActionId":"b7694909-8b5a-475d-80bd-8e67e9dcbd16","ActionName":"/_Host","RequestId":"0HNGF73NGSDHH:0000008F","RequestPath":"/task/b93754f7-233b-40fd-9bb2-5b5cf6cfb246","ConnectionId":"0HNGF73NGSDHH","Application":"MiniJira"}
2025-10-19 20:09:28.959 +02:00 [INF] Retrieving owner history for task "b93754f7-233b-40fd-9bb2-5b5cf6cfb246" {"SourceContext":"MiniJira.Services.TaskService","ActionId":"b7694909-8b5a-475d-80bd-8e67e9dcbd16","ActionName":"/_Host","RequestId":"0HNGF73NGSDHH:0000008F","RequestPath":"/task/b93754f7-233b-40fd-9bb2-5b5cf6cfb246","ConnectionId":"0HNGF73NGSDHH","Application":"MiniJira"}
2025-10-19 20:09:28.966 +02:00 [INF] Retrieving owner history for task "b93754f7-233b-40fd-9bb2-5b5cf6cfb246" {"SourceContext":"MiniJira.Services.TaskService","ActionId":"b7694909-8b5a-475d-80bd-8e67e9dcbd16","ActionName":"/_Host","RequestId":"0HNGF73NGSDHH:0000008F","RequestPath":"/task/b93754f7-233b-40fd-9bb2-5b5cf6cfb246","ConnectionId":"0HNGF73NGSDHH","Application":"MiniJira"}
2025-10-19 20:09:29.439 +02:00 [WRN] Unhandled exception rendering component: JavaScript interop calls cannot be issued at this time. This is because the circuit has disconnected and is being disposed. {"EventId":{"Id":100,"Name":"ExceptionRenderingComponent"},"SourceContext":"Microsoft.AspNetCore.Components.Server.Circuits.RemoteRenderer","RequestId":"0HNGF73NGSDHH:00000091","RequestPath":"/_blazor/disconnect","ConnectionId":"0HNGF73NGSDHH","Application":"MiniJira"}
Microsoft.JSInterop.JSDisconnectedException: JavaScript interop calls cannot be issued at this time. This is because the circuit has disconnected and is being disposed.
   at Microsoft.AspNetCore.Components.Server.Circuits.RemoteJSRuntime.BeginInvokeJS(Int64 asyncHandle, String identifier, String argsJson, JSCallResultType resultType, Int64 targetInstanceId)
   at Microsoft.JSInterop.JSRuntime.InvokeAsync[TValue](Int64 targetInstanceId, String identifier, CancellationToken cancellationToken, Object[] args)
   at Microsoft.JSInterop.JSRuntime.InvokeAsync[TValue](Int64 targetInstanceId, String identifier, Object[] args)
   at Microsoft.JSInterop.JSRuntimeExtensions.InvokeVoidAsync(IJSRuntime jsRuntime, String identifier, Object[] args)
   at Microsoft.JSInterop.Implementation.JSObjectReference.DisposeAsync()
   at MiniJira.Shared.MainLayout.DisposeAsync() in D:\KimiAi\MiniJira\MiniJira\MiniJira\Shared\MainLayout.razor.cs:line 132
   at Microsoft.AspNetCore.Components.RenderTree.Renderer.<>c__DisplayClass85_0.<<Dispose>g__HandleAsyncExceptions|1>d.MoveNext()
2025-10-19 20:09:29.444 +02:00 [INF] Retrieving task with ID "b93754f7-233b-40fd-9bb2-5b5cf6cfb246" {"SourceContext":"MiniJira.Services.TaskService","TransportConnectionId":"WA3DK33deVEBzpy1L_UQZw","RequestId":"0HNGF73NGSDHH:000000AF","RequestPath":"/_blazor","ConnectionId":"0HNGF73NGSDHH","Application":"MiniJira"}
2025-10-19 20:09:29.488 +02:00 [INF] Retrieving all columns for culture en-US {"SourceContext":"MiniJira.Services.ColumnService","TransportConnectionId":"WA3DK33deVEBzpy1L_UQZw","RequestId":"0HNGF73NGSDHH:000000AF","RequestPath":"/_blazor","ConnectionId":"0HNGF73NGSDHH","Application":"MiniJira"}
2025-10-19 20:09:29.493 +02:00 [ERR] Unhandled exception in circuit 'acHORfh4diNk2Lc84YoKVL8F0KXrHoGsDcZI1AbyVPs'. {"EventId":{"Id":111,"Name":"CircuitUnhandledException"},"SourceContext":"Microsoft.AspNetCore.Components.Server.Circuits.CircuitHost","RequestId":"0HNGF73NGSDHH:00000091","RequestPath":"/_blazor/disconnect","ConnectionId":"0HNGF73NGSDHH","Application":"MiniJira"}
Microsoft.JSInterop.JSDisconnectedException: JavaScript interop calls cannot be issued at this time. This is because the circuit has disconnected and is being disposed.
   at Microsoft.AspNetCore.Components.Server.Circuits.RemoteJSRuntime.BeginInvokeJS(Int64 asyncHandle, String identifier, String argsJson, JSCallResultType resultType, Int64 targetInstanceId)
   at Microsoft.JSInterop.JSRuntime.InvokeAsync[TValue](Int64 targetInstanceId, String identifier, CancellationToken cancellationToken, Object[] args)
   at Microsoft.JSInterop.JSRuntime.InvokeAsync[TValue](Int64 targetInstanceId, String identifier, Object[] args)
   at Microsoft.JSInterop.JSRuntimeExtensions.InvokeVoidAsync(IJSRuntime jsRuntime, String identifier, Object[] args)
   at Microsoft.JSInterop.Implementation.JSObjectReference.DisposeAsync()
   at MiniJira.Shared.MainLayout.DisposeAsync() in D:\KimiAi\MiniJira\MiniJira\MiniJira\Shared\MainLayout.razor.cs:line 132
   at Microsoft.AspNetCore.Components.RenderTree.Renderer.<>c__DisplayClass85_0.<<Dispose>g__HandleAsyncExceptions|1>d.MoveNext()
2025-10-19 20:09:29.496 +02:00 [INF] Retrieving distinct customer names {"SourceContext":"MiniJira.Services.TaskService","TransportConnectionId":"WA3DK33deVEBzpy1L_UQZw","RequestId":"0HNGF73NGSDHH:000000AF","RequestPath":"/_blazor","ConnectionId":"0HNGF73NGSDHH","Application":"MiniJira"}
2025-10-19 20:09:29.516 +02:00 [INF] Retrieving owner history for task "b93754f7-233b-40fd-9bb2-5b5cf6cfb246" {"SourceContext":"MiniJira.Services.TaskService","TransportConnectionId":"WA3DK33deVEBzpy1L_UQZw","RequestId":"0HNGF73NGSDHH:000000AF","RequestPath":"/_blazor","ConnectionId":"0HNGF73NGSDHH","Application":"MiniJira"}
2025-10-19 20:09:29.522 +02:00 [INF] Retrieving owner history for task "b93754f7-233b-40fd-9bb2-5b5cf6cfb246" {"SourceContext":"MiniJira.Services.TaskService","TransportConnectionId":"WA3DK33deVEBzpy1L_UQZw","RequestId":"0HNGF73NGSDHH:000000AF","RequestPath":"/_blazor","ConnectionId":"0HNGF73NGSDHH","Application":"MiniJira"}
2025-10-19 20:12:34.873 +02:00 [INF] Retrieving task with ID "b93754f7-233b-40fd-9bb2-5b5cf6cfb246" {"SourceContext":"MiniJira.Services.TaskService","ActionId":"b7694909-8b5a-475d-80bd-8e67e9dcbd16","ActionName":"/_Host","RequestId":"0HNGF73NGSDHH:000000E1","RequestPath":"/task/b93754f7-233b-40fd-9bb2-5b5cf6cfb246","ConnectionId":"0HNGF73NGSDHH","Application":"MiniJira"}
2025-10-19 20:12:34.881 +02:00 [INF] Retrieving all columns for culture en-US {"SourceContext":"MiniJira.Services.ColumnService","ActionId":"b7694909-8b5a-475d-80bd-8e67e9dcbd16","ActionName":"/_Host","RequestId":"0HNGF73NGSDHH:000000E1","RequestPath":"/task/b93754f7-233b-40fd-9bb2-5b5cf6cfb246","ConnectionId":"0HNGF73NGSDHH","Application":"MiniJira"}
2025-10-19 20:12:34.888 +02:00 [INF] Retrieving distinct customer names {"SourceContext":"MiniJira.Services.TaskService","ActionId":"b7694909-8b5a-475d-80bd-8e67e9dcbd16","ActionName":"/_Host","RequestId":"0HNGF73NGSDHH:000000E1","RequestPath":"/task/b93754f7-233b-40fd-9bb2-5b5cf6cfb246","ConnectionId":"0HNGF73NGSDHH","Application":"MiniJira"}
2025-10-19 20:12:34.898 +02:00 [INF] Retrieving owner history for task "b93754f7-233b-40fd-9bb2-5b5cf6cfb246" {"SourceContext":"MiniJira.Services.TaskService","ActionId":"b7694909-8b5a-475d-80bd-8e67e9dcbd16","ActionName":"/_Host","RequestId":"0HNGF73NGSDHH:000000E1","RequestPath":"/task/b93754f7-233b-40fd-9bb2-5b5cf6cfb246","ConnectionId":"0HNGF73NGSDHH","Application":"MiniJira"}
2025-10-19 20:12:34.905 +02:00 [INF] Retrieving owner history for task "b93754f7-233b-40fd-9bb2-5b5cf6cfb246" {"SourceContext":"MiniJira.Services.TaskService","ActionId":"b7694909-8b5a-475d-80bd-8e67e9dcbd16","ActionName":"/_Host","RequestId":"0HNGF73NGSDHH:000000E1","RequestPath":"/task/b93754f7-233b-40fd-9bb2-5b5cf6cfb246","ConnectionId":"0HNGF73NGSDHH","Application":"MiniJira"}
2025-10-19 20:12:35.163 +02:00 [WRN] Unhandled exception rendering component: JavaScript interop calls cannot be issued at this time. This is because the circuit has disconnected and is being disposed. {"EventId":{"Id":100,"Name":"ExceptionRenderingComponent"},"SourceContext":"Microsoft.AspNetCore.Components.Server.Circuits.RemoteRenderer","RequestId":"0HNGF73NGSDHH:000000E3","RequestPath":"/_blazor/disconnect","ConnectionId":"0HNGF73NGSDHH","Application":"MiniJira"}
Microsoft.JSInterop.JSDisconnectedException: JavaScript interop calls cannot be issued at this time. This is because the circuit has disconnected and is being disposed.
   at Microsoft.AspNetCore.Components.Server.Circuits.RemoteJSRuntime.BeginInvokeJS(Int64 asyncHandle, String identifier, String argsJson, JSCallResultType resultType, Int64 targetInstanceId)
   at Microsoft.JSInterop.JSRuntime.InvokeAsync[TValue](Int64 targetInstanceId, String identifier, CancellationToken cancellationToken, Object[] args)
   at Microsoft.JSInterop.JSRuntime.InvokeAsync[TValue](Int64 targetInstanceId, String identifier, Object[] args)
   at Microsoft.JSInterop.JSRuntimeExtensions.InvokeVoidAsync(IJSRuntime jsRuntime, String identifier, Object[] args)
   at Microsoft.JSInterop.Implementation.JSObjectReference.DisposeAsync()
   at MiniJira.Shared.MainLayout.DisposeAsync() in D:\KimiAi\MiniJira\MiniJira\MiniJira\Shared\MainLayout.razor.cs:line 132
   at Microsoft.AspNetCore.Components.RenderTree.Renderer.<>c__DisplayClass85_0.<<Dispose>g__HandleAsyncExceptions|1>d.MoveNext()
2025-10-19 20:12:35.208 +02:00 [ERR] Unhandled exception in circuit 'ifTT-GSeInNcy7CBefolb6Q2KmC6ogjbCV7nKRpsrFA'. {"EventId":{"Id":111,"Name":"CircuitUnhandledException"},"SourceContext":"Microsoft.AspNetCore.Components.Server.Circuits.CircuitHost","RequestId":"0HNGF73NGSDHH:000000E3","RequestPath":"/_blazor/disconnect","ConnectionId":"0HNGF73NGSDHH","Application":"MiniJira"}
Microsoft.JSInterop.JSDisconnectedException: JavaScript interop calls cannot be issued at this time. This is because the circuit has disconnected and is being disposed.
   at Microsoft.AspNetCore.Components.Server.Circuits.RemoteJSRuntime.BeginInvokeJS(Int64 asyncHandle, String identifier, String argsJson, JSCallResultType resultType, Int64 targetInstanceId)
   at Microsoft.JSInterop.JSRuntime.InvokeAsync[TValue](Int64 targetInstanceId, String identifier, CancellationToken cancellationToken, Object[] args)
   at Microsoft.JSInterop.JSRuntime.InvokeAsync[TValue](Int64 targetInstanceId, String identifier, Object[] args)
   at Microsoft.JSInterop.JSRuntimeExtensions.InvokeVoidAsync(IJSRuntime jsRuntime, String identifier, Object[] args)
   at Microsoft.JSInterop.Implementation.JSObjectReference.DisposeAsync()
   at MiniJira.Shared.MainLayout.DisposeAsync() in D:\KimiAi\MiniJira\MiniJira\MiniJira\Shared\MainLayout.razor.cs:line 132
   at Microsoft.AspNetCore.Components.RenderTree.Renderer.<>c__DisplayClass85_0.<<Dispose>g__HandleAsyncExceptions|1>d.MoveNext()
2025-10-19 20:12:35.282 +02:00 [INF] Retrieving task with ID "b93754f7-233b-40fd-9bb2-5b5cf6cfb246" {"SourceContext":"MiniJira.Services.TaskService","TransportConnectionId":"nK-I29A2NViP5k2ACUAKmA","RequestId":"0HNGF73NGSDHH:00000103","RequestPath":"/_blazor","ConnectionId":"0HNGF73NGSDHH","Application":"MiniJira"}
2025-10-19 20:12:35.291 +02:00 [INF] Retrieving all columns for culture en-US {"SourceContext":"MiniJira.Services.ColumnService","TransportConnectionId":"nK-I29A2NViP5k2ACUAKmA","RequestId":"0HNGF73NGSDHH:00000103","RequestPath":"/_blazor","ConnectionId":"0HNGF73NGSDHH","Application":"MiniJira"}
2025-10-19 20:12:35.299 +02:00 [INF] Retrieving distinct customer names {"SourceContext":"MiniJira.Services.TaskService","TransportConnectionId":"nK-I29A2NViP5k2ACUAKmA","RequestId":"0HNGF73NGSDHH:00000103","RequestPath":"/_blazor","ConnectionId":"0HNGF73NGSDHH","Application":"MiniJira"}
2025-10-19 20:12:35.309 +02:00 [INF] Retrieving owner history for task "b93754f7-233b-40fd-9bb2-5b5cf6cfb246" {"SourceContext":"MiniJira.Services.TaskService","TransportConnectionId":"nK-I29A2NViP5k2ACUAKmA","RequestId":"0HNGF73NGSDHH:00000103","RequestPath":"/_blazor","ConnectionId":"0HNGF73NGSDHH","Application":"MiniJira"}
2025-10-19 20:12:35.317 +02:00 [INF] Retrieving owner history for task "b93754f7-233b-40fd-9bb2-5b5cf6cfb246" {"SourceContext":"MiniJira.Services.TaskService","TransportConnectionId":"nK-I29A2NViP5k2ACUAKmA","RequestId":"0HNGF73NGSDHH:00000103","RequestPath":"/_blazor","ConnectionId":"0HNGF73NGSDHH","Application":"MiniJira"}
2025-10-19 20:17:17.904 +02:00 [INF] Retrieving task with ID "b93754f7-233b-40fd-9bb2-5b5cf6cfb246" {"SourceContext":"MiniJira.Services.TaskService","ActionId":"b7694909-8b5a-475d-80bd-8e67e9dcbd16","ActionName":"/_Host","RequestId":"0HNGF73NGSDHH:0000012D","RequestPath":"/task/b93754f7-233b-40fd-9bb2-5b5cf6cfb246","ConnectionId":"0HNGF73NGSDHH","Application":"MiniJira"}
2025-10-19 20:17:17.913 +02:00 [INF] Retrieving all columns for culture en-US {"SourceContext":"MiniJira.Services.ColumnService","ActionId":"b7694909-8b5a-475d-80bd-8e67e9dcbd16","ActionName":"/_Host","RequestId":"0HNGF73NGSDHH:0000012D","RequestPath":"/task/b93754f7-233b-40fd-9bb2-5b5cf6cfb246","ConnectionId":"0HNGF73NGSDHH","Application":"MiniJira"}
2025-10-19 20:17:17.921 +02:00 [INF] Retrieving distinct customer names {"SourceContext":"MiniJira.Services.TaskService","ActionId":"b7694909-8b5a-475d-80bd-8e67e9dcbd16","ActionName":"/_Host","RequestId":"0HNGF73NGSDHH:0000012D","RequestPath":"/task/b93754f7-233b-40fd-9bb2-5b5cf6cfb246","ConnectionId":"0HNGF73NGSDHH","Application":"MiniJira"}
2025-10-19 20:17:17.932 +02:00 [INF] Retrieving owner history for task "b93754f7-233b-40fd-9bb2-5b5cf6cfb246" {"SourceContext":"MiniJira.Services.TaskService","ActionId":"b7694909-8b5a-475d-80bd-8e67e9dcbd16","ActionName":"/_Host","RequestId":"0HNGF73NGSDHH:0000012D","RequestPath":"/task/b93754f7-233b-40fd-9bb2-5b5cf6cfb246","ConnectionId":"0HNGF73NGSDHH","Application":"MiniJira"}
2025-10-19 20:17:17.942 +02:00 [INF] Retrieving owner history for task "b93754f7-233b-40fd-9bb2-5b5cf6cfb246" {"SourceContext":"MiniJira.Services.TaskService","ActionId":"b7694909-8b5a-475d-80bd-8e67e9dcbd16","ActionName":"/_Host","RequestId":"0HNGF73NGSDHH:0000012D","RequestPath":"/task/b93754f7-233b-40fd-9bb2-5b5cf6cfb246","ConnectionId":"0HNGF73NGSDHH","Application":"MiniJira"}
2025-10-19 20:17:18.241 +02:00 [WRN] Unhandled exception rendering component: JavaScript interop calls cannot be issued at this time. This is because the circuit has disconnected and is being disposed. {"EventId":{"Id":100,"Name":"ExceptionRenderingComponent"},"SourceContext":"Microsoft.AspNetCore.Components.Server.Circuits.RemoteRenderer","RequestId":"0HNGF73NGSDHH:0000012F","RequestPath":"/_blazor/disconnect","ConnectionId":"0HNGF73NGSDHH","Application":"MiniJira"}
Microsoft.JSInterop.JSDisconnectedException: JavaScript interop calls cannot be issued at this time. This is because the circuit has disconnected and is being disposed.
   at Microsoft.JSInterop.JSRuntime.InvokeAsync[TValue](Int64 targetInstanceId, String identifier, CancellationToken cancellationToken, Object[] args)
   at Microsoft.JSInterop.JSRuntime.InvokeAsync[TValue](Int64 targetInstanceId, String identifier, Object[] args)
   at Microsoft.JSInterop.JSRuntimeExtensions.InvokeVoidAsync(IJSRuntime jsRuntime, String identifier, Object[] args)
   at Microsoft.JSInterop.Implementation.JSObjectReference.DisposeAsync()
   at MiniJira.Shared.MainLayout.DisposeAsync() in D:\KimiAi\MiniJira\MiniJira\MiniJira\Shared\MainLayout.razor.cs:line 132
   at Microsoft.AspNetCore.Components.RenderTree.Renderer.<>c__DisplayClass85_0.<<Dispose>g__HandleAsyncExceptions|1>d.MoveNext()
2025-10-19 20:17:18.277 +02:00 [ERR] Unhandled exception in circuit 'EP5w5MUDExmY53686f_8073EPHBsSd7TxVg9V3yoCtM'. {"EventId":{"Id":111,"Name":"CircuitUnhandledException"},"SourceContext":"Microsoft.AspNetCore.Components.Server.Circuits.CircuitHost","RequestId":"0HNGF73NGSDHH:0000012F","RequestPath":"/_blazor/disconnect","ConnectionId":"0HNGF73NGSDHH","Application":"MiniJira"}
Microsoft.JSInterop.JSDisconnectedException: JavaScript interop calls cannot be issued at this time. This is because the circuit has disconnected and is being disposed.
   at Microsoft.JSInterop.JSRuntime.InvokeAsync[TValue](Int64 targetInstanceId, String identifier, CancellationToken cancellationToken, Object[] args)
   at Microsoft.JSInterop.JSRuntime.InvokeAsync[TValue](Int64 targetInstanceId, String identifier, Object[] args)
   at Microsoft.JSInterop.JSRuntimeExtensions.InvokeVoidAsync(IJSRuntime jsRuntime, String identifier, Object[] args)
   at Microsoft.JSInterop.Implementation.JSObjectReference.DisposeAsync()
   at MiniJira.Shared.MainLayout.DisposeAsync() in D:\KimiAi\MiniJira\MiniJira\MiniJira\Shared\MainLayout.razor.cs:line 132
   at Microsoft.AspNetCore.Components.RenderTree.Renderer.<>c__DisplayClass85_0.<<Dispose>g__HandleAsyncExceptions|1>d.MoveNext()
2025-10-19 20:17:18.337 +02:00 [INF] Retrieving task with ID "b93754f7-233b-40fd-9bb2-5b5cf6cfb246" {"SourceContext":"MiniJira.Services.TaskService","TransportConnectionId":"Ph1c3G9DH2OM931LOJgofQ","RequestId":"0HNGF73NGSDHH:0000014F","RequestPath":"/_blazor","ConnectionId":"0HNGF73NGSDHH","Application":"MiniJira"}
2025-10-19 20:17:18.347 +02:00 [INF] Retrieving all columns for culture en-US {"SourceContext":"MiniJira.Services.ColumnService","TransportConnectionId":"Ph1c3G9DH2OM931LOJgofQ","RequestId":"0HNGF73NGSDHH:0000014F","RequestPath":"/_blazor","ConnectionId":"0HNGF73NGSDHH","Application":"MiniJira"}
2025-10-19 20:17:18.358 +02:00 [INF] Retrieving distinct customer names {"SourceContext":"MiniJira.Services.TaskService","TransportConnectionId":"Ph1c3G9DH2OM931LOJgofQ","RequestId":"0HNGF73NGSDHH:0000014F","RequestPath":"/_blazor","ConnectionId":"0HNGF73NGSDHH","Application":"MiniJira"}
2025-10-19 20:17:18.370 +02:00 [INF] Retrieving owner history for task "b93754f7-233b-40fd-9bb2-5b5cf6cfb246" {"SourceContext":"MiniJira.Services.TaskService","TransportConnectionId":"Ph1c3G9DH2OM931LOJgofQ","RequestId":"0HNGF73NGSDHH:0000014F","RequestPath":"/_blazor","ConnectionId":"0HNGF73NGSDHH","Application":"MiniJira"}
2025-10-19 20:17:18.377 +02:00 [INF] Retrieving owner history for task "b93754f7-233b-40fd-9bb2-5b5cf6cfb246" {"SourceContext":"MiniJira.Services.TaskService","TransportConnectionId":"Ph1c3G9DH2OM931LOJgofQ","RequestId":"0HNGF73NGSDHH:0000014F","RequestPath":"/_blazor","ConnectionId":"0HNGF73NGSDHH","Application":"MiniJira"}
2025-10-19 20:19:10.071 +02:00 [INF] Retrieving task with ID "b93754f7-233b-40fd-9bb2-5b5cf6cfb246" {"SourceContext":"MiniJira.Services.TaskService","ActionId":"b7694909-8b5a-475d-80bd-8e67e9dcbd16","ActionName":"/_Host","RequestId":"0HNGF73NGSDHH:00000155","RequestPath":"/task/b93754f7-233b-40fd-9bb2-5b5cf6cfb246","ConnectionId":"0HNGF73NGSDHH","Application":"MiniJira"}
2025-10-19 20:19:10.079 +02:00 [INF] Retrieving all columns for culture en-US {"SourceContext":"MiniJira.Services.ColumnService","ActionId":"b7694909-8b5a-475d-80bd-8e67e9dcbd16","ActionName":"/_Host","RequestId":"0HNGF73NGSDHH:00000155","RequestPath":"/task/b93754f7-233b-40fd-9bb2-5b5cf6cfb246","ConnectionId":"0HNGF73NGSDHH","Application":"MiniJira"}
2025-10-19 20:19:10.085 +02:00 [INF] Retrieving distinct customer names {"SourceContext":"MiniJira.Services.TaskService","ActionId":"b7694909-8b5a-475d-80bd-8e67e9dcbd16","ActionName":"/_Host","RequestId":"0HNGF73NGSDHH:00000155","RequestPath":"/task/b93754f7-233b-40fd-9bb2-5b5cf6cfb246","ConnectionId":"0HNGF73NGSDHH","Application":"MiniJira"}
2025-10-19 20:19:10.096 +02:00 [INF] Retrieving owner history for task "b93754f7-233b-40fd-9bb2-5b5cf6cfb246" {"SourceContext":"MiniJira.Services.TaskService","ActionId":"b7694909-8b5a-475d-80bd-8e67e9dcbd16","ActionName":"/_Host","RequestId":"0HNGF73NGSDHH:00000155","RequestPath":"/task/b93754f7-233b-40fd-9bb2-5b5cf6cfb246","ConnectionId":"0HNGF73NGSDHH","Application":"MiniJira"}
2025-10-19 20:19:10.104 +02:00 [INF] Retrieving owner history for task "b93754f7-233b-40fd-9bb2-5b5cf6cfb246" {"SourceContext":"MiniJira.Services.TaskService","ActionId":"b7694909-8b5a-475d-80bd-8e67e9dcbd16","ActionName":"/_Host","RequestId":"0HNGF73NGSDHH:00000155","RequestPath":"/task/b93754f7-233b-40fd-9bb2-5b5cf6cfb246","ConnectionId":"0HNGF73NGSDHH","Application":"MiniJira"}
2025-10-19 20:19:10.367 +02:00 [WRN] Unhandled exception rendering component: JavaScript interop calls cannot be issued at this time. This is because the circuit has disconnected and is being disposed. {"EventId":{"Id":100,"Name":"ExceptionRenderingComponent"},"SourceContext":"Microsoft.AspNetCore.Components.Server.Circuits.RemoteRenderer","RequestId":"0HNGF73NGSDHH:00000157","RequestPath":"/_blazor/disconnect","ConnectionId":"0HNGF73NGSDHH","Application":"MiniJira"}
Microsoft.JSInterop.JSDisconnectedException: JavaScript interop calls cannot be issued at this time. This is because the circuit has disconnected and is being disposed.
   at Microsoft.JSInterop.JSRuntime.InvokeAsync[TValue](Int64 targetInstanceId, String identifier, CancellationToken cancellationToken, Object[] args)
   at Microsoft.JSInterop.JSRuntime.InvokeAsync[TValue](Int64 targetInstanceId, String identifier, Object[] args)
   at Microsoft.JSInterop.JSRuntimeExtensions.InvokeVoidAsync(IJSRuntime jsRuntime, String identifier, Object[] args)
   at Microsoft.JSInterop.Implementation.JSObjectReference.DisposeAsync()
   at MiniJira.Shared.MainLayout.DisposeAsync() in D:\KimiAi\MiniJira\MiniJira\MiniJira\Shared\MainLayout.razor.cs:line 132
   at Microsoft.AspNetCore.Components.RenderTree.Renderer.<>c__DisplayClass85_0.<<Dispose>g__HandleAsyncExceptions|1>d.MoveNext()
2025-10-19 20:19:10.391 +02:00 [ERR] Unhandled exception in circuit 'QsWXP_tSgzOA5pmmFuJpAvLKf6jea9y3ldF_fud-zR0'. {"EventId":{"Id":111,"Name":"CircuitUnhandledException"},"SourceContext":"Microsoft.AspNetCore.Components.Server.Circuits.CircuitHost","RequestId":"0HNGF73NGSDHH:00000157","RequestPath":"/_blazor/disconnect","ConnectionId":"0HNGF73NGSDHH","Application":"MiniJira"}
Microsoft.JSInterop.JSDisconnectedException: JavaScript interop calls cannot be issued at this time. This is because the circuit has disconnected and is being disposed.
   at Microsoft.JSInterop.JSRuntime.InvokeAsync[TValue](Int64 targetInstanceId, String identifier, CancellationToken cancellationToken, Object[] args)
   at Microsoft.JSInterop.JSRuntime.InvokeAsync[TValue](Int64 targetInstanceId, String identifier, Object[] args)
   at Microsoft.JSInterop.JSRuntimeExtensions.InvokeVoidAsync(IJSRuntime jsRuntime, String identifier, Object[] args)
   at Microsoft.JSInterop.Implementation.JSObjectReference.DisposeAsync()
   at MiniJira.Shared.MainLayout.DisposeAsync() in D:\KimiAi\MiniJira\MiniJira\MiniJira\Shared\MainLayout.razor.cs:line 132
   at Microsoft.AspNetCore.Components.RenderTree.Renderer.<>c__DisplayClass85_0.<<Dispose>g__HandleAsyncExceptions|1>d.MoveNext()
2025-10-19 20:19:10.401 +02:00 [INF] Retrieving task with ID "b93754f7-233b-40fd-9bb2-5b5cf6cfb246" {"SourceContext":"MiniJira.Services.TaskService","TransportConnectionId":"gd4p-IUraYT-anCl6QHUvg","RequestId":"0HNGF73NGSDHH:00000169","RequestPath":"/_blazor","ConnectionId":"0HNGF73NGSDHH","Application":"MiniJira"}
2025-10-19 20:19:10.417 +02:00 [INF] Retrieving all columns for culture en-US {"SourceContext":"MiniJira.Services.ColumnService","TransportConnectionId":"gd4p-IUraYT-anCl6QHUvg","RequestId":"0HNGF73NGSDHH:00000169","RequestPath":"/_blazor","ConnectionId":"0HNGF73NGSDHH","Application":"MiniJira"}
2025-10-19 20:19:10.425 +02:00 [INF] Retrieving distinct customer names {"SourceContext":"MiniJira.Services.TaskService","TransportConnectionId":"gd4p-IUraYT-anCl6QHUvg","RequestId":"0HNGF73NGSDHH:00000169","RequestPath":"/_blazor","ConnectionId":"0HNGF73NGSDHH","Application":"MiniJira"}
2025-10-19 20:19:10.437 +02:00 [INF] Retrieving owner history for task "b93754f7-233b-40fd-9bb2-5b5cf6cfb246" {"SourceContext":"MiniJira.Services.TaskService","TransportConnectionId":"gd4p-IUraYT-anCl6QHUvg","RequestId":"0HNGF73NGSDHH:00000169","RequestPath":"/_blazor","ConnectionId":"0HNGF73NGSDHH","Application":"MiniJira"}
2025-10-19 20:19:10.444 +02:00 [INF] Retrieving owner history for task "b93754f7-233b-40fd-9bb2-5b5cf6cfb246" {"SourceContext":"MiniJira.Services.TaskService","TransportConnectionId":"gd4p-IUraYT-anCl6QHUvg","RequestId":"0HNGF73NGSDHH:00000169","RequestPath":"/_blazor","ConnectionId":"0HNGF73NGSDHH","Application":"MiniJira"}
2025-10-19 20:23:11.117 +02:00 [INF] Retrieving task with ID "b93754f7-233b-40fd-9bb2-5b5cf6cfb246" {"SourceContext":"MiniJira.Services.TaskService","ActionId":"b7694909-8b5a-475d-80bd-8e67e9dcbd16","ActionName":"/_Host","RequestId":"0HNGF73NGSDHH:0000017B","RequestPath":"/task/b93754f7-233b-40fd-9bb2-5b5cf6cfb246","ConnectionId":"0HNGF73NGSDHH","Application":"MiniJira"}
2025-10-19 20:23:11.125 +02:00 [INF] Retrieving all columns for culture en-US {"SourceContext":"MiniJira.Services.ColumnService","ActionId":"b7694909-8b5a-475d-80bd-8e67e9dcbd16","ActionName":"/_Host","RequestId":"0HNGF73NGSDHH:0000017B","RequestPath":"/task/b93754f7-233b-40fd-9bb2-5b5cf6cfb246","ConnectionId":"0HNGF73NGSDHH","Application":"MiniJira"}
2025-10-19 20:23:11.132 +02:00 [INF] Retrieving distinct customer names {"SourceContext":"MiniJira.Services.TaskService","ActionId":"b7694909-8b5a-475d-80bd-8e67e9dcbd16","ActionName":"/_Host","RequestId":"0HNGF73NGSDHH:0000017B","RequestPath":"/task/b93754f7-233b-40fd-9bb2-5b5cf6cfb246","ConnectionId":"0HNGF73NGSDHH","Application":"MiniJira"}
2025-10-19 20:23:11.142 +02:00 [INF] Retrieving owner history for task "b93754f7-233b-40fd-9bb2-5b5cf6cfb246" {"SourceContext":"MiniJira.Services.TaskService","ActionId":"b7694909-8b5a-475d-80bd-8e67e9dcbd16","ActionName":"/_Host","RequestId":"0HNGF73NGSDHH:0000017B","RequestPath":"/task/b93754f7-233b-40fd-9bb2-5b5cf6cfb246","ConnectionId":"0HNGF73NGSDHH","Application":"MiniJira"}
2025-10-19 20:23:11.150 +02:00 [INF] Retrieving owner history for task "b93754f7-233b-40fd-9bb2-5b5cf6cfb246" {"SourceContext":"MiniJira.Services.TaskService","ActionId":"b7694909-8b5a-475d-80bd-8e67e9dcbd16","ActionName":"/_Host","RequestId":"0HNGF73NGSDHH:0000017B","RequestPath":"/task/b93754f7-233b-40fd-9bb2-5b5cf6cfb246","ConnectionId":"0HNGF73NGSDHH","Application":"MiniJira"}
2025-10-19 20:23:11.436 +02:00 [WRN] Unhandled exception rendering component: JavaScript interop calls cannot be issued at this time. This is because the circuit has disconnected and is being disposed. {"EventId":{"Id":100,"Name":"ExceptionRenderingComponent"},"SourceContext":"Microsoft.AspNetCore.Components.Server.Circuits.RemoteRenderer","RequestId":"0HNGF73NGSDHH:0000017D","RequestPath":"/_blazor/disconnect","ConnectionId":"0HNGF73NGSDHH","Application":"MiniJira"}
Microsoft.JSInterop.JSDisconnectedException: JavaScript interop calls cannot be issued at this time. This is because the circuit has disconnected and is being disposed.
   at Microsoft.JSInterop.JSRuntime.InvokeAsync[TValue](Int64 targetInstanceId, String identifier, CancellationToken cancellationToken, Object[] args)
   at Microsoft.JSInterop.JSRuntime.InvokeAsync[TValue](Int64 targetInstanceId, String identifier, Object[] args)
   at Microsoft.JSInterop.JSRuntimeExtensions.InvokeVoidAsync(IJSRuntime jsRuntime, String identifier, Object[] args)
   at Microsoft.JSInterop.Implementation.JSObjectReference.DisposeAsync()
   at MiniJira.Shared.MainLayout.DisposeAsync() in D:\KimiAi\MiniJira\MiniJira\MiniJira\Shared\MainLayout.razor.cs:line 132
   at Microsoft.AspNetCore.Components.RenderTree.Renderer.<>c__DisplayClass85_0.<<Dispose>g__HandleAsyncExceptions|1>d.MoveNext()
2025-10-19 20:23:11.461 +02:00 [ERR] Unhandled exception in circuit 'z5d_IcUBmgCMo4nvnPrbMeNvj2fiPOZh7RwQ6JifvXU'. {"EventId":{"Id":111,"Name":"CircuitUnhandledException"},"SourceContext":"Microsoft.AspNetCore.Components.Server.Circuits.CircuitHost","RequestId":"0HNGF73NGSDHH:0000017D","RequestPath":"/_blazor/disconnect","ConnectionId":"0HNGF73NGSDHH","Application":"MiniJira"}
Microsoft.JSInterop.JSDisconnectedException: JavaScript interop calls cannot be issued at this time. This is because the circuit has disconnected and is being disposed.
   at Microsoft.JSInterop.JSRuntime.InvokeAsync[TValue](Int64 targetInstanceId, String identifier, CancellationToken cancellationToken, Object[] args)
   at Microsoft.JSInterop.JSRuntime.InvokeAsync[TValue](Int64 targetInstanceId, String identifier, Object[] args)
   at Microsoft.JSInterop.JSRuntimeExtensions.InvokeVoidAsync(IJSRuntime jsRuntime, String identifier, Object[] args)
   at Microsoft.JSInterop.Implementation.JSObjectReference.DisposeAsync()
   at MiniJira.Shared.MainLayout.DisposeAsync() in D:\KimiAi\MiniJira\MiniJira\MiniJira\Shared\MainLayout.razor.cs:line 132
   at Microsoft.AspNetCore.Components.RenderTree.Renderer.<>c__DisplayClass85_0.<<Dispose>g__HandleAsyncExceptions|1>d.MoveNext()
2025-10-19 20:23:11.519 +02:00 [INF] Retrieving task with ID "b93754f7-233b-40fd-9bb2-5b5cf6cfb246" {"SourceContext":"MiniJira.Services.TaskService","TransportConnectionId":"yXw3yBQqI4pK0xwMbJlFBQ","RequestId":"0HNGF73NGSDHH:0000019D","RequestPath":"/_blazor","ConnectionId":"0HNGF73NGSDHH","Application":"MiniJira"}
2025-10-19 20:23:11.530 +02:00 [INF] Retrieving all columns for culture en-US {"SourceContext":"MiniJira.Services.ColumnService","TransportConnectionId":"yXw3yBQqI4pK0xwMbJlFBQ","RequestId":"0HNGF73NGSDHH:0000019D","RequestPath":"/_blazor","ConnectionId":"0HNGF73NGSDHH","Application":"MiniJira"}
2025-10-19 20:23:11.542 +02:00 [INF] Retrieving distinct customer names {"SourceContext":"MiniJira.Services.TaskService","TransportConnectionId":"yXw3yBQqI4pK0xwMbJlFBQ","RequestId":"0HNGF73NGSDHH:0000019D","RequestPath":"/_blazor","ConnectionId":"0HNGF73NGSDHH","Application":"MiniJira"}
2025-10-19 20:23:11.558 +02:00 [INF] Retrieving owner history for task "b93754f7-233b-40fd-9bb2-5b5cf6cfb246" {"SourceContext":"MiniJira.Services.TaskService","TransportConnectionId":"yXw3yBQqI4pK0xwMbJlFBQ","RequestId":"0HNGF73NGSDHH:0000019D","RequestPath":"/_blazor","ConnectionId":"0HNGF73NGSDHH","Application":"MiniJira"}
2025-10-19 20:23:11.566 +02:00 [INF] Retrieving owner history for task "b93754f7-233b-40fd-9bb2-5b5cf6cfb246" {"SourceContext":"MiniJira.Services.TaskService","TransportConnectionId":"yXw3yBQqI4pK0xwMbJlFBQ","RequestId":"0HNGF73NGSDHH:0000019D","RequestPath":"/_blazor","ConnectionId":"0HNGF73NGSDHH","Application":"MiniJira"}
2025-10-19 20:42:29.628 +02:00 [WRN] Unhandled exception rendering component: JavaScript interop calls cannot be issued at this time. This is because the circuit has disconnected and is being disposed. {"EventId":{"Id":100,"Name":"ExceptionRenderingComponent"},"SourceContext":"Microsoft.AspNetCore.Components.Server.Circuits.RemoteRenderer","RequestId":"0HNGF73NGSDHH:000001A3","RequestPath":"/_blazor/disconnect","ConnectionId":"0HNGF73NGSDHH","Application":"MiniJira"}
Microsoft.JSInterop.JSDisconnectedException: JavaScript interop calls cannot be issued at this time. This is because the circuit has disconnected and is being disposed.
   at Microsoft.JSInterop.JSRuntime.InvokeAsync[TValue](Int64 targetInstanceId, String identifier, CancellationToken cancellationToken, Object[] args)
   at Microsoft.JSInterop.JSRuntime.InvokeAsync[TValue](Int64 targetInstanceId, String identifier, Object[] args)
   at Microsoft.JSInterop.JSRuntimeExtensions.InvokeVoidAsync(IJSRuntime jsRuntime, String identifier, Object[] args)
   at Microsoft.JSInterop.Implementation.JSObjectReference.DisposeAsync()
   at MiniJira.Shared.MainLayout.DisposeAsync() in D:\KimiAi\MiniJira\MiniJira\MiniJira\Shared\MainLayout.razor.cs:line 132
   at Microsoft.AspNetCore.Components.RenderTree.Renderer.<>c__DisplayClass85_0.<<Dispose>g__HandleAsyncExceptions|1>d.MoveNext()
2025-10-19 20:42:29.639 +02:00 [ERR] Unhandled exception in circuit 'oFgwRuzWI01SS8UvQuyUL09Dedf89eRK39NOIec7lvo'. {"EventId":{"Id":111,"Name":"CircuitUnhandledException"},"SourceContext":"Microsoft.AspNetCore.Components.Server.Circuits.CircuitHost","RequestId":"0HNGF73NGSDHH:000001A3","RequestPath":"/_blazor/disconnect","ConnectionId":"0HNGF73NGSDHH","Application":"MiniJira"}
Microsoft.JSInterop.JSDisconnectedException: JavaScript interop calls cannot be issued at this time. This is because the circuit has disconnected and is being disposed.
   at Microsoft.JSInterop.JSRuntime.InvokeAsync[TValue](Int64 targetInstanceId, String identifier, CancellationToken cancellationToken, Object[] args)
   at Microsoft.JSInterop.JSRuntime.InvokeAsync[TValue](Int64 targetInstanceId, String identifier, Object[] args)
   at Microsoft.JSInterop.JSRuntimeExtensions.InvokeVoidAsync(IJSRuntime jsRuntime, String identifier, Object[] args)
   at Microsoft.JSInterop.Implementation.JSObjectReference.DisposeAsync()
   at MiniJira.Shared.MainLayout.DisposeAsync() in D:\KimiAi\MiniJira\MiniJira\MiniJira\Shared\MainLayout.razor.cs:line 132
   at Microsoft.AspNetCore.Components.RenderTree.Renderer.<>c__DisplayClass85_0.<<Dispose>g__HandleAsyncExceptions|1>d.MoveNext()
2025-10-19 20:43:06.855 +02:00 [INF] Applying database migrations... {"SourceContext":"Program","Application":"MiniJira"}
2025-10-19 20:43:07.511 +02:00 [WRN] The 'TaskPriority' property 'Priority' on entity type 'Task' is configured with a database-generated default, but has no configured sentinel value. The database-generated default will always be used for inserts when the property has the value 'Low', since this is the CLR default for the 'TaskPriority' type. Consider using a nullable type, using a nullable backing field, or setting the sentinel value for the property to ensure the database default is used when, and only when, appropriate. See https://aka.ms/efcore-docs-default-values for more information. {"EventId":{"Id":20601,"Name":"Microsoft.EntityFrameworkCore.Model.Validation.BoolWithDefaultWarning"},"SourceContext":"Microsoft.EntityFrameworkCore.Model.Validation","Application":"MiniJira"}
2025-10-19 20:43:07.772 +02:00 [INF] Acquiring an exclusive lock for migration application. See https://aka.ms/efcore-docs-migrations-lock for more information if this takes too long. {"EventId":{"Id":20411,"Name":"Microsoft.EntityFrameworkCore.Migrations.AcquiringMigrationLock"},"SourceContext":"Microsoft.EntityFrameworkCore.Migrations","Application":"MiniJira"}
2025-10-19 20:43:07.961 +02:00 [INF] No migrations were applied. The database is already up to date. {"EventId":{"Id":20405,"Name":"Microsoft.EntityFrameworkCore.Migrations.MigrationsNotApplied"},"SourceContext":"Microsoft.EntityFrameworkCore.Migrations","Application":"MiniJira"}
2025-10-19 20:43:07.973 +02:00 [INF] Database migrations applied successfully {"SourceContext":"Program","Application":"MiniJira"}
2025-10-19 20:43:08.561 +02:00 [INF] Now listening on: https://localhost:7105 {"EventId":{"Id":14,"Name":"ListeningOnAddress"},"SourceContext":"Microsoft.Hosting.Lifetime","Application":"MiniJira"}
2025-10-19 20:43:08.569 +02:00 [INF] Now listening on: http://localhost:5194 {"EventId":{"Id":14,"Name":"ListeningOnAddress"},"SourceContext":"Microsoft.Hosting.Lifetime","Application":"MiniJira"}
2025-10-19 20:43:08.673 +02:00 [INF] Application started. Press Ctrl+C to shut down. {"SourceContext":"Microsoft.Hosting.Lifetime","Application":"MiniJira"}
2025-10-19 20:43:08.676 +02:00 [INF] Hosting environment: Development {"SourceContext":"Microsoft.Hosting.Lifetime","Application":"MiniJira"}
2025-10-19 20:43:08.679 +02:00 [INF] Content root path: D:\KimiAi\MiniJira\MiniJira\MiniJira {"SourceContext":"Microsoft.Hosting.Lifetime","Application":"MiniJira"}
2025-10-19 20:43:26.915 +02:00 [INF] Retrieving all columns for culture hr-HR {"SourceContext":"MiniJira.Services.ColumnService","TransportConnectionId":"jrUkR9egFca7lStUp4b3Mw","RequestId":"0HNGF7TCJVNJU:0000000D","RequestPath":"/_blazor","ConnectionId":"0HNGF7TCJVNJU","Application":"MiniJira"}
2025-10-19 20:43:27.526 +02:00 [WRN] Compiling a query which loads related collections for more than one collection navigation, either via 'Include' or through projection, but no 'QuerySplittingBehavior' has been configured. By default, Entity Framework will use 'QuerySplittingBehavior.SingleQuery', which can potentially result in slow query performance. See https://go.microsoft.com/fwlink/?linkid=2134277 for more information. To identify the query that's triggering this warning call 'ConfigureWarnings(w => w.Throw(RelationalEventId.MultipleCollectionIncludeWarning))'. {"EventId":{"Id":20504,"Name":"Microsoft.EntityFrameworkCore.Query.MultipleCollectionIncludeWarning"},"SourceContext":"Microsoft.EntityFrameworkCore.Query","TransportConnectionId":"jrUkR9egFca7lStUp4b3Mw","RequestId":"0HNGF7TCJVNJU:0000000D","RequestPath":"/_blazor","ConnectionId":"0HNGF7TCJVNJU","Application":"MiniJira"}
2025-10-19 20:43:27.688 +02:00 [INF] Retrieving all tasks {"SourceContext":"MiniJira.Services.TaskService","TransportConnectionId":"jrUkR9egFca7lStUp4b3Mw","RequestId":"0HNGF7TCJVNJU:0000000D","RequestPath":"/_blazor","ConnectionId":"0HNGF7TCJVNJU","Application":"MiniJira"}
2025-10-19 20:43:29.462 +02:00 [INF] Retrieving task with ID "b93754f7-233b-40fd-9bb2-5b5cf6cfb246" {"SourceContext":"MiniJira.Services.TaskService","TransportConnectionId":"jrUkR9egFca7lStUp4b3Mw","RequestId":"0HNGF7TCJVNJU:0000000D","RequestPath":"/_blazor","ConnectionId":"0HNGF7TCJVNJU","Application":"MiniJira"}
2025-10-19 20:43:29.507 +02:00 [INF] Retrieving all columns for culture hr-HR {"SourceContext":"MiniJira.Services.ColumnService","TransportConnectionId":"jrUkR9egFca7lStUp4b3Mw","RequestId":"0HNGF7TCJVNJU:0000000D","RequestPath":"/_blazor","ConnectionId":"0HNGF7TCJVNJU","Application":"MiniJira"}
2025-10-19 20:43:29.522 +02:00 [INF] Retrieving distinct customer names {"SourceContext":"MiniJira.Services.TaskService","TransportConnectionId":"jrUkR9egFca7lStUp4b3Mw","RequestId":"0HNGF7TCJVNJU:0000000D","RequestPath":"/_blazor","ConnectionId":"0HNGF7TCJVNJU","Application":"MiniJira"}
2025-10-19 20:43:29.727 +02:00 [WRN] Compiling a query which loads related collections for more than one collection navigation, either via 'Include' or through projection, but no 'QuerySplittingBehavior' has been configured. By default, Entity Framework will use 'QuerySplittingBehavior.SingleQuery', which can potentially result in slow query performance. See https://go.microsoft.com/fwlink/?linkid=2134277 for more information. To identify the query that's triggering this warning call 'ConfigureWarnings(w => w.Throw(RelationalEventId.MultipleCollectionIncludeWarning))'. {"EventId":{"Id":20504,"Name":"Microsoft.EntityFrameworkCore.Query.MultipleCollectionIncludeWarning"},"SourceContext":"Microsoft.EntityFrameworkCore.Query","TransportConnectionId":"jrUkR9egFca7lStUp4b3Mw","RequestId":"0HNGF7TCJVNJU:0000000D","RequestPath":"/_blazor","ConnectionId":"0HNGF7TCJVNJU","Application":"MiniJira"}
2025-10-19 20:43:29.902 +02:00 [INF] Retrieving owner history for task "b93754f7-233b-40fd-9bb2-5b5cf6cfb246" {"SourceContext":"MiniJira.Services.TaskService","TransportConnectionId":"jrUkR9egFca7lStUp4b3Mw","RequestId":"0HNGF7TCJVNJU:0000000D","RequestPath":"/_blazor","ConnectionId":"0HNGF7TCJVNJU","Application":"MiniJira"}
2025-10-19 20:43:29.928 +02:00 [INF] Retrieving owner history for task "b93754f7-233b-40fd-9bb2-5b5cf6cfb246" {"SourceContext":"MiniJira.Services.TaskService","TransportConnectionId":"jrUkR9egFca7lStUp4b3Mw","RequestId":"0HNGF7TCJVNJU:0000000D","RequestPath":"/_blazor","ConnectionId":"0HNGF7TCJVNJU","Application":"MiniJira"}
2025-10-19 20:47:35.556 +02:00 [INF] Retrieving all columns for culture en-US {"SourceContext":"MiniJira.Services.ColumnService","TransportConnectionId":"umRtJwiN1u_eTClk8BfNvA","RequestId":"0HNGF7TCJVNJV:00000011","RequestPath":"/_blazor","ConnectionId":"0HNGF7TCJVNJV","Application":"MiniJira"}
2025-10-19 20:47:35.571 +02:00 [INF] Retrieving all tasks {"SourceContext":"MiniJira.Services.TaskService","TransportConnectionId":"umRtJwiN1u_eTClk8BfNvA","RequestId":"0HNGF7TCJVNJV:00000011","RequestPath":"/_blazor","ConnectionId":"0HNGF7TCJVNJV","Application":"MiniJira"}
2025-10-19 20:47:43.667 +02:00 [INF] Retrieving task with ID "b93754f7-233b-40fd-9bb2-5b5cf6cfb246" {"SourceContext":"MiniJira.Services.TaskService","TransportConnectionId":"umRtJwiN1u_eTClk8BfNvA","RequestId":"0HNGF7TCJVNJV:00000011","RequestPath":"/_blazor","ConnectionId":"0HNGF7TCJVNJV","Application":"MiniJira"}
2025-10-19 20:47:43.675 +02:00 [INF] Retrieving all columns for culture en-US {"SourceContext":"MiniJira.Services.ColumnService","TransportConnectionId":"umRtJwiN1u_eTClk8BfNvA","RequestId":"0HNGF7TCJVNJV:00000011","RequestPath":"/_blazor","ConnectionId":"0HNGF7TCJVNJV","Application":"MiniJira"}
2025-10-19 20:47:43.686 +02:00 [INF] Retrieving distinct customer names {"SourceContext":"MiniJira.Services.TaskService","TransportConnectionId":"umRtJwiN1u_eTClk8BfNvA","RequestId":"0HNGF7TCJVNJV:00000011","RequestPath":"/_blazor","ConnectionId":"0HNGF7TCJVNJV","Application":"MiniJira"}
2025-10-19 20:47:43.703 +02:00 [INF] Retrieving owner history for task "b93754f7-233b-40fd-9bb2-5b5cf6cfb246" {"SourceContext":"MiniJira.Services.TaskService","TransportConnectionId":"umRtJwiN1u_eTClk8BfNvA","RequestId":"0HNGF7TCJVNJV:00000011","RequestPath":"/_blazor","ConnectionId":"0HNGF7TCJVNJV","Application":"MiniJira"}
2025-10-19 20:47:43.711 +02:00 [INF] Retrieving owner history for task "b93754f7-233b-40fd-9bb2-5b5cf6cfb246" {"SourceContext":"MiniJira.Services.TaskService","TransportConnectionId":"umRtJwiN1u_eTClk8BfNvA","RequestId":"0HNGF7TCJVNJV:00000011","RequestPath":"/_blazor","ConnectionId":"0HNGF7TCJVNJV","Application":"MiniJira"}
2025-10-19 20:50:36.700 +02:00 [WRN] Unhandled exception rendering component: JavaScript interop calls cannot be issued at this time. This is because the circuit has disconnected and is being disposed. {"EventId":{"Id":100,"Name":"ExceptionRenderingComponent"},"SourceContext":"Microsoft.AspNetCore.Components.Server.Circuits.RemoteRenderer","RequestId":"0HNGF7TCJVNJV:00000013","RequestPath":"/_blazor/disconnect","ConnectionId":"0HNGF7TCJVNJV","Application":"MiniJira"}
Microsoft.JSInterop.JSDisconnectedException: JavaScript interop calls cannot be issued at this time. This is because the circuit has disconnected and is being disposed.
   at Microsoft.AspNetCore.Components.Server.Circuits.RemoteJSRuntime.BeginInvokeJS(Int64 asyncHandle, String identifier, String argsJson, JSCallResultType resultType, Int64 targetInstanceId)
   at Microsoft.JSInterop.JSRuntime.InvokeAsync[TValue](Int64 targetInstanceId, String identifier, CancellationToken cancellationToken, Object[] args)
   at Microsoft.JSInterop.JSRuntime.InvokeAsync[TValue](Int64 targetInstanceId, String identifier, Object[] args)
   at Microsoft.JSInterop.JSRuntimeExtensions.InvokeVoidAsync(IJSRuntime jsRuntime, String identifier, Object[] args)
   at Microsoft.JSInterop.Implementation.JSObjectReference.DisposeAsync()
   at MiniJira.Shared.MainLayout.DisposeAsync() in D:\KimiAi\MiniJira\MiniJira\MiniJira\Shared\MainLayout.razor.cs:line 132
   at Microsoft.AspNetCore.Components.RenderTree.Renderer.<>c__DisplayClass85_0.<<Dispose>g__HandleAsyncExceptions|1>d.MoveNext()
2025-10-19 20:50:36.746 +02:00 [ERR] Unhandled exception in circuit 'gY-_LOVpBkagC0uoXQx9RGqx5kpv-58MGWHzB_bPH7g'. {"EventId":{"Id":111,"Name":"CircuitUnhandledException"},"SourceContext":"Microsoft.AspNetCore.Components.Server.Circuits.CircuitHost","RequestId":"0HNGF7TCJVNJV:00000013","RequestPath":"/_blazor/disconnect","ConnectionId":"0HNGF7TCJVNJV","Application":"MiniJira"}
Microsoft.JSInterop.JSDisconnectedException: JavaScript interop calls cannot be issued at this time. This is because the circuit has disconnected and is being disposed.
   at Microsoft.AspNetCore.Components.Server.Circuits.RemoteJSRuntime.BeginInvokeJS(Int64 asyncHandle, String identifier, String argsJson, JSCallResultType resultType, Int64 targetInstanceId)
   at Microsoft.JSInterop.JSRuntime.InvokeAsync[TValue](Int64 targetInstanceId, String identifier, CancellationToken cancellationToken, Object[] args)
   at Microsoft.JSInterop.JSRuntime.InvokeAsync[TValue](Int64 targetInstanceId, String identifier, Object[] args)
   at Microsoft.JSInterop.JSRuntimeExtensions.InvokeVoidAsync(IJSRuntime jsRuntime, String identifier, Object[] args)
   at Microsoft.JSInterop.Implementation.JSObjectReference.DisposeAsync()
   at MiniJira.Shared.MainLayout.DisposeAsync() in D:\KimiAi\MiniJira\MiniJira\MiniJira\Shared\MainLayout.razor.cs:line 132
   at Microsoft.AspNetCore.Components.RenderTree.Renderer.<>c__DisplayClass85_0.<<Dispose>g__HandleAsyncExceptions|1>d.MoveNext()
2025-10-19 20:50:46.422 +02:00 [INF] Applying database migrations... {"SourceContext":"Program","Application":"MiniJira"}
2025-10-19 20:50:47.128 +02:00 [WRN] The 'TaskPriority' property 'Priority' on entity type 'Task' is configured with a database-generated default, but has no configured sentinel value. The database-generated default will always be used for inserts when the property has the value 'Low', since this is the CLR default for the 'TaskPriority' type. Consider using a nullable type, using a nullable backing field, or setting the sentinel value for the property to ensure the database default is used when, and only when, appropriate. See https://aka.ms/efcore-docs-default-values for more information. {"EventId":{"Id":20601,"Name":"Microsoft.EntityFrameworkCore.Model.Validation.BoolWithDefaultWarning"},"SourceContext":"Microsoft.EntityFrameworkCore.Model.Validation","Application":"MiniJira"}
2025-10-19 20:50:47.361 +02:00 [INF] Acquiring an exclusive lock for migration application. See https://aka.ms/efcore-docs-migrations-lock for more information if this takes too long. {"EventId":{"Id":20411,"Name":"Microsoft.EntityFrameworkCore.Migrations.AcquiringMigrationLock"},"SourceContext":"Microsoft.EntityFrameworkCore.Migrations","Application":"MiniJira"}
2025-10-19 20:50:47.516 +02:00 [INF] No migrations were applied. The database is already up to date. {"EventId":{"Id":20405,"Name":"Microsoft.EntityFrameworkCore.Migrations.MigrationsNotApplied"},"SourceContext":"Microsoft.EntityFrameworkCore.Migrations","Application":"MiniJira"}
2025-10-19 20:50:47.528 +02:00 [INF] Database migrations applied successfully {"SourceContext":"Program","Application":"MiniJira"}
2025-10-19 20:50:48.031 +02:00 [INF] Now listening on: https://localhost:7105 {"EventId":{"Id":14,"Name":"ListeningOnAddress"},"SourceContext":"Microsoft.Hosting.Lifetime","Application":"MiniJira"}
2025-10-19 20:50:48.040 +02:00 [INF] Now listening on: http://localhost:5194 {"EventId":{"Id":14,"Name":"ListeningOnAddress"},"SourceContext":"Microsoft.Hosting.Lifetime","Application":"MiniJira"}
2025-10-19 20:50:48.121 +02:00 [INF] Application started. Press Ctrl+C to shut down. {"SourceContext":"Microsoft.Hosting.Lifetime","Application":"MiniJira"}
2025-10-19 20:50:48.124 +02:00 [INF] Hosting environment: Development {"SourceContext":"Microsoft.Hosting.Lifetime","Application":"MiniJira"}
2025-10-19 20:50:48.128 +02:00 [INF] Content root path: D:\KimiAi\MiniJira\MiniJira\MiniJira {"SourceContext":"Microsoft.Hosting.Lifetime","Application":"MiniJira"}
2025-10-19 20:50:53.803 +02:00 [INF] Retrieving all columns for culture hr-HR {"SourceContext":"MiniJira.Services.ColumnService","TransportConnectionId":"wd3cONSTts_g5WjRN8yZBg","RequestId":"0HNGF81LJAL0S:00000021","RequestPath":"/_blazor","ConnectionId":"0HNGF81LJAL0S","Application":"MiniJira"}
2025-10-19 20:50:54.437 +02:00 [WRN] Compiling a query which loads related collections for more than one collection navigation, either via 'Include' or through projection, but no 'QuerySplittingBehavior' has been configured. By default, Entity Framework will use 'QuerySplittingBehavior.SingleQuery', which can potentially result in slow query performance. See https://go.microsoft.com/fwlink/?linkid=2134277 for more information. To identify the query that's triggering this warning call 'ConfigureWarnings(w => w.Throw(RelationalEventId.MultipleCollectionIncludeWarning))'. {"EventId":{"Id":20504,"Name":"Microsoft.EntityFrameworkCore.Query.MultipleCollectionIncludeWarning"},"SourceContext":"Microsoft.EntityFrameworkCore.Query","TransportConnectionId":"wd3cONSTts_g5WjRN8yZBg","RequestId":"0HNGF81LJAL0S:00000021","RequestPath":"/_blazor","ConnectionId":"0HNGF81LJAL0S","Application":"MiniJira"}
2025-10-19 20:50:54.598 +02:00 [INF] Retrieving all tasks {"SourceContext":"MiniJira.Services.TaskService","TransportConnectionId":"wd3cONSTts_g5WjRN8yZBg","RequestId":"0HNGF81LJAL0S:00000021","RequestPath":"/_blazor","ConnectionId":"0HNGF81LJAL0S","Application":"MiniJira"}
2025-10-19 20:50:59.796 +02:00 [INF] Retrieving task with ID "cc194bbd-f8a9-4f08-ad0a-03518d0388fd" {"SourceContext":"MiniJira.Services.TaskService","TransportConnectionId":"wd3cONSTts_g5WjRN8yZBg","RequestId":"0HNGF81LJAL0S:00000021","RequestPath":"/_blazor","ConnectionId":"0HNGF81LJAL0S","Application":"MiniJira"}
2025-10-19 20:50:59.836 +02:00 [INF] Retrieving all columns for culture hr-HR {"SourceContext":"MiniJira.Services.ColumnService","TransportConnectionId":"wd3cONSTts_g5WjRN8yZBg","RequestId":"0HNGF81LJAL0S:00000021","RequestPath":"/_blazor","ConnectionId":"0HNGF81LJAL0S","Application":"MiniJira"}
2025-10-19 20:50:59.850 +02:00 [INF] Retrieving distinct customer names {"SourceContext":"MiniJira.Services.TaskService","TransportConnectionId":"wd3cONSTts_g5WjRN8yZBg","RequestId":"0HNGF81LJAL0S:00000021","RequestPath":"/_blazor","ConnectionId":"0HNGF81LJAL0S","Application":"MiniJira"}
2025-10-19 20:51:00.160 +02:00 [WRN] Compiling a query which loads related collections for more than one collection navigation, either via 'Include' or through projection, but no 'QuerySplittingBehavior' has been configured. By default, Entity Framework will use 'QuerySplittingBehavior.SingleQuery', which can potentially result in slow query performance. See https://go.microsoft.com/fwlink/?linkid=2134277 for more information. To identify the query that's triggering this warning call 'ConfigureWarnings(w => w.Throw(RelationalEventId.MultipleCollectionIncludeWarning))'. {"EventId":{"Id":20504,"Name":"Microsoft.EntityFrameworkCore.Query.MultipleCollectionIncludeWarning"},"SourceContext":"Microsoft.EntityFrameworkCore.Query","TransportConnectionId":"wd3cONSTts_g5WjRN8yZBg","RequestId":"0HNGF81LJAL0S:00000021","RequestPath":"/_blazor","ConnectionId":"0HNGF81LJAL0S","Application":"MiniJira"}
2025-10-19 20:51:00.217 +02:00 [INF] Retrieving owner history for task "cc194bbd-f8a9-4f08-ad0a-03518d0388fd" {"SourceContext":"MiniJira.Services.TaskService","TransportConnectionId":"wd3cONSTts_g5WjRN8yZBg","RequestId":"0HNGF81LJAL0S:00000021","RequestPath":"/_blazor","ConnectionId":"0HNGF81LJAL0S","Application":"MiniJira"}
2025-10-19 20:51:00.240 +02:00 [INF] Retrieving owner history for task "cc194bbd-f8a9-4f08-ad0a-03518d0388fd" {"SourceContext":"MiniJira.Services.TaskService","TransportConnectionId":"wd3cONSTts_g5WjRN8yZBg","RequestId":"0HNGF81LJAL0S:00000021","RequestPath":"/_blazor","ConnectionId":"0HNGF81LJAL0S","Application":"MiniJira"}
2025-10-19 20:51:02.038 +02:00 [INF] Retrieving all columns for culture hr-HR {"SourceContext":"MiniJira.Services.ColumnService","TransportConnectionId":"wd3cONSTts_g5WjRN8yZBg","RequestId":"0HNGF81LJAL0S:00000021","RequestPath":"/_blazor","ConnectionId":"0HNGF81LJAL0S","Application":"MiniJira"}
2025-10-19 20:51:02.045 +02:00 [INF] Retrieving all tasks {"SourceContext":"MiniJira.Services.TaskService","TransportConnectionId":"wd3cONSTts_g5WjRN8yZBg","RequestId":"0HNGF81LJAL0S:00000021","RequestPath":"/_blazor","ConnectionId":"0HNGF81LJAL0S","Application":"MiniJira"}
2025-10-19 21:01:02.647 +02:00 [INF] Applying database migrations... {"SourceContext":"Program","Application":"MiniJira"}
2025-10-19 21:01:03.324 +02:00 [WRN] The 'TaskPriority' property 'Priority' on entity type 'Task' is configured with a database-generated default, but has no configured sentinel value. The database-generated default will always be used for inserts when the property has the value 'Low', since this is the CLR default for the 'TaskPriority' type. Consider using a nullable type, using a nullable backing field, or setting the sentinel value for the property to ensure the database default is used when, and only when, appropriate. See https://aka.ms/efcore-docs-default-values for more information. {"EventId":{"Id":20601,"Name":"Microsoft.EntityFrameworkCore.Model.Validation.BoolWithDefaultWarning"},"SourceContext":"Microsoft.EntityFrameworkCore.Model.Validation","Application":"MiniJira"}
2025-10-19 21:01:03.590 +02:00 [INF] Acquiring an exclusive lock for migration application. See https://aka.ms/efcore-docs-migrations-lock for more information if this takes too long. {"EventId":{"Id":20411,"Name":"Microsoft.EntityFrameworkCore.Migrations.AcquiringMigrationLock"},"SourceContext":"Microsoft.EntityFrameworkCore.Migrations","Application":"MiniJira"}
2025-10-19 21:01:03.697 +02:00 [INF] No migrations were applied. The database is already up to date. {"EventId":{"Id":20405,"Name":"Microsoft.EntityFrameworkCore.Migrations.MigrationsNotApplied"},"SourceContext":"Microsoft.EntityFrameworkCore.Migrations","Application":"MiniJira"}
2025-10-19 21:01:03.708 +02:00 [INF] Database migrations applied successfully {"SourceContext":"Program","Application":"MiniJira"}
2025-10-19 21:01:04.246 +02:00 [INF] Now listening on: https://localhost:7105 {"EventId":{"Id":14,"Name":"ListeningOnAddress"},"SourceContext":"Microsoft.Hosting.Lifetime","Application":"MiniJira"}
2025-10-19 21:01:04.255 +02:00 [INF] Now listening on: http://localhost:5194 {"EventId":{"Id":14,"Name":"ListeningOnAddress"},"SourceContext":"Microsoft.Hosting.Lifetime","Application":"MiniJira"}
2025-10-19 21:01:04.345 +02:00 [INF] Application started. Press Ctrl+C to shut down. {"SourceContext":"Microsoft.Hosting.Lifetime","Application":"MiniJira"}
2025-10-19 21:01:04.349 +02:00 [INF] Hosting environment: Development {"SourceContext":"Microsoft.Hosting.Lifetime","Application":"MiniJira"}
2025-10-19 21:01:04.352 +02:00 [INF] Content root path: D:\KimiAi\MiniJira\MiniJira\MiniJira {"SourceContext":"Microsoft.Hosting.Lifetime","Application":"MiniJira"}
2025-10-19 21:01:08.214 +02:00 [INF] Retrieving all columns for culture hr-HR {"SourceContext":"MiniJira.Services.ColumnService","TransportConnectionId":"DIL8g5JCy1gIZoSgooijIw","RequestId":"0HNGF87D7PONC:00000021","RequestPath":"/_blazor","ConnectionId":"0HNGF87D7PONC","Application":"MiniJira"}
2025-10-19 21:01:08.872 +02:00 [WRN] Compiling a query which loads related collections for more than one collection navigation, either via 'Include' or through projection, but no 'QuerySplittingBehavior' has been configured. By default, Entity Framework will use 'QuerySplittingBehavior.SingleQuery', which can potentially result in slow query performance. See https://go.microsoft.com/fwlink/?linkid=2134277 for more information. To identify the query that's triggering this warning call 'ConfigureWarnings(w => w.Throw(RelationalEventId.MultipleCollectionIncludeWarning))'. {"EventId":{"Id":20504,"Name":"Microsoft.EntityFrameworkCore.Query.MultipleCollectionIncludeWarning"},"SourceContext":"Microsoft.EntityFrameworkCore.Query","TransportConnectionId":"DIL8g5JCy1gIZoSgooijIw","RequestId":"0HNGF87D7PONC:00000021","RequestPath":"/_blazor","ConnectionId":"0HNGF87D7PONC","Application":"MiniJira"}
2025-10-19 21:01:09.037 +02:00 [INF] Retrieving all tasks {"SourceContext":"MiniJira.Services.TaskService","TransportConnectionId":"DIL8g5JCy1gIZoSgooijIw","RequestId":"0HNGF87D7PONC:00000021","RequestPath":"/_blazor","ConnectionId":"0HNGF87D7PONC","Application":"MiniJira"}
2025-10-19 21:01:16.777 +02:00 [INF] Retrieving all columns for culture en-US {"SourceContext":"MiniJira.Services.ColumnService","ActionId":"c66ba622-620a-484a-943c-b859ebf3d5f7","ActionName":"/_Host","RequestId":"0HNGF87D7PONC:00000027","RequestPath":"/board","ConnectionId":"0HNGF87D7PONC","Application":"MiniJira"}
2025-10-19 21:01:16.845 +02:00 [INF] Retrieving all tasks {"SourceContext":"MiniJira.Services.TaskService","ActionId":"c66ba622-620a-484a-943c-b859ebf3d5f7","ActionName":"/_Host","RequestId":"0HNGF87D7PONC:00000027","RequestPath":"/board","ConnectionId":"0HNGF87D7PONC","Application":"MiniJira"}
2025-10-19 21:01:18.054 +02:00 [WRN] Unhandled exception rendering component: JavaScript interop calls cannot be issued at this time. This is because the circuit has disconnected and is being disposed. {"EventId":{"Id":100,"Name":"ExceptionRenderingComponent"},"SourceContext":"Microsoft.AspNetCore.Components.Server.Circuits.RemoteRenderer","RequestId":"0HNGF87D7PONC:0000002B","RequestPath":"/_blazor/disconnect","ConnectionId":"0HNGF87D7PONC","Application":"MiniJira"}
Microsoft.JSInterop.JSDisconnectedException: JavaScript interop calls cannot be issued at this time. This is because the circuit has disconnected and is being disposed.
   at Microsoft.AspNetCore.Components.Server.Circuits.RemoteJSRuntime.BeginInvokeJS(Int64 asyncHandle, String identifier, String argsJson, JSCallResultType resultType, Int64 targetInstanceId)
   at Microsoft.JSInterop.JSRuntime.InvokeAsync[TValue](Int64 targetInstanceId, String identifier, CancellationToken cancellationToken, Object[] args)
   at Microsoft.JSInterop.JSRuntime.InvokeAsync[TValue](Int64 targetInstanceId, String identifier, Object[] args)
   at Microsoft.JSInterop.JSRuntimeExtensions.InvokeVoidAsync(IJSRuntime jsRuntime, String identifier, Object[] args)
   at Microsoft.JSInterop.Implementation.JSObjectReference.DisposeAsync()
   at MiniJira.Shared.MainLayout.DisposeAsync() in D:\KimiAi\MiniJira\MiniJira\MiniJira\Shared\MainLayout.razor.cs:line 132
   at Microsoft.AspNetCore.Components.RenderTree.Renderer.<>c__DisplayClass85_0.<<Dispose>g__HandleAsyncExceptions|1>d.MoveNext()
2025-10-19 21:01:18.225 +02:00 [WRN] Unhandled exception rendering component: JavaScript interop calls cannot be issued at this time. This is because the circuit has disconnected and is being disposed. {"EventId":{"Id":100,"Name":"ExceptionRenderingComponent"},"SourceContext":"Microsoft.AspNetCore.Components.Server.Circuits.RemoteRenderer","RequestId":"0HNGF87D7PONC:0000002B","RequestPath":"/_blazor/disconnect","ConnectionId":"0HNGF87D7PONC","Application":"MiniJira"}
Microsoft.JSInterop.JSDisconnectedException: JavaScript interop calls cannot be issued at this time. This is because the circuit has disconnected and is being disposed.
   at Microsoft.AspNetCore.Components.Server.Circuits.RemoteJSRuntime.BeginInvokeJS(Int64 asyncHandle, String identifier, String argsJson, JSCallResultType resultType, Int64 targetInstanceId)
   at Microsoft.JSInterop.JSRuntime.InvokeAsync[TValue](Int64 targetInstanceId, String identifier, CancellationToken cancellationToken, Object[] args)
   at Microsoft.JSInterop.JSRuntime.InvokeAsync[TValue](Int64 targetInstanceId, String identifier, Object[] args)
   at Microsoft.JSInterop.JSRuntimeExtensions.InvokeVoidAsync(IJSRuntime jsRuntime, String identifier, Object[] args)
   at MiniJira.Components.Pages.Index.DisposeAsync() in D:\KimiAi\MiniJira\MiniJira\MiniJira\Components\Pages\Index.razor.cs:line 279
   at Microsoft.AspNetCore.Components.RenderTree.Renderer.<>c__DisplayClass85_0.<<Dispose>g__HandleAsyncExceptions|1>d.MoveNext()
2025-10-19 21:01:18.252 +02:00 [ERR] Unhandled exception in circuit 'g9SZvAH4QU-XIfd9iKyE9WOGL28wTvdo6Y8kluOW0ds'. {"EventId":{"Id":111,"Name":"CircuitUnhandledException"},"SourceContext":"Microsoft.AspNetCore.Components.Server.Circuits.CircuitHost","RequestId":"0HNGF87D7PONC:0000002B","RequestPath":"/_blazor/disconnect","ConnectionId":"0HNGF87D7PONC","Application":"MiniJira"}
System.AggregateException: Exceptions were encountered while disposing components. (JavaScript interop calls cannot be issued at this time. This is because the circuit has disconnected and is being disposed.) (JavaScript interop calls cannot be issued at this time. This is because the circuit has disconnected and is being disposed.)
 ---> Microsoft.JSInterop.JSDisconnectedException: JavaScript interop calls cannot be issued at this time. This is because the circuit has disconnected and is being disposed.
   at Microsoft.AspNetCore.Components.Server.Circuits.RemoteJSRuntime.BeginInvokeJS(Int64 asyncHandle, String identifier, String argsJson, JSCallResultType resultType, Int64 targetInstanceId)
   at Microsoft.JSInterop.JSRuntime.InvokeAsync[TValue](Int64 targetInstanceId, String identifier, CancellationToken cancellationToken, Object[] args)
   at Microsoft.JSInterop.JSRuntime.InvokeAsync[TValue](Int64 targetInstanceId, String identifier, Object[] args)
   at Microsoft.JSInterop.JSRuntimeExtensions.InvokeVoidAsync(IJSRuntime jsRuntime, String identifier, Object[] args)
   at Microsoft.JSInterop.Implementation.JSObjectReference.DisposeAsync()
   at MiniJira.Shared.MainLayout.DisposeAsync() in D:\KimiAi\MiniJira\MiniJira\MiniJira\Shared\MainLayout.razor.cs:line 132
   at Microsoft.AspNetCore.Components.RenderTree.Renderer.<>c__DisplayClass85_0.<<Dispose>g__HandleAsyncExceptions|1>d.MoveNext()
   --- End of inner exception stack trace ---
 ---> (Inner Exception #1) Microsoft.JSInterop.JSDisconnectedException: JavaScript interop calls cannot be issued at this time. This is because the circuit has disconnected and is being disposed.
   at Microsoft.AspNetCore.Components.Server.Circuits.RemoteJSRuntime.BeginInvokeJS(Int64 asyncHandle, String identifier, String argsJson, JSCallResultType resultType, Int64 targetInstanceId)
   at Microsoft.JSInterop.JSRuntime.InvokeAsync[TValue](Int64 targetInstanceId, String identifier, CancellationToken cancellationToken, Object[] args)
   at Microsoft.JSInterop.JSRuntime.InvokeAsync[TValue](Int64 targetInstanceId, String identifier, Object[] args)
   at Microsoft.JSInterop.JSRuntimeExtensions.InvokeVoidAsync(IJSRuntime jsRuntime, String identifier, Object[] args)
   at MiniJira.Components.Pages.Index.DisposeAsync() in D:\KimiAi\MiniJira\MiniJira\MiniJira\Components\Pages\Index.razor.cs:line 279
   at Microsoft.AspNetCore.Components.RenderTree.Renderer.<>c__DisplayClass85_0.<<Dispose>g__HandleAsyncExceptions|1>d.MoveNext()<---

2025-10-19 21:01:19.554 +02:00 [INF] Retrieving all columns for culture hr-HR {"SourceContext":"MiniJira.Services.ColumnService","TransportConnectionId":"Fe0x0u4fzHsGyOg7fbHvow","RequestId":"0HNGF87D7PONC:0000004D","RequestPath":"/_blazor","ConnectionId":"0HNGF87D7PONC","Application":"MiniJira"}
2025-10-19 21:01:19.566 +02:00 [INF] Retrieving all tasks {"SourceContext":"MiniJira.Services.TaskService","TransportConnectionId":"Fe0x0u4fzHsGyOg7fbHvow","RequestId":"0HNGF87D7PONC:0000004D","RequestPath":"/_blazor","ConnectionId":"0HNGF87D7PONC","Application":"MiniJira"}
2025-10-19 21:11:13.304 +02:00 [INF] Applying database migrations... {"SourceContext":"Program","Application":"MiniJira"}
2025-10-19 21:11:13.893 +02:00 [WRN] The 'TaskPriority' property 'Priority' on entity type 'Task' is configured with a database-generated default, but has no configured sentinel value. The database-generated default will always be used for inserts when the property has the value 'Low', since this is the CLR default for the 'TaskPriority' type. Consider using a nullable type, using a nullable backing field, or setting the sentinel value for the property to ensure the database default is used when, and only when, appropriate. See https://aka.ms/efcore-docs-default-values for more information. {"EventId":{"Id":20601,"Name":"Microsoft.EntityFrameworkCore.Model.Validation.BoolWithDefaultWarning"},"SourceContext":"Microsoft.EntityFrameworkCore.Model.Validation","Application":"MiniJira"}
2025-10-19 21:11:14.123 +02:00 [INF] Acquiring an exclusive lock for migration application. See https://aka.ms/efcore-docs-migrations-lock for more information if this takes too long. {"EventId":{"Id":20411,"Name":"Microsoft.EntityFrameworkCore.Migrations.AcquiringMigrationLock"},"SourceContext":"Microsoft.EntityFrameworkCore.Migrations","Application":"MiniJira"}
2025-10-19 21:11:14.224 +02:00 [INF] No migrations were applied. The database is already up to date. {"EventId":{"Id":20405,"Name":"Microsoft.EntityFrameworkCore.Migrations.MigrationsNotApplied"},"SourceContext":"Microsoft.EntityFrameworkCore.Migrations","Application":"MiniJira"}
2025-10-19 21:11:14.235 +02:00 [INF] Database migrations applied successfully {"SourceContext":"Program","Application":"MiniJira"}
2025-10-19 21:11:14.790 +02:00 [INF] Now listening on: https://localhost:7105 {"EventId":{"Id":14,"Name":"ListeningOnAddress"},"SourceContext":"Microsoft.Hosting.Lifetime","Application":"MiniJira"}
2025-10-19 21:11:14.796 +02:00 [INF] Now listening on: http://localhost:5194 {"EventId":{"Id":14,"Name":"ListeningOnAddress"},"SourceContext":"Microsoft.Hosting.Lifetime","Application":"MiniJira"}
2025-10-19 21:11:14.887 +02:00 [INF] Application started. Press Ctrl+C to shut down. {"SourceContext":"Microsoft.Hosting.Lifetime","Application":"MiniJira"}
2025-10-19 21:11:14.892 +02:00 [INF] Hosting environment: Development {"SourceContext":"Microsoft.Hosting.Lifetime","Application":"MiniJira"}
2025-10-19 21:11:14.895 +02:00 [INF] Content root path: D:\KimiAi\MiniJira\MiniJira\MiniJira {"SourceContext":"Microsoft.Hosting.Lifetime","Application":"MiniJira"}
2025-10-19 21:11:18.555 +02:00 [INF] Retrieving all columns for culture hr-HR {"SourceContext":"MiniJira.Services.ColumnService","TransportConnectionId":"vJ95SuebAORj4ilLA4Be0w","RequestId":"0HNGF8D378Q4M:00000021","RequestPath":"/_blazor","ConnectionId":"0HNGF8D378Q4M","Application":"MiniJira"}
2025-10-19 21:11:19.180 +02:00 [WRN] Compiling a query which loads related collections for more than one collection navigation, either via 'Include' or through projection, but no 'QuerySplittingBehavior' has been configured. By default, Entity Framework will use 'QuerySplittingBehavior.SingleQuery', which can potentially result in slow query performance. See https://go.microsoft.com/fwlink/?linkid=2134277 for more information. To identify the query that's triggering this warning call 'ConfigureWarnings(w => w.Throw(RelationalEventId.MultipleCollectionIncludeWarning))'. {"EventId":{"Id":20504,"Name":"Microsoft.EntityFrameworkCore.Query.MultipleCollectionIncludeWarning"},"SourceContext":"Microsoft.EntityFrameworkCore.Query","TransportConnectionId":"vJ95SuebAORj4ilLA4Be0w","RequestId":"0HNGF8D378Q4M:00000021","RequestPath":"/_blazor","ConnectionId":"0HNGF8D378Q4M","Application":"MiniJira"}
2025-10-19 21:11:19.342 +02:00 [INF] Retrieving all tasks {"SourceContext":"MiniJira.Services.TaskService","TransportConnectionId":"vJ95SuebAORj4ilLA4Be0w","RequestId":"0HNGF8D378Q4M:00000021","RequestPath":"/_blazor","ConnectionId":"0HNGF8D378Q4M","Application":"MiniJira"}
2025-10-19 21:11:25.657 +02:00 [INF] Updating status for task "cc194bbd-f8a9-4f08-ad0a-03518d0388fd" to "InProgress" {"SourceContext":"MiniJira.Services.TaskService","TransportConnectionId":"vJ95SuebAORj4ilLA4Be0w","RequestId":"0HNGF8D378Q4M:00000021","RequestPath":"/_blazor","ConnectionId":"0HNGF8D378Q4M","Application":"MiniJira"}
2025-10-19 21:11:25.998 +02:00 [INF] Task "cc194bbd-f8a9-4f08-ad0a-03518d0388fd" status updated successfully to "InProgress" {"SourceContext":"MiniJira.Services.TaskService","TransportConnectionId":"vJ95SuebAORj4ilLA4Be0w","RequestId":"0HNGF8D378Q4M:00000021","RequestPath":"/_blazor","ConnectionId":"0HNGF8D378Q4M","Application":"MiniJira"}
2025-10-19 21:14:53.241 +02:00 [INF] Applying database migrations... {"SourceContext":"Program","Application":"MiniJira"}
2025-10-19 21:14:53.876 +02:00 [WRN] The 'TaskPriority' property 'Priority' on entity type 'Task' is configured with a database-generated default, but has no configured sentinel value. The database-generated default will always be used for inserts when the property has the value 'Low', since this is the CLR default for the 'TaskPriority' type. Consider using a nullable type, using a nullable backing field, or setting the sentinel value for the property to ensure the database default is used when, and only when, appropriate. See https://aka.ms/efcore-docs-default-values for more information. {"EventId":{"Id":20601,"Name":"Microsoft.EntityFrameworkCore.Model.Validation.BoolWithDefaultWarning"},"SourceContext":"Microsoft.EntityFrameworkCore.Model.Validation","Application":"MiniJira"}
2025-10-19 21:14:54.092 +02:00 [INF] Acquiring an exclusive lock for migration application. See https://aka.ms/efcore-docs-migrations-lock for more information if this takes too long. {"EventId":{"Id":20411,"Name":"Microsoft.EntityFrameworkCore.Migrations.AcquiringMigrationLock"},"SourceContext":"Microsoft.EntityFrameworkCore.Migrations","Application":"MiniJira"}
2025-10-19 21:14:54.248 +02:00 [INF] No migrations were applied. The database is already up to date. {"EventId":{"Id":20405,"Name":"Microsoft.EntityFrameworkCore.Migrations.MigrationsNotApplied"},"SourceContext":"Microsoft.EntityFrameworkCore.Migrations","Application":"MiniJira"}
2025-10-19 21:14:54.258 +02:00 [INF] Database migrations applied successfully {"SourceContext":"Program","Application":"MiniJira"}
2025-10-19 21:14:54.711 +02:00 [INF] Now listening on: https://localhost:7105 {"EventId":{"Id":14,"Name":"ListeningOnAddress"},"SourceContext":"Microsoft.Hosting.Lifetime","Application":"MiniJira"}
2025-10-19 21:14:54.718 +02:00 [INF] Now listening on: http://localhost:5194 {"EventId":{"Id":14,"Name":"ListeningOnAddress"},"SourceContext":"Microsoft.Hosting.Lifetime","Application":"MiniJira"}
2025-10-19 21:14:54.810 +02:00 [INF] Application started. Press Ctrl+C to shut down. {"SourceContext":"Microsoft.Hosting.Lifetime","Application":"MiniJira"}
2025-10-19 21:14:54.815 +02:00 [INF] Hosting environment: Development {"SourceContext":"Microsoft.Hosting.Lifetime","Application":"MiniJira"}
2025-10-19 21:14:54.817 +02:00 [INF] Content root path: D:\KimiAi\MiniJira\MiniJira\MiniJira {"SourceContext":"Microsoft.Hosting.Lifetime","Application":"MiniJira"}
2025-10-19 21:14:58.898 +02:00 [INF] Retrieving all columns for culture hr-HR {"SourceContext":"MiniJira.Services.ColumnService","TransportConnectionId":"sPcH7i7DhsOGQ3J9UVToCw","RequestId":"0HNGF8F4NKNPD:00000011","RequestPath":"/_blazor","ConnectionId":"0HNGF8F4NKNPD","Application":"MiniJira"}
2025-10-19 21:14:59.461 +02:00 [WRN] Compiling a query which loads related collections for more than one collection navigation, either via 'Include' or through projection, but no 'QuerySplittingBehavior' has been configured. By default, Entity Framework will use 'QuerySplittingBehavior.SingleQuery', which can potentially result in slow query performance. See https://go.microsoft.com/fwlink/?linkid=2134277 for more information. To identify the query that's triggering this warning call 'ConfigureWarnings(w => w.Throw(RelationalEventId.MultipleCollectionIncludeWarning))'. {"EventId":{"Id":20504,"Name":"Microsoft.EntityFrameworkCore.Query.MultipleCollectionIncludeWarning"},"SourceContext":"Microsoft.EntityFrameworkCore.Query","TransportConnectionId":"sPcH7i7DhsOGQ3J9UVToCw","RequestId":"0HNGF8F4NKNPD:00000011","RequestPath":"/_blazor","ConnectionId":"0HNGF8F4NKNPD","Application":"MiniJira"}
2025-10-19 21:14:59.635 +02:00 [INF] Retrieving all tasks {"SourceContext":"MiniJira.Services.TaskService","TransportConnectionId":"sPcH7i7DhsOGQ3J9UVToCw","RequestId":"0HNGF8F4NKNPD:00000011","RequestPath":"/_blazor","ConnectionId":"0HNGF8F4NKNPD","Application":"MiniJira"}
2025-10-19 21:15:03.142 +02:00 [INF] Updating status for task "1b727d35-f4ff-4332-adff-90c224f2e49a" to "InProgress" {"SourceContext":"MiniJira.Services.TaskService","TransportConnectionId":"sPcH7i7DhsOGQ3J9UVToCw","RequestId":"0HNGF8F4NKNPD:00000011","RequestPath":"/_blazor","ConnectionId":"0HNGF8F4NKNPD","Application":"MiniJira"}
2025-10-19 21:15:03.573 +02:00 [INF] Task "1b727d35-f4ff-4332-adff-90c224f2e49a" status updated successfully to "InProgress" {"SourceContext":"MiniJira.Services.TaskService","TransportConnectionId":"sPcH7i7DhsOGQ3J9UVToCw","RequestId":"0HNGF8F4NKNPD:00000011","RequestPath":"/_blazor","ConnectionId":"0HNGF8F4NKNPD","Application":"MiniJira"}
2025-10-19 21:18:04.547 +02:00 [INF] Applying database migrations... {"SourceContext":"Program","Application":"MiniJira"}
2025-10-19 21:18:05.231 +02:00 [WRN] The 'TaskPriority' property 'Priority' on entity type 'Task' is configured with a database-generated default, but has no configured sentinel value. The database-generated default will always be used for inserts when the property has the value 'Low', since this is the CLR default for the 'TaskPriority' type. Consider using a nullable type, using a nullable backing field, or setting the sentinel value for the property to ensure the database default is used when, and only when, appropriate. See https://aka.ms/efcore-docs-default-values for more information. {"EventId":{"Id":20601,"Name":"Microsoft.EntityFrameworkCore.Model.Validation.BoolWithDefaultWarning"},"SourceContext":"Microsoft.EntityFrameworkCore.Model.Validation","Application":"MiniJira"}
2025-10-19 21:18:05.455 +02:00 [INF] Acquiring an exclusive lock for migration application. See https://aka.ms/efcore-docs-migrations-lock for more information if this takes too long. {"EventId":{"Id":20411,"Name":"Microsoft.EntityFrameworkCore.Migrations.AcquiringMigrationLock"},"SourceContext":"Microsoft.EntityFrameworkCore.Migrations","Application":"MiniJira"}
2025-10-19 21:18:05.558 +02:00 [INF] No migrations were applied. The database is already up to date. {"EventId":{"Id":20405,"Name":"Microsoft.EntityFrameworkCore.Migrations.MigrationsNotApplied"},"SourceContext":"Microsoft.EntityFrameworkCore.Migrations","Application":"MiniJira"}
2025-10-19 21:18:05.570 +02:00 [INF] Database migrations applied successfully {"SourceContext":"Program","Application":"MiniJira"}
2025-10-19 21:18:06.047 +02:00 [INF] Now listening on: https://localhost:7105 {"EventId":{"Id":14,"Name":"ListeningOnAddress"},"SourceContext":"Microsoft.Hosting.Lifetime","Application":"MiniJira"}
2025-10-19 21:18:06.053 +02:00 [INF] Now listening on: http://localhost:5194 {"EventId":{"Id":14,"Name":"ListeningOnAddress"},"SourceContext":"Microsoft.Hosting.Lifetime","Application":"MiniJira"}
2025-10-19 21:18:06.141 +02:00 [INF] Application started. Press Ctrl+C to shut down. {"SourceContext":"Microsoft.Hosting.Lifetime","Application":"MiniJira"}
2025-10-19 21:18:06.145 +02:00 [INF] Hosting environment: Development {"SourceContext":"Microsoft.Hosting.Lifetime","Application":"MiniJira"}
2025-10-19 21:18:06.147 +02:00 [INF] Content root path: D:\KimiAi\MiniJira\MiniJira\MiniJira {"SourceContext":"Microsoft.Hosting.Lifetime","Application":"MiniJira"}
2025-10-19 21:18:09.644 +02:00 [INF] Retrieving all columns for culture hr-HR {"SourceContext":"MiniJira.Services.ColumnService","TransportConnectionId":"_PkKZREyjk1QkTUJMuObNw","RequestId":"0HNGF8GTOJU1C:00000021","RequestPath":"/_blazor","ConnectionId":"0HNGF8GTOJU1C","Application":"MiniJira"}
2025-10-19 21:18:10.288 +02:00 [WRN] Compiling a query which loads related collections for more than one collection navigation, either via 'Include' or through projection, but no 'QuerySplittingBehavior' has been configured. By default, Entity Framework will use 'QuerySplittingBehavior.SingleQuery', which can potentially result in slow query performance. See https://go.microsoft.com/fwlink/?linkid=2134277 for more information. To identify the query that's triggering this warning call 'ConfigureWarnings(w => w.Throw(RelationalEventId.MultipleCollectionIncludeWarning))'. {"EventId":{"Id":20504,"Name":"Microsoft.EntityFrameworkCore.Query.MultipleCollectionIncludeWarning"},"SourceContext":"Microsoft.EntityFrameworkCore.Query","TransportConnectionId":"_PkKZREyjk1QkTUJMuObNw","RequestId":"0HNGF8GTOJU1C:00000021","RequestPath":"/_blazor","ConnectionId":"0HNGF8GTOJU1C","Application":"MiniJira"}
2025-10-19 21:18:10.473 +02:00 [INF] Retrieving all tasks {"SourceContext":"MiniJira.Services.TaskService","TransportConnectionId":"_PkKZREyjk1QkTUJMuObNw","RequestId":"0HNGF8GTOJU1C:00000021","RequestPath":"/_blazor","ConnectionId":"0HNGF8GTOJU1C","Application":"MiniJira"}
2025-10-19 21:21:10.007 +02:00 [INF] Applying database migrations... {"SourceContext":"Program","Application":"MiniJira"}
2025-10-19 21:21:10.730 +02:00 [WRN] The 'TaskPriority' property 'Priority' on entity type 'Task' is configured with a database-generated default, but has no configured sentinel value. The database-generated default will always be used for inserts when the property has the value 'Low', since this is the CLR default for the 'TaskPriority' type. Consider using a nullable type, using a nullable backing field, or setting the sentinel value for the property to ensure the database default is used when, and only when, appropriate. See https://aka.ms/efcore-docs-default-values for more information. {"EventId":{"Id":20601,"Name":"Microsoft.EntityFrameworkCore.Model.Validation.BoolWithDefaultWarning"},"SourceContext":"Microsoft.EntityFrameworkCore.Model.Validation","Application":"MiniJira"}
2025-10-19 21:21:10.967 +02:00 [INF] Acquiring an exclusive lock for migration application. See https://aka.ms/efcore-docs-migrations-lock for more information if this takes too long. {"EventId":{"Id":20411,"Name":"Microsoft.EntityFrameworkCore.Migrations.AcquiringMigrationLock"},"SourceContext":"Microsoft.EntityFrameworkCore.Migrations","Application":"MiniJira"}
2025-10-19 21:21:11.109 +02:00 [INF] No migrations were applied. The database is already up to date. {"EventId":{"Id":20405,"Name":"Microsoft.EntityFrameworkCore.Migrations.MigrationsNotApplied"},"SourceContext":"Microsoft.EntityFrameworkCore.Migrations","Application":"MiniJira"}
2025-10-19 21:21:11.124 +02:00 [INF] Database migrations applied successfully {"SourceContext":"Program","Application":"MiniJira"}
2025-10-19 21:21:11.583 +02:00 [INF] Now listening on: https://localhost:7105 {"EventId":{"Id":14,"Name":"ListeningOnAddress"},"SourceContext":"Microsoft.Hosting.Lifetime","Application":"MiniJira"}
2025-10-19 21:21:11.590 +02:00 [INF] Now listening on: http://localhost:5194 {"EventId":{"Id":14,"Name":"ListeningOnAddress"},"SourceContext":"Microsoft.Hosting.Lifetime","Application":"MiniJira"}
2025-10-19 21:21:11.701 +02:00 [INF] Application started. Press Ctrl+C to shut down. {"SourceContext":"Microsoft.Hosting.Lifetime","Application":"MiniJira"}
2025-10-19 21:21:11.706 +02:00 [INF] Hosting environment: Development {"SourceContext":"Microsoft.Hosting.Lifetime","Application":"MiniJira"}
2025-10-19 21:21:11.708 +02:00 [INF] Content root path: D:\KimiAi\MiniJira\MiniJira\MiniJira {"SourceContext":"Microsoft.Hosting.Lifetime","Application":"MiniJira"}
2025-10-19 21:21:27.647 +02:00 [INF] Retrieving all columns for culture hr-HR {"SourceContext":"MiniJira.Services.ColumnService","TransportConnectionId":"Z84HWW9K3b1Pi2S5J3TrDQ","RequestId":"0HNGF8IL06SFF:00000021","RequestPath":"/_blazor","ConnectionId":"0HNGF8IL06SFF","Application":"MiniJira"}
2025-10-19 21:21:28.302 +02:00 [WRN] Compiling a query which loads related collections for more than one collection navigation, either via 'Include' or through projection, but no 'QuerySplittingBehavior' has been configured. By default, Entity Framework will use 'QuerySplittingBehavior.SingleQuery', which can potentially result in slow query performance. See https://go.microsoft.com/fwlink/?linkid=2134277 for more information. To identify the query that's triggering this warning call 'ConfigureWarnings(w => w.Throw(RelationalEventId.MultipleCollectionIncludeWarning))'. {"EventId":{"Id":20504,"Name":"Microsoft.EntityFrameworkCore.Query.MultipleCollectionIncludeWarning"},"SourceContext":"Microsoft.EntityFrameworkCore.Query","TransportConnectionId":"Z84HWW9K3b1Pi2S5J3TrDQ","RequestId":"0HNGF8IL06SFF:00000021","RequestPath":"/_blazor","ConnectionId":"0HNGF8IL06SFF","Application":"MiniJira"}
2025-10-19 21:21:28.461 +02:00 [INF] Retrieving all tasks {"SourceContext":"MiniJira.Services.TaskService","TransportConnectionId":"Z84HWW9K3b1Pi2S5J3TrDQ","RequestId":"0HNGF8IL06SFF:00000021","RequestPath":"/_blazor","ConnectionId":"0HNGF8IL06SFF","Application":"MiniJira"}
2025-10-19 21:21:37.081 +02:00 [INF] Updating status for task "1b727d35-f4ff-4332-adff-90c224f2e49a" to "ToDo" {"SourceContext":"MiniJira.Services.TaskService","TransportConnectionId":"Z84HWW9K3b1Pi2S5J3TrDQ","RequestId":"0HNGF8IL06SFF:00000021","RequestPath":"/_blazor","ConnectionId":"0HNGF8IL06SFF","Application":"MiniJira"}
2025-10-19 21:21:37.449 +02:00 [INF] Task "1b727d35-f4ff-4332-adff-90c224f2e49a" status updated successfully to "ToDo" {"SourceContext":"MiniJira.Services.TaskService","TransportConnectionId":"Z84HWW9K3b1Pi2S5J3TrDQ","RequestId":"0HNGF8IL06SFF:00000021","RequestPath":"/_blazor","ConnectionId":"0HNGF8IL06SFF","Application":"MiniJira"}
2025-10-19 21:21:39.014 +02:00 [INF] Updating status for task "1b727d35-f4ff-4332-adff-90c224f2e49a" to "InProgress" {"SourceContext":"MiniJira.Services.TaskService","TransportConnectionId":"Z84HWW9K3b1Pi2S5J3TrDQ","RequestId":"0HNGF8IL06SFF:00000021","RequestPath":"/_blazor","ConnectionId":"0HNGF8IL06SFF","Application":"MiniJira"}
2025-10-19 21:21:39.027 +02:00 [INF] Task "1b727d35-f4ff-4332-adff-90c224f2e49a" status updated successfully to "InProgress" {"SourceContext":"MiniJira.Services.TaskService","TransportConnectionId":"Z84HWW9K3b1Pi2S5J3TrDQ","RequestId":"0HNGF8IL06SFF:00000021","RequestPath":"/_blazor","ConnectionId":"0HNGF8IL06SFF","Application":"MiniJira"}
2025-10-19 21:21:40.347 +02:00 [INF] Updating status for task "1b727d35-f4ff-4332-adff-90c224f2e49a" to "ToDo" {"SourceContext":"MiniJira.Services.TaskService","TransportConnectionId":"Z84HWW9K3b1Pi2S5J3TrDQ","RequestId":"0HNGF8IL06SFF:00000021","RequestPath":"/_blazor","ConnectionId":"0HNGF8IL06SFF","Application":"MiniJira"}
2025-10-19 21:21:40.358 +02:00 [INF] Task "1b727d35-f4ff-4332-adff-90c224f2e49a" status updated successfully to "ToDo" {"SourceContext":"MiniJira.Services.TaskService","TransportConnectionId":"Z84HWW9K3b1Pi2S5J3TrDQ","RequestId":"0HNGF8IL06SFF:00000021","RequestPath":"/_blazor","ConnectionId":"0HNGF8IL06SFF","Application":"MiniJira"}
2025-10-19 21:21:41.603 +02:00 [INF] Updating status for task "1b727d35-f4ff-4332-adff-90c224f2e49a" to "Done" {"SourceContext":"MiniJira.Services.TaskService","TransportConnectionId":"Z84HWW9K3b1Pi2S5J3TrDQ","RequestId":"0HNGF8IL06SFF:00000021","RequestPath":"/_blazor","ConnectionId":"0HNGF8IL06SFF","Application":"MiniJira"}
2025-10-19 21:21:41.616 +02:00 [INF] Task "1b727d35-f4ff-4332-adff-90c224f2e49a" status updated successfully to "Done" {"SourceContext":"MiniJira.Services.TaskService","TransportConnectionId":"Z84HWW9K3b1Pi2S5J3TrDQ","RequestId":"0HNGF8IL06SFF:00000021","RequestPath":"/_blazor","ConnectionId":"0HNGF8IL06SFF","Application":"MiniJira"}
2025-10-19 21:22:09.172 +02:00 [INF] Retrieving task with ID "cc194bbd-f8a9-4f08-ad0a-03518d0388fd" {"SourceContext":"MiniJira.Services.TaskService","TransportConnectionId":"Z84HWW9K3b1Pi2S5J3TrDQ","RequestId":"0HNGF8IL06SFF:00000021","RequestPath":"/_blazor","ConnectionId":"0HNGF8IL06SFF","Application":"MiniJira"}
2025-10-19 21:22:09.189 +02:00 [INF] Retrieving all columns for culture hr-HR {"SourceContext":"MiniJira.Services.ColumnService","TransportConnectionId":"Z84HWW9K3b1Pi2S5J3TrDQ","RequestId":"0HNGF8IL06SFF:00000021","RequestPath":"/_blazor","ConnectionId":"0HNGF8IL06SFF","Application":"MiniJira"}
2025-10-19 21:22:09.202 +02:00 [INF] Retrieving distinct customer names {"SourceContext":"MiniJira.Services.TaskService","TransportConnectionId":"Z84HWW9K3b1Pi2S5J3TrDQ","RequestId":"0HNGF8IL06SFF:00000021","RequestPath":"/_blazor","ConnectionId":"0HNGF8IL06SFF","Application":"MiniJira"}
2025-10-19 21:22:09.467 +02:00 [WRN] Compiling a query which loads related collections for more than one collection navigation, either via 'Include' or through projection, but no 'QuerySplittingBehavior' has been configured. By default, Entity Framework will use 'QuerySplittingBehavior.SingleQuery', which can potentially result in slow query performance. See https://go.microsoft.com/fwlink/?linkid=2134277 for more information. To identify the query that's triggering this warning call 'ConfigureWarnings(w => w.Throw(RelationalEventId.MultipleCollectionIncludeWarning))'. {"EventId":{"Id":20504,"Name":"Microsoft.EntityFrameworkCore.Query.MultipleCollectionIncludeWarning"},"SourceContext":"Microsoft.EntityFrameworkCore.Query","TransportConnectionId":"Z84HWW9K3b1Pi2S5J3TrDQ","RequestId":"0HNGF8IL06SFF:00000021","RequestPath":"/_blazor","ConnectionId":"0HNGF8IL06SFF","Application":"MiniJira"}
2025-10-19 21:22:09.511 +02:00 [INF] Retrieving owner history for task "cc194bbd-f8a9-4f08-ad0a-03518d0388fd" {"SourceContext":"MiniJira.Services.TaskService","TransportConnectionId":"Z84HWW9K3b1Pi2S5J3TrDQ","RequestId":"0HNGF8IL06SFF:00000021","RequestPath":"/_blazor","ConnectionId":"0HNGF8IL06SFF","Application":"MiniJira"}
2025-10-19 21:22:09.530 +02:00 [INF] Retrieving owner history for task "cc194bbd-f8a9-4f08-ad0a-03518d0388fd" {"SourceContext":"MiniJira.Services.TaskService","TransportConnectionId":"Z84HWW9K3b1Pi2S5J3TrDQ","RequestId":"0HNGF8IL06SFF:00000021","RequestPath":"/_blazor","ConnectionId":"0HNGF8IL06SFF","Application":"MiniJira"}
2025-10-19 21:54:17.849 +02:00 [INF] Applying database migrations... {"SourceContext":"Program","Application":"MiniJira"}
2025-10-19 21:54:18.432 +02:00 [WRN] The 'TaskPriority' property 'Priority' on entity type 'Task' is configured with a database-generated default, but has no configured sentinel value. The database-generated default will always be used for inserts when the property has the value 'Low', since this is the CLR default for the 'TaskPriority' type. Consider using a nullable type, using a nullable backing field, or setting the sentinel value for the property to ensure the database default is used when, and only when, appropriate. See https://aka.ms/efcore-docs-default-values for more information. {"EventId":{"Id":20601,"Name":"Microsoft.EntityFrameworkCore.Model.Validation.BoolWithDefaultWarning"},"SourceContext":"Microsoft.EntityFrameworkCore.Model.Validation","Application":"MiniJira"}
2025-10-19 21:54:18.652 +02:00 [INF] Acquiring an exclusive lock for migration application. See https://aka.ms/efcore-docs-migrations-lock for more information if this takes too long. {"EventId":{"Id":20411,"Name":"Microsoft.EntityFrameworkCore.Migrations.AcquiringMigrationLock"},"SourceContext":"Microsoft.EntityFrameworkCore.Migrations","Application":"MiniJira"}
2025-10-19 21:54:18.784 +02:00 [INF] No migrations were applied. The database is already up to date. {"EventId":{"Id":20405,"Name":"Microsoft.EntityFrameworkCore.Migrations.MigrationsNotApplied"},"SourceContext":"Microsoft.EntityFrameworkCore.Migrations","Application":"MiniJira"}
2025-10-19 21:54:18.799 +02:00 [INF] Database migrations applied successfully {"SourceContext":"Program","Application":"MiniJira"}
2025-10-19 21:54:19.295 +02:00 [INF] Now listening on: https://localhost:7105 {"EventId":{"Id":14,"Name":"ListeningOnAddress"},"SourceContext":"Microsoft.Hosting.Lifetime","Application":"MiniJira"}
2025-10-19 21:54:19.303 +02:00 [INF] Now listening on: http://localhost:5194 {"EventId":{"Id":14,"Name":"ListeningOnAddress"},"SourceContext":"Microsoft.Hosting.Lifetime","Application":"MiniJira"}
2025-10-19 21:54:19.399 +02:00 [INF] Application started. Press Ctrl+C to shut down. {"SourceContext":"Microsoft.Hosting.Lifetime","Application":"MiniJira"}
2025-10-19 21:54:19.403 +02:00 [INF] Hosting environment: Development {"SourceContext":"Microsoft.Hosting.Lifetime","Application":"MiniJira"}
2025-10-19 21:54:19.406 +02:00 [INF] Content root path: D:\KimiAi\MiniJira\MiniJira\MiniJira {"SourceContext":"Microsoft.Hosting.Lifetime","Application":"MiniJira"}
2025-10-19 21:54:30.261 +02:00 [INF] Retrieving all columns for culture hr-HR {"SourceContext":"MiniJira.Services.ColumnService","TransportConnectionId":"ieEsJD5otoiLRTmsHYc19g","RequestId":"0HNGF955EHQJM:00000011","RequestPath":"/_blazor","ConnectionId":"0HNGF955EHQJM","Application":"MiniJira"}
2025-10-19 21:54:30.824 +02:00 [WRN] Compiling a query which loads related collections for more than one collection navigation, either via 'Include' or through projection, but no 'QuerySplittingBehavior' has been configured. By default, Entity Framework will use 'QuerySplittingBehavior.SingleQuery', which can potentially result in slow query performance. See https://go.microsoft.com/fwlink/?linkid=2134277 for more information. To identify the query that's triggering this warning call 'ConfigureWarnings(w => w.Throw(RelationalEventId.MultipleCollectionIncludeWarning))'. {"EventId":{"Id":20504,"Name":"Microsoft.EntityFrameworkCore.Query.MultipleCollectionIncludeWarning"},"SourceContext":"Microsoft.EntityFrameworkCore.Query","TransportConnectionId":"ieEsJD5otoiLRTmsHYc19g","RequestId":"0HNGF955EHQJM:00000011","RequestPath":"/_blazor","ConnectionId":"0HNGF955EHQJM","Application":"MiniJira"}
2025-10-19 21:54:31.021 +02:00 [INF] Retrieving all tasks {"SourceContext":"MiniJira.Services.TaskService","TransportConnectionId":"ieEsJD5otoiLRTmsHYc19g","RequestId":"0HNGF955EHQJM:00000011","RequestPath":"/_blazor","ConnectionId":"0HNGF955EHQJM","Application":"MiniJira"}
2025-10-19 21:54:32.279 +02:00 [INF] Retrieving task with ID "cc194bbd-f8a9-4f08-ad0a-03518d0388fd" {"SourceContext":"MiniJira.Services.TaskService","TransportConnectionId":"ieEsJD5otoiLRTmsHYc19g","RequestId":"0HNGF955EHQJM:00000011","RequestPath":"/_blazor","ConnectionId":"0HNGF955EHQJM","Application":"MiniJira"}
2025-10-19 21:54:32.321 +02:00 [INF] Retrieving all columns for culture hr-HR {"SourceContext":"MiniJira.Services.ColumnService","TransportConnectionId":"ieEsJD5otoiLRTmsHYc19g","RequestId":"0HNGF955EHQJM:00000011","RequestPath":"/_blazor","ConnectionId":"0HNGF955EHQJM","Application":"MiniJira"}
2025-10-19 21:54:32.334 +02:00 [INF] Retrieving distinct customer names {"SourceContext":"MiniJira.Services.TaskService","TransportConnectionId":"ieEsJD5otoiLRTmsHYc19g","RequestId":"0HNGF955EHQJM:00000011","RequestPath":"/_blazor","ConnectionId":"0HNGF955EHQJM","Application":"MiniJira"}
2025-10-19 21:54:32.641 +02:00 [WRN] Compiling a query which loads related collections for more than one collection navigation, either via 'Include' or through projection, but no 'QuerySplittingBehavior' has been configured. By default, Entity Framework will use 'QuerySplittingBehavior.SingleQuery', which can potentially result in slow query performance. See https://go.microsoft.com/fwlink/?linkid=2134277 for more information. To identify the query that's triggering this warning call 'ConfigureWarnings(w => w.Throw(RelationalEventId.MultipleCollectionIncludeWarning))'. {"EventId":{"Id":20504,"Name":"Microsoft.EntityFrameworkCore.Query.MultipleCollectionIncludeWarning"},"SourceContext":"Microsoft.EntityFrameworkCore.Query","TransportConnectionId":"ieEsJD5otoiLRTmsHYc19g","RequestId":"0HNGF955EHQJM:00000011","RequestPath":"/_blazor","ConnectionId":"0HNGF955EHQJM","Application":"MiniJira"}
2025-10-19 21:54:32.709 +02:00 [INF] Retrieving owner history for task "cc194bbd-f8a9-4f08-ad0a-03518d0388fd" {"SourceContext":"MiniJira.Services.TaskService","TransportConnectionId":"ieEsJD5otoiLRTmsHYc19g","RequestId":"0HNGF955EHQJM:00000011","RequestPath":"/_blazor","ConnectionId":"0HNGF955EHQJM","Application":"MiniJira"}
2025-10-19 21:54:32.727 +02:00 [INF] Retrieving owner history for task "cc194bbd-f8a9-4f08-ad0a-03518d0388fd" {"SourceContext":"MiniJira.Services.TaskService","TransportConnectionId":"ieEsJD5otoiLRTmsHYc19g","RequestId":"0HNGF955EHQJM:00000011","RequestPath":"/_blazor","ConnectionId":"0HNGF955EHQJM","Application":"MiniJira"}
2025-10-19 23:47:05.828 +02:00 [INF] Applying database migrations... {"SourceContext":"Program","Application":"MiniJira"}
2025-10-19 23:47:06.870 +02:00 [WRN] The 'TaskPriority' property 'Priority' on entity type 'Task' is configured with a database-generated default, but has no configured sentinel value. The database-generated default will always be used for inserts when the property has the value 'Low', since this is the CLR default for the 'TaskPriority' type. Consider using a nullable type, using a nullable backing field, or setting the sentinel value for the property to ensure the database default is used when, and only when, appropriate. See https://aka.ms/efcore-docs-default-values for more information. {"EventId":{"Id":20601,"Name":"Microsoft.EntityFrameworkCore.Model.Validation.BoolWithDefaultWarning"},"SourceContext":"Microsoft.EntityFrameworkCore.Model.Validation","Application":"MiniJira"}
2025-10-19 23:47:07.102 +02:00 [INF] Acquiring an exclusive lock for migration application. See https://aka.ms/efcore-docs-migrations-lock for more information if this takes too long. {"EventId":{"Id":20411,"Name":"Microsoft.EntityFrameworkCore.Migrations.AcquiringMigrationLock"},"SourceContext":"Microsoft.EntityFrameworkCore.Migrations","Application":"MiniJira"}
2025-10-19 23:47:07.211 +02:00 [INF] No migrations were applied. The database is already up to date. {"EventId":{"Id":20405,"Name":"Microsoft.EntityFrameworkCore.Migrations.MigrationsNotApplied"},"SourceContext":"Microsoft.EntityFrameworkCore.Migrations","Application":"MiniJira"}
2025-10-19 23:47:07.223 +02:00 [INF] Database migrations applied successfully {"SourceContext":"Program","Application":"MiniJira"}
2025-10-19 23:47:07.817 +02:00 [INF] Now listening on: https://localhost:7105 {"EventId":{"Id":14,"Name":"ListeningOnAddress"},"SourceContext":"Microsoft.Hosting.Lifetime","Application":"MiniJira"}
2025-10-19 23:47:07.823 +02:00 [INF] Now listening on: http://localhost:5194 {"EventId":{"Id":14,"Name":"ListeningOnAddress"},"SourceContext":"Microsoft.Hosting.Lifetime","Application":"MiniJira"}
2025-10-19 23:47:07.914 +02:00 [INF] Application started. Press Ctrl+C to shut down. {"SourceContext":"Microsoft.Hosting.Lifetime","Application":"MiniJira"}
2025-10-19 23:47:07.918 +02:00 [INF] Hosting environment: Development {"SourceContext":"Microsoft.Hosting.Lifetime","Application":"MiniJira"}
2025-10-19 23:47:07.921 +02:00 [INF] Content root path: D:\KimiAi\MiniJira\MiniJira\MiniJira {"SourceContext":"Microsoft.Hosting.Lifetime","Application":"MiniJira"}
2025-10-19 23:47:11.847 +02:00 [INF] Retrieving all columns for culture hr-HR {"SourceContext":"MiniJira.Services.ColumnService","TransportConnectionId":"kMVqvBVPMWHlZ7nFddwl5A","RequestId":"0HNGFB46J88Q6:00000011","RequestPath":"/_blazor","ConnectionId":"0HNGFB46J88Q6","Application":"MiniJira"}
2025-10-19 23:47:12.463 +02:00 [WRN] Compiling a query which loads related collections for more than one collection navigation, either via 'Include' or through projection, but no 'QuerySplittingBehavior' has been configured. By default, Entity Framework will use 'QuerySplittingBehavior.SingleQuery', which can potentially result in slow query performance. See https://go.microsoft.com/fwlink/?linkid=2134277 for more information. To identify the query that's triggering this warning call 'ConfigureWarnings(w => w.Throw(RelationalEventId.MultipleCollectionIncludeWarning))'. {"EventId":{"Id":20504,"Name":"Microsoft.EntityFrameworkCore.Query.MultipleCollectionIncludeWarning"},"SourceContext":"Microsoft.EntityFrameworkCore.Query","TransportConnectionId":"kMVqvBVPMWHlZ7nFddwl5A","RequestId":"0HNGFB46J88Q6:00000011","RequestPath":"/_blazor","ConnectionId":"0HNGFB46J88Q6","Application":"MiniJira"}
2025-10-19 23:47:12.617 +02:00 [INF] Retrieving all tasks {"SourceContext":"MiniJira.Services.TaskService","TransportConnectionId":"kMVqvBVPMWHlZ7nFddwl5A","RequestId":"0HNGFB46J88Q6:00000011","RequestPath":"/_blazor","ConnectionId":"0HNGFB46J88Q6","Application":"MiniJira"}
