2025-10-15 21:51:01.920 +02:00 [WRN] The 'TaskPriority' property 'Priority' on entity type 'Task' is configured with a database-generated default, but has no configured sentinel value. The database-generated default will always be used for inserts when the property has the value 'Low', since this is the CLR default for the 'TaskPriority' type. Consider using a nullable type, using a nullable backing field, or setting the sentinel value for the property to ensure the database default is used when, and only when, appropriate. See https://aka.ms/efcore-docs-default-values for more information. {"EventId":{"Id":20601,"Name":"Microsoft.EntityFrameworkCore.Model.Validation.BoolWithDefaultWarning"},"SourceContext":"Microsoft.EntityFrameworkCore.Model.Validation","Application":"MiniJira"}
2025-10-15 21:51:22.043 +02:00 [WRN] The 'TaskPriority' property 'Priority' on entity type 'Task' is configured with a database-generated default, but has no configured sentinel value. The database-generated default will always be used for inserts when the property has the value 'Low', since this is the CLR default for the 'TaskPriority' type. Consider using a nullable type, using a nullable backing field, or setting the sentinel value for the property to ensure the database default is used when, and only when, appropriate. See https://aka.ms/efcore-docs-default-values for more information. {"EventId":{"Id":20601,"Name":"Microsoft.EntityFrameworkCore.Model.Validation.BoolWithDefaultWarning"},"SourceContext":"Microsoft.EntityFrameworkCore.Model.Validation","Application":"MiniJira"}
2025-10-15 21:51:22.341 +02:00 [INF] Acquiring an exclusive lock for migration application. See https://aka.ms/efcore-docs-migrations-lock for more information if this takes too long. {"EventId":{"Id":20411,"Name":"Microsoft.EntityFrameworkCore.Migrations.AcquiringMigrationLock"},"SourceContext":"Microsoft.EntityFrameworkCore.Migrations","Application":"MiniJira"}
2025-10-15 21:51:22.451 +02:00 [INF] Applying migration '20251015195103_AddWorkOrderTables'. {"EventId":{"Id":20402,"Name":"Microsoft.EntityFrameworkCore.Migrations.MigrationApplying"},"SourceContext":"Microsoft.EntityFrameworkCore.Migrations","Application":"MiniJira"}
2025-10-15 22:41:27.852 +02:00 [INF] Applying database migrations... {"SourceContext":"Program","Application":"MiniJira"}
2025-10-15 22:41:28.630 +02:00 [WRN] The 'TaskPriority' property 'Priority' on entity type 'Task' is configured with a database-generated default, but has no configured sentinel value. The database-generated default will always be used for inserts when the property has the value 'Low', since this is the CLR default for the 'TaskPriority' type. Consider using a nullable type, using a nullable backing field, or setting the sentinel value for the property to ensure the database default is used when, and only when, appropriate. See https://aka.ms/efcore-docs-default-values for more information. {"EventId":{"Id":20601,"Name":"Microsoft.EntityFrameworkCore.Model.Validation.BoolWithDefaultWarning"},"SourceContext":"Microsoft.EntityFrameworkCore.Model.Validation","Application":"MiniJira"}
2025-10-15 22:41:28.974 +02:00 [INF] Acquiring an exclusive lock for migration application. See https://aka.ms/efcore-docs-migrations-lock for more information if this takes too long. {"EventId":{"Id":20411,"Name":"Microsoft.EntityFrameworkCore.Migrations.AcquiringMigrationLock"},"SourceContext":"Microsoft.EntityFrameworkCore.Migrations","Application":"MiniJira"}
2025-10-15 22:41:29.186 +02:00 [INF] No migrations were applied. The database is already up to date. {"EventId":{"Id":20405,"Name":"Microsoft.EntityFrameworkCore.Migrations.MigrationsNotApplied"},"SourceContext":"Microsoft.EntityFrameworkCore.Migrations","Application":"MiniJira"}
2025-10-15 22:41:29.209 +02:00 [INF] Database migrations applied successfully {"SourceContext":"Program","Application":"MiniJira"}
2025-10-15 22:41:30.279 +02:00 [INF] Now listening on: https://localhost:7105 {"EventId":{"Id":14,"Name":"ListeningOnAddress"},"SourceContext":"Microsoft.Hosting.Lifetime","Application":"MiniJira"}
2025-10-15 22:41:30.285 +02:00 [INF] Now listening on: http://localhost:5194 {"EventId":{"Id":14,"Name":"ListeningOnAddress"},"SourceContext":"Microsoft.Hosting.Lifetime","Application":"MiniJira"}
2025-10-15 22:41:30.408 +02:00 [INF] Application started. Press Ctrl+C to shut down. {"SourceContext":"Microsoft.Hosting.Lifetime","Application":"MiniJira"}
2025-10-15 22:41:30.413 +02:00 [INF] Hosting environment: Development {"SourceContext":"Microsoft.Hosting.Lifetime","Application":"MiniJira"}
2025-10-15 22:41:30.415 +02:00 [INF] Content root path: D:\KimiAi\MiniJira\MiniJira\MiniJira {"SourceContext":"Microsoft.Hosting.Lifetime","Application":"MiniJira"}
2025-10-15 22:41:32.073 +02:00 [WRN] Unable to contact VS to retrieve Browser Link script tag. {"EventId":{"Id":5,"Name":"FailedToGetBrowserLinkScriptTag"},"SourceContext":"Microsoft.WebTools.BrowserLink.Net.BrowserLinkMiddleware","RequestId":"0HNGC5CS6GC6R:00000001","RequestPath":"/","ConnectionId":"0HNGC5CS6GC6R","Application":"MiniJira"}
2025-10-15 22:43:10.646 +02:00 [INF] Retrieving all columns for culture en-US {"SourceContext":"MiniJira.Services.ColumnService","TransportConnectionId":"7OA19vCQfW2-uZ1myAuyxQ","RequestId":"0HNGC5CS6GC6R:00000019","RequestPath":"/_blazor","ConnectionId":"0HNGC5CS6GC6R","Application":"MiniJira"}
2025-10-15 22:43:10.989 +02:00 [WRN] Compiling a query which loads related collections for more than one collection navigation, either via 'Include' or through projection, but no 'QuerySplittingBehavior' has been configured. By default, Entity Framework will use 'QuerySplittingBehavior.SingleQuery', which can potentially result in slow query performance. See https://go.microsoft.com/fwlink/?linkid=2134277 for more information. To identify the query that's triggering this warning call 'ConfigureWarnings(w => w.Throw(RelationalEventId.MultipleCollectionIncludeWarning))'. {"EventId":{"Id":20504,"Name":"Microsoft.EntityFrameworkCore.Query.MultipleCollectionIncludeWarning"},"SourceContext":"Microsoft.EntityFrameworkCore.Query","TransportConnectionId":"7OA19vCQfW2-uZ1myAuyxQ","RequestId":"0HNGC5CS6GC6R:00000019","RequestPath":"/_blazor","ConnectionId":"0HNGC5CS6GC6R","Application":"MiniJira"}
2025-10-15 22:43:11.077 +02:00 [INF] Retrieving all tasks {"SourceContext":"MiniJira.Services.TaskService","TransportConnectionId":"7OA19vCQfW2-uZ1myAuyxQ","RequestId":"0HNGC5CS6GC6R:00000019","RequestPath":"/_blazor","ConnectionId":"0HNGC5CS6GC6R","Application":"MiniJira"}
2025-10-15 22:43:16.978 +02:00 [INF] Retrieving task with ID "b93754f7-233b-40fd-9bb2-5b5cf6cfb246" {"SourceContext":"MiniJira.Services.TaskService","TransportConnectionId":"7OA19vCQfW2-uZ1myAuyxQ","RequestId":"0HNGC5CS6GC6R:00000019","RequestPath":"/_blazor","ConnectionId":"0HNGC5CS6GC6R","Application":"MiniJira"}
2025-10-15 22:43:17.024 +02:00 [INF] Retrieving all columns for culture en-US {"SourceContext":"MiniJira.Services.ColumnService","TransportConnectionId":"7OA19vCQfW2-uZ1myAuyxQ","RequestId":"0HNGC5CS6GC6R:00000019","RequestPath":"/_blazor","ConnectionId":"0HNGC5CS6GC6R","Application":"MiniJira"}
2025-10-15 22:43:17.227 +02:00 [WRN] Compiling a query which loads related collections for more than one collection navigation, either via 'Include' or through projection, but no 'QuerySplittingBehavior' has been configured. By default, Entity Framework will use 'QuerySplittingBehavior.SingleQuery', which can potentially result in slow query performance. See https://go.microsoft.com/fwlink/?linkid=2134277 for more information. To identify the query that's triggering this warning call 'ConfigureWarnings(w => w.Throw(RelationalEventId.MultipleCollectionIncludeWarning))'. {"EventId":{"Id":20504,"Name":"Microsoft.EntityFrameworkCore.Query.MultipleCollectionIncludeWarning"},"SourceContext":"Microsoft.EntityFrameworkCore.Query","TransportConnectionId":"7OA19vCQfW2-uZ1myAuyxQ","RequestId":"0HNGC5CS6GC6R:00000019","RequestPath":"/_blazor","ConnectionId":"0HNGC5CS6GC6R","Application":"MiniJira"}
2025-10-15 22:43:17.362 +02:00 [INF] Retrieving owner history for task "b93754f7-233b-40fd-9bb2-5b5cf6cfb246" {"SourceContext":"MiniJira.Services.TaskService","TransportConnectionId":"7OA19vCQfW2-uZ1myAuyxQ","RequestId":"0HNGC5CS6GC6R:00000019","RequestPath":"/_blazor","ConnectionId":"0HNGC5CS6GC6R","Application":"MiniJira"}
2025-10-15 22:43:17.386 +02:00 [INF] Retrieving owner history for task "b93754f7-233b-40fd-9bb2-5b5cf6cfb246" {"SourceContext":"MiniJira.Services.TaskService","TransportConnectionId":"7OA19vCQfW2-uZ1myAuyxQ","RequestId":"0HNGC5CS6GC6R:00000019","RequestPath":"/_blazor","ConnectionId":"0HNGC5CS6GC6R","Application":"MiniJira"}
2025-10-15 22:43:32.443 +02:00 [INF] Retrieving all tasks {"SourceContext":"MiniJira.Services.TaskService","TransportConnectionId":"7OA19vCQfW2-uZ1myAuyxQ","RequestId":"0HNGC5CS6GC6R:00000019","RequestPath":"/_blazor","ConnectionId":"0HNGC5CS6GC6R","Application":"MiniJira"}
2025-10-15 22:43:34.824 +02:00 [WRN] Unable to contact VS to retrieve Browser Link script tag. {"EventId":{"Id":5,"Name":"FailedToGetBrowserLinkScriptTag"},"SourceContext":"Microsoft.WebTools.BrowserLink.Net.BrowserLinkMiddleware","RequestId":"0HNGC5CS6GC6R:0000001D","RequestPath":"/timeline","ConnectionId":"0HNGC5CS6GC6R","Application":"MiniJira"}
2025-10-15 22:43:35.397 +02:00 [WRN] Unhandled exception rendering component: JavaScript interop calls cannot be issued at this time. This is because the circuit has disconnected and is being disposed. {"EventId":{"Id":100,"Name":"ExceptionRenderingComponent"},"SourceContext":"Microsoft.AspNetCore.Components.Server.Circuits.RemoteRenderer","RequestId":"0HNGC5CS6GC6R:0000001F","RequestPath":"/_blazor/disconnect","ConnectionId":"0HNGC5CS6GC6R","Application":"MiniJira"}
Microsoft.JSInterop.JSDisconnectedException: JavaScript interop calls cannot be issued at this time. This is because the circuit has disconnected and is being disposed.
   at Microsoft.AspNetCore.Components.Server.Circuits.RemoteJSRuntime.BeginInvokeJS(Int64 asyncHandle, String identifier, String argsJson, JSCallResultType resultType, Int64 targetInstanceId)
   at Microsoft.JSInterop.JSRuntime.InvokeAsync[TValue](Int64 targetInstanceId, String identifier, CancellationToken cancellationToken, Object[] args)
   at Microsoft.JSInterop.JSRuntime.InvokeAsync[TValue](Int64 targetInstanceId, String identifier, Object[] args)
   at Microsoft.JSInterop.JSRuntimeExtensions.InvokeVoidAsync(IJSRuntime jsRuntime, String identifier, Object[] args)
   at Microsoft.JSInterop.Implementation.JSObjectReference.DisposeAsync()
   at MiniJira.Shared.MainLayout.DisposeAsync() in D:\KimiAi\MiniJira\MiniJira\MiniJira\Shared\MainLayout.razor.cs:line 77
   at Microsoft.AspNetCore.Components.RenderTree.Renderer.<>c__DisplayClass85_0.<<Dispose>g__HandleAsyncExceptions|1>d.MoveNext()
2025-10-15 22:43:35.434 +02:00 [ERR] Unhandled exception in circuit 'GpU-lWCh5f1uaDGkxC5Nnosy-4ezn9BJX1vyOYqRR5s'. {"EventId":{"Id":111,"Name":"CircuitUnhandledException"},"SourceContext":"Microsoft.AspNetCore.Components.Server.Circuits.CircuitHost","RequestId":"0HNGC5CS6GC6R:0000001F","RequestPath":"/_blazor/disconnect","ConnectionId":"0HNGC5CS6GC6R","Application":"MiniJira"}
Microsoft.JSInterop.JSDisconnectedException: JavaScript interop calls cannot be issued at this time. This is because the circuit has disconnected and is being disposed.
   at Microsoft.AspNetCore.Components.Server.Circuits.RemoteJSRuntime.BeginInvokeJS(Int64 asyncHandle, String identifier, String argsJson, JSCallResultType resultType, Int64 targetInstanceId)
   at Microsoft.JSInterop.JSRuntime.InvokeAsync[TValue](Int64 targetInstanceId, String identifier, CancellationToken cancellationToken, Object[] args)
   at Microsoft.JSInterop.JSRuntime.InvokeAsync[TValue](Int64 targetInstanceId, String identifier, Object[] args)
   at Microsoft.JSInterop.JSRuntimeExtensions.InvokeVoidAsync(IJSRuntime jsRuntime, String identifier, Object[] args)
   at Microsoft.JSInterop.Implementation.JSObjectReference.DisposeAsync()
   at MiniJira.Shared.MainLayout.DisposeAsync() in D:\KimiAi\MiniJira\MiniJira\MiniJira\Shared\MainLayout.razor.cs:line 77
   at Microsoft.AspNetCore.Components.RenderTree.Renderer.<>c__DisplayClass85_0.<<Dispose>g__HandleAsyncExceptions|1>d.MoveNext()
2025-10-15 22:43:36.345 +02:00 [WRN] Unable to contact VS to retrieve Browser Link script tag. {"EventId":{"Id":5,"Name":"FailedToGetBrowserLinkScriptTag"},"SourceContext":"Microsoft.WebTools.BrowserLink.Net.BrowserLinkMiddleware","RequestId":"0HNGC5CS6GC6R:0000002D","RequestPath":"/backlog","ConnectionId":"0HNGC5CS6GC6R","Application":"MiniJira"}
2025-10-15 22:43:36.789 +02:00 [WRN] Unhandled exception rendering component: JavaScript interop calls cannot be issued at this time. This is because the circuit has disconnected and is being disposed. {"EventId":{"Id":100,"Name":"ExceptionRenderingComponent"},"SourceContext":"Microsoft.AspNetCore.Components.Server.Circuits.RemoteRenderer","RequestId":"0HNGC5CS6GC6R:0000002F","RequestPath":"/_blazor/disconnect","ConnectionId":"0HNGC5CS6GC6R","Application":"MiniJira"}
Microsoft.JSInterop.JSDisconnectedException: JavaScript interop calls cannot be issued at this time. This is because the circuit has disconnected and is being disposed.
   at Microsoft.AspNetCore.Components.Server.Circuits.RemoteJSRuntime.BeginInvokeJS(Int64 asyncHandle, String identifier, String argsJson, JSCallResultType resultType, Int64 targetInstanceId)
   at Microsoft.JSInterop.JSRuntime.InvokeAsync[TValue](Int64 targetInstanceId, String identifier, CancellationToken cancellationToken, Object[] args)
   at Microsoft.JSInterop.JSRuntime.InvokeAsync[TValue](Int64 targetInstanceId, String identifier, Object[] args)
   at Microsoft.JSInterop.JSRuntimeExtensions.InvokeVoidAsync(IJSRuntime jsRuntime, String identifier, Object[] args)
   at Microsoft.JSInterop.Implementation.JSObjectReference.DisposeAsync()
   at MiniJira.Shared.MainLayout.DisposeAsync() in D:\KimiAi\MiniJira\MiniJira\MiniJira\Shared\MainLayout.razor.cs:line 77
   at Microsoft.AspNetCore.Components.RenderTree.Renderer.<>c__DisplayClass85_0.<<Dispose>g__HandleAsyncExceptions|1>d.MoveNext()
2025-10-15 22:43:36.813 +02:00 [ERR] Unhandled exception in circuit 'dK-BiD4tsIGbApATyViHDRzITVWid2vqodEm8SjScVU'. {"EventId":{"Id":111,"Name":"CircuitUnhandledException"},"SourceContext":"Microsoft.AspNetCore.Components.Server.Circuits.CircuitHost","RequestId":"0HNGC5CS6GC6R:0000002F","RequestPath":"/_blazor/disconnect","ConnectionId":"0HNGC5CS6GC6R","Application":"MiniJira"}
Microsoft.JSInterop.JSDisconnectedException: JavaScript interop calls cannot be issued at this time. This is because the circuit has disconnected and is being disposed.
   at Microsoft.AspNetCore.Components.Server.Circuits.RemoteJSRuntime.BeginInvokeJS(Int64 asyncHandle, String identifier, String argsJson, JSCallResultType resultType, Int64 targetInstanceId)
   at Microsoft.JSInterop.JSRuntime.InvokeAsync[TValue](Int64 targetInstanceId, String identifier, CancellationToken cancellationToken, Object[] args)
   at Microsoft.JSInterop.JSRuntime.InvokeAsync[TValue](Int64 targetInstanceId, String identifier, Object[] args)
   at Microsoft.JSInterop.JSRuntimeExtensions.InvokeVoidAsync(IJSRuntime jsRuntime, String identifier, Object[] args)
   at Microsoft.JSInterop.Implementation.JSObjectReference.DisposeAsync()
   at MiniJira.Shared.MainLayout.DisposeAsync() in D:\KimiAi\MiniJira\MiniJira\MiniJira\Shared\MainLayout.razor.cs:line 77
   at Microsoft.AspNetCore.Components.RenderTree.Renderer.<>c__DisplayClass85_0.<<Dispose>g__HandleAsyncExceptions|1>d.MoveNext()
2025-10-15 22:43:38.349 +02:00 [INF] Retrieving all columns for culture en-US {"SourceContext":"MiniJira.Services.ColumnService","TransportConnectionId":"Pmx55YW52W1uw4GspVt6Ug","RequestId":"0HNGC5CS6GC6R:00000039","RequestPath":"/_blazor","ConnectionId":"0HNGC5CS6GC6R","Application":"MiniJira"}
2025-10-15 22:43:38.358 +02:00 [INF] Retrieving all tasks {"SourceContext":"MiniJira.Services.TaskService","TransportConnectionId":"Pmx55YW52W1uw4GspVt6Ug","RequestId":"0HNGC5CS6GC6R:00000039","RequestPath":"/_blazor","ConnectionId":"0HNGC5CS6GC6R","Application":"MiniJira"}
2025-10-15 22:43:40.787 +02:00 [INF] Retrieving all columns for culture en-US {"SourceContext":"MiniJira.Services.ColumnService","TransportConnectionId":"Pmx55YW52W1uw4GspVt6Ug","RequestId":"0HNGC5CS6GC6R:00000039","RequestPath":"/_blazor","ConnectionId":"0HNGC5CS6GC6R","Application":"MiniJira"}
2025-10-15 22:43:40.796 +02:00 [INF] Retrieving all tasks {"SourceContext":"MiniJira.Services.TaskService","TransportConnectionId":"Pmx55YW52W1uw4GspVt6Ug","RequestId":"0HNGC5CS6GC6R:00000039","RequestPath":"/_blazor","ConnectionId":"0HNGC5CS6GC6R","Application":"MiniJira"}
2025-10-15 22:43:42.345 +02:00 [INF] Retrieving task with ID "cc194bbd-f8a9-4f08-ad0a-03518d0388fd" {"SourceContext":"MiniJira.Services.TaskService","TransportConnectionId":"Pmx55YW52W1uw4GspVt6Ug","RequestId":"0HNGC5CS6GC6R:00000039","RequestPath":"/_blazor","ConnectionId":"0HNGC5CS6GC6R","Application":"MiniJira"}
2025-10-15 22:43:42.351 +02:00 [INF] Retrieving all columns for culture en-US {"SourceContext":"MiniJira.Services.ColumnService","TransportConnectionId":"Pmx55YW52W1uw4GspVt6Ug","RequestId":"0HNGC5CS6GC6R:00000039","RequestPath":"/_blazor","ConnectionId":"0HNGC5CS6GC6R","Application":"MiniJira"}
2025-10-15 22:43:42.402 +02:00 [INF] Retrieving owner history for task "cc194bbd-f8a9-4f08-ad0a-03518d0388fd" {"SourceContext":"MiniJira.Services.TaskService","TransportConnectionId":"Pmx55YW52W1uw4GspVt6Ug","RequestId":"0HNGC5CS6GC6R:00000039","RequestPath":"/_blazor","ConnectionId":"0HNGC5CS6GC6R","Application":"MiniJira"}
2025-10-15 22:43:42.411 +02:00 [INF] Retrieving owner history for task "cc194bbd-f8a9-4f08-ad0a-03518d0388fd" {"SourceContext":"MiniJira.Services.TaskService","TransportConnectionId":"Pmx55YW52W1uw4GspVt6Ug","RequestId":"0HNGC5CS6GC6R:00000039","RequestPath":"/_blazor","ConnectionId":"0HNGC5CS6GC6R","Application":"MiniJira"}
2025-10-15 22:44:16.815 +02:00 [INF] Retrieving owner history for task "cc194bbd-f8a9-4f08-ad0a-03518d0388fd" {"SourceContext":"MiniJira.Services.TaskService","TransportConnectionId":"Pmx55YW52W1uw4GspVt6Ug","RequestId":"0HNGC5CS6GC6R:00000039","RequestPath":"/_blazor","ConnectionId":"0HNGC5CS6GC6R","Application":"MiniJira"}
2025-10-15 22:44:16.823 +02:00 [INF] Retrieving owner history for task "cc194bbd-f8a9-4f08-ad0a-03518d0388fd" {"SourceContext":"MiniJira.Services.TaskService","TransportConnectionId":"Pmx55YW52W1uw4GspVt6Ug","RequestId":"0HNGC5CS6GC6R:00000039","RequestPath":"/_blazor","ConnectionId":"0HNGC5CS6GC6R","Application":"MiniJira"}
2025-10-15 22:50:26.605 +02:00 [INF] Applying database migrations... {"SourceContext":"Program","Application":"MiniJira"}
2025-10-15 22:50:27.346 +02:00 [WRN] The 'TaskPriority' property 'Priority' on entity type 'Task' is configured with a database-generated default, but has no configured sentinel value. The database-generated default will always be used for inserts when the property has the value 'Low', since this is the CLR default for the 'TaskPriority' type. Consider using a nullable type, using a nullable backing field, or setting the sentinel value for the property to ensure the database default is used when, and only when, appropriate. See https://aka.ms/efcore-docs-default-values for more information. {"EventId":{"Id":20601,"Name":"Microsoft.EntityFrameworkCore.Model.Validation.BoolWithDefaultWarning"},"SourceContext":"Microsoft.EntityFrameworkCore.Model.Validation","Application":"MiniJira"}
2025-10-15 22:50:27.571 +02:00 [INF] Acquiring an exclusive lock for migration application. See https://aka.ms/efcore-docs-migrations-lock for more information if this takes too long. {"EventId":{"Id":20411,"Name":"Microsoft.EntityFrameworkCore.Migrations.AcquiringMigrationLock"},"SourceContext":"Microsoft.EntityFrameworkCore.Migrations","Application":"MiniJira"}
2025-10-15 22:50:27.670 +02:00 [INF] No migrations were applied. The database is already up to date. {"EventId":{"Id":20405,"Name":"Microsoft.EntityFrameworkCore.Migrations.MigrationsNotApplied"},"SourceContext":"Microsoft.EntityFrameworkCore.Migrations","Application":"MiniJira"}
2025-10-15 22:50:27.680 +02:00 [INF] Database migrations applied successfully {"SourceContext":"Program","Application":"MiniJira"}
2025-10-15 22:50:28.184 +02:00 [INF] Now listening on: https://localhost:7105 {"EventId":{"Id":14,"Name":"ListeningOnAddress"},"SourceContext":"Microsoft.Hosting.Lifetime","Application":"MiniJira"}
2025-10-15 22:50:28.191 +02:00 [INF] Now listening on: http://localhost:5194 {"EventId":{"Id":14,"Name":"ListeningOnAddress"},"SourceContext":"Microsoft.Hosting.Lifetime","Application":"MiniJira"}
2025-10-15 22:50:28.382 +02:00 [INF] Application started. Press Ctrl+C to shut down. {"SourceContext":"Microsoft.Hosting.Lifetime","Application":"MiniJira"}
2025-10-15 22:50:28.386 +02:00 [INF] Hosting environment: Development {"SourceContext":"Microsoft.Hosting.Lifetime","Application":"MiniJira"}
2025-10-15 22:50:28.390 +02:00 [INF] Content root path: D:\KimiAi\MiniJira\MiniJira\MiniJira {"SourceContext":"Microsoft.Hosting.Lifetime","Application":"MiniJira"}
2025-10-15 22:50:29.018 +02:00 [WRN] Unable to contact VS to retrieve Browser Link script tag. {"EventId":{"Id":5,"Name":"FailedToGetBrowserLinkScriptTag"},"SourceContext":"Microsoft.WebTools.BrowserLink.Net.BrowserLinkMiddleware","RequestId":"0HNGC5HSGHMFN:00000001","RequestPath":"/","ConnectionId":"0HNGC5HSGHMFN","Application":"MiniJira"}
2025-10-15 22:50:37.119 +02:00 [INF] Retrieving all columns for culture en-US {"SourceContext":"MiniJira.Services.ColumnService","TransportConnectionId":"eicDUSkVIFprAO5CKTomyA","RequestId":"0HNGC5HSGHMFN:0000000D","RequestPath":"/_blazor","ConnectionId":"0HNGC5HSGHMFN","Application":"MiniJira"}
2025-10-15 22:50:37.474 +02:00 [WRN] Compiling a query which loads related collections for more than one collection navigation, either via 'Include' or through projection, but no 'QuerySplittingBehavior' has been configured. By default, Entity Framework will use 'QuerySplittingBehavior.SingleQuery', which can potentially result in slow query performance. See https://go.microsoft.com/fwlink/?linkid=2134277 for more information. To identify the query that's triggering this warning call 'ConfigureWarnings(w => w.Throw(RelationalEventId.MultipleCollectionIncludeWarning))'. {"EventId":{"Id":20504,"Name":"Microsoft.EntityFrameworkCore.Query.MultipleCollectionIncludeWarning"},"SourceContext":"Microsoft.EntityFrameworkCore.Query","TransportConnectionId":"eicDUSkVIFprAO5CKTomyA","RequestId":"0HNGC5HSGHMFN:0000000D","RequestPath":"/_blazor","ConnectionId":"0HNGC5HSGHMFN","Application":"MiniJira"}
2025-10-15 22:50:37.575 +02:00 [INF] Retrieving all tasks {"SourceContext":"MiniJira.Services.TaskService","TransportConnectionId":"eicDUSkVIFprAO5CKTomyA","RequestId":"0HNGC5HSGHMFN:0000000D","RequestPath":"/_blazor","ConnectionId":"0HNGC5HSGHMFN","Application":"MiniJira"}
2025-10-15 22:50:39.433 +02:00 [INF] Retrieving task with ID "cc194bbd-f8a9-4f08-ad0a-03518d0388fd" {"SourceContext":"MiniJira.Services.TaskService","TransportConnectionId":"eicDUSkVIFprAO5CKTomyA","RequestId":"0HNGC5HSGHMFN:0000000D","RequestPath":"/_blazor","ConnectionId":"0HNGC5HSGHMFN","Application":"MiniJira"}
2025-10-15 22:50:39.501 +02:00 [INF] Retrieving all columns for culture en-US {"SourceContext":"MiniJira.Services.ColumnService","TransportConnectionId":"eicDUSkVIFprAO5CKTomyA","RequestId":"0HNGC5HSGHMFN:0000000D","RequestPath":"/_blazor","ConnectionId":"0HNGC5HSGHMFN","Application":"MiniJira"}
2025-10-15 22:50:39.745 +02:00 [WRN] Compiling a query which loads related collections for more than one collection navigation, either via 'Include' or through projection, but no 'QuerySplittingBehavior' has been configured. By default, Entity Framework will use 'QuerySplittingBehavior.SingleQuery', which can potentially result in slow query performance. See https://go.microsoft.com/fwlink/?linkid=2134277 for more information. To identify the query that's triggering this warning call 'ConfigureWarnings(w => w.Throw(RelationalEventId.MultipleCollectionIncludeWarning))'. {"EventId":{"Id":20504,"Name":"Microsoft.EntityFrameworkCore.Query.MultipleCollectionIncludeWarning"},"SourceContext":"Microsoft.EntityFrameworkCore.Query","TransportConnectionId":"eicDUSkVIFprAO5CKTomyA","RequestId":"0HNGC5HSGHMFN:0000000D","RequestPath":"/_blazor","ConnectionId":"0HNGC5HSGHMFN","Application":"MiniJira"}
2025-10-15 22:50:39.793 +02:00 [INF] Retrieving owner history for task "cc194bbd-f8a9-4f08-ad0a-03518d0388fd" {"SourceContext":"MiniJira.Services.TaskService","TransportConnectionId":"eicDUSkVIFprAO5CKTomyA","RequestId":"0HNGC5HSGHMFN:0000000D","RequestPath":"/_blazor","ConnectionId":"0HNGC5HSGHMFN","Application":"MiniJira"}
2025-10-15 22:50:39.817 +02:00 [INF] Retrieving owner history for task "cc194bbd-f8a9-4f08-ad0a-03518d0388fd" {"SourceContext":"MiniJira.Services.TaskService","TransportConnectionId":"eicDUSkVIFprAO5CKTomyA","RequestId":"0HNGC5HSGHMFN:0000000D","RequestPath":"/_blazor","ConnectionId":"0HNGC5HSGHMFN","Application":"MiniJira"}
2025-10-15 22:54:26.477 +02:00 [INF] Applying database migrations... {"SourceContext":"Program","Application":"MiniJira"}
2025-10-15 22:54:27.031 +02:00 [WRN] The 'TaskPriority' property 'Priority' on entity type 'Task' is configured with a database-generated default, but has no configured sentinel value. The database-generated default will always be used for inserts when the property has the value 'Low', since this is the CLR default for the 'TaskPriority' type. Consider using a nullable type, using a nullable backing field, or setting the sentinel value for the property to ensure the database default is used when, and only when, appropriate. See https://aka.ms/efcore-docs-default-values for more information. {"EventId":{"Id":20601,"Name":"Microsoft.EntityFrameworkCore.Model.Validation.BoolWithDefaultWarning"},"SourceContext":"Microsoft.EntityFrameworkCore.Model.Validation","Application":"MiniJira"}
2025-10-15 22:54:27.241 +02:00 [INF] Acquiring an exclusive lock for migration application. See https://aka.ms/efcore-docs-migrations-lock for more information if this takes too long. {"EventId":{"Id":20411,"Name":"Microsoft.EntityFrameworkCore.Migrations.AcquiringMigrationLock"},"SourceContext":"Microsoft.EntityFrameworkCore.Migrations","Application":"MiniJira"}
2025-10-15 22:54:27.337 +02:00 [INF] No migrations were applied. The database is already up to date. {"EventId":{"Id":20405,"Name":"Microsoft.EntityFrameworkCore.Migrations.MigrationsNotApplied"},"SourceContext":"Microsoft.EntityFrameworkCore.Migrations","Application":"MiniJira"}
2025-10-15 22:54:27.349 +02:00 [INF] Database migrations applied successfully {"SourceContext":"Program","Application":"MiniJira"}
2025-10-15 22:54:27.794 +02:00 [INF] Now listening on: https://localhost:7105 {"EventId":{"Id":14,"Name":"ListeningOnAddress"},"SourceContext":"Microsoft.Hosting.Lifetime","Application":"MiniJira"}
2025-10-15 22:54:27.801 +02:00 [INF] Now listening on: http://localhost:5194 {"EventId":{"Id":14,"Name":"ListeningOnAddress"},"SourceContext":"Microsoft.Hosting.Lifetime","Application":"MiniJira"}
2025-10-15 22:54:27.880 +02:00 [INF] Application started. Press Ctrl+C to shut down. {"SourceContext":"Microsoft.Hosting.Lifetime","Application":"MiniJira"}
2025-10-15 22:54:27.884 +02:00 [INF] Hosting environment: Development {"SourceContext":"Microsoft.Hosting.Lifetime","Application":"MiniJira"}
2025-10-15 22:54:27.887 +02:00 [INF] Content root path: D:\KimiAi\MiniJira\MiniJira\MiniJira {"SourceContext":"Microsoft.Hosting.Lifetime","Application":"MiniJira"}
2025-10-15 22:54:28.856 +02:00 [WRN] Unable to contact VS to retrieve Browser Link script tag. {"EventId":{"Id":5,"Name":"FailedToGetBrowserLinkScriptTag"},"SourceContext":"Microsoft.WebTools.BrowserLink.Net.BrowserLinkMiddleware","RequestId":"0HNGC5K3VBS8V:00000001","RequestPath":"/","ConnectionId":"0HNGC5K3VBS8V","Application":"MiniJira"}
2025-10-15 22:54:30.987 +02:00 [INF] Retrieving all columns for culture en-US {"SourceContext":"MiniJira.Services.ColumnService","TransportConnectionId":"wtHa46dBVTyY9Pi8w1Gw2A","RequestId":"0HNGC5K3VBS8V:0000000D","RequestPath":"/_blazor","ConnectionId":"0HNGC5K3VBS8V","Application":"MiniJira"}
2025-10-15 22:54:31.415 +02:00 [WRN] Compiling a query which loads related collections for more than one collection navigation, either via 'Include' or through projection, but no 'QuerySplittingBehavior' has been configured. By default, Entity Framework will use 'QuerySplittingBehavior.SingleQuery', which can potentially result in slow query performance. See https://go.microsoft.com/fwlink/?linkid=2134277 for more information. To identify the query that's triggering this warning call 'ConfigureWarnings(w => w.Throw(RelationalEventId.MultipleCollectionIncludeWarning))'. {"EventId":{"Id":20504,"Name":"Microsoft.EntityFrameworkCore.Query.MultipleCollectionIncludeWarning"},"SourceContext":"Microsoft.EntityFrameworkCore.Query","TransportConnectionId":"wtHa46dBVTyY9Pi8w1Gw2A","RequestId":"0HNGC5K3VBS8V:0000000D","RequestPath":"/_blazor","ConnectionId":"0HNGC5K3VBS8V","Application":"MiniJira"}
2025-10-15 22:54:31.511 +02:00 [INF] Retrieving all tasks {"SourceContext":"MiniJira.Services.TaskService","TransportConnectionId":"wtHa46dBVTyY9Pi8w1Gw2A","RequestId":"0HNGC5K3VBS8V:0000000D","RequestPath":"/_blazor","ConnectionId":"0HNGC5K3VBS8V","Application":"MiniJira"}
2025-10-15 22:54:32.963 +02:00 [INF] Retrieving task with ID "b93754f7-233b-40fd-9bb2-5b5cf6cfb246" {"SourceContext":"MiniJira.Services.TaskService","TransportConnectionId":"wtHa46dBVTyY9Pi8w1Gw2A","RequestId":"0HNGC5K3VBS8V:0000000D","RequestPath":"/_blazor","ConnectionId":"0HNGC5K3VBS8V","Application":"MiniJira"}
2025-10-15 22:54:33.012 +02:00 [INF] Retrieving all columns for culture en-US {"SourceContext":"MiniJira.Services.ColumnService","TransportConnectionId":"wtHa46dBVTyY9Pi8w1Gw2A","RequestId":"0HNGC5K3VBS8V:0000000D","RequestPath":"/_blazor","ConnectionId":"0HNGC5K3VBS8V","Application":"MiniJira"}
2025-10-15 22:54:33.159 +02:00 [WRN] Compiling a query which loads related collections for more than one collection navigation, either via 'Include' or through projection, but no 'QuerySplittingBehavior' has been configured. By default, Entity Framework will use 'QuerySplittingBehavior.SingleQuery', which can potentially result in slow query performance. See https://go.microsoft.com/fwlink/?linkid=2134277 for more information. To identify the query that's triggering this warning call 'ConfigureWarnings(w => w.Throw(RelationalEventId.MultipleCollectionIncludeWarning))'. {"EventId":{"Id":20504,"Name":"Microsoft.EntityFrameworkCore.Query.MultipleCollectionIncludeWarning"},"SourceContext":"Microsoft.EntityFrameworkCore.Query","TransportConnectionId":"wtHa46dBVTyY9Pi8w1Gw2A","RequestId":"0HNGC5K3VBS8V:0000000D","RequestPath":"/_blazor","ConnectionId":"0HNGC5K3VBS8V","Application":"MiniJira"}
2025-10-15 22:54:33.287 +02:00 [INF] Retrieving owner history for task "b93754f7-233b-40fd-9bb2-5b5cf6cfb246" {"SourceContext":"MiniJira.Services.TaskService","TransportConnectionId":"wtHa46dBVTyY9Pi8w1Gw2A","RequestId":"0HNGC5K3VBS8V:0000000D","RequestPath":"/_blazor","ConnectionId":"0HNGC5K3VBS8V","Application":"MiniJira"}
2025-10-15 22:54:33.305 +02:00 [INF] Retrieving owner history for task "b93754f7-233b-40fd-9bb2-5b5cf6cfb246" {"SourceContext":"MiniJira.Services.TaskService","TransportConnectionId":"wtHa46dBVTyY9Pi8w1Gw2A","RequestId":"0HNGC5K3VBS8V:0000000D","RequestPath":"/_blazor","ConnectionId":"0HNGC5K3VBS8V","Application":"MiniJira"}
2025-10-15 22:58:15.162 +02:00 [INF] Applying database migrations... {"SourceContext":"Program","Application":"MiniJira"}
2025-10-15 22:58:15.774 +02:00 [WRN] The 'TaskPriority' property 'Priority' on entity type 'Task' is configured with a database-generated default, but has no configured sentinel value. The database-generated default will always be used for inserts when the property has the value 'Low', since this is the CLR default for the 'TaskPriority' type. Consider using a nullable type, using a nullable backing field, or setting the sentinel value for the property to ensure the database default is used when, and only when, appropriate. See https://aka.ms/efcore-docs-default-values for more information. {"EventId":{"Id":20601,"Name":"Microsoft.EntityFrameworkCore.Model.Validation.BoolWithDefaultWarning"},"SourceContext":"Microsoft.EntityFrameworkCore.Model.Validation","Application":"MiniJira"}
2025-10-15 22:58:15.996 +02:00 [INF] Acquiring an exclusive lock for migration application. See https://aka.ms/efcore-docs-migrations-lock for more information if this takes too long. {"EventId":{"Id":20411,"Name":"Microsoft.EntityFrameworkCore.Migrations.AcquiringMigrationLock"},"SourceContext":"Microsoft.EntityFrameworkCore.Migrations","Application":"MiniJira"}
2025-10-15 22:58:16.097 +02:00 [INF] No migrations were applied. The database is already up to date. {"EventId":{"Id":20405,"Name":"Microsoft.EntityFrameworkCore.Migrations.MigrationsNotApplied"},"SourceContext":"Microsoft.EntityFrameworkCore.Migrations","Application":"MiniJira"}
2025-10-15 22:58:16.108 +02:00 [INF] Database migrations applied successfully {"SourceContext":"Program","Application":"MiniJira"}
2025-10-15 22:58:16.552 +02:00 [INF] Now listening on: https://localhost:7105 {"EventId":{"Id":14,"Name":"ListeningOnAddress"},"SourceContext":"Microsoft.Hosting.Lifetime","Application":"MiniJira"}
2025-10-15 22:58:16.558 +02:00 [INF] Now listening on: http://localhost:5194 {"EventId":{"Id":14,"Name":"ListeningOnAddress"},"SourceContext":"Microsoft.Hosting.Lifetime","Application":"MiniJira"}
2025-10-15 22:58:16.666 +02:00 [INF] Application started. Press Ctrl+C to shut down. {"SourceContext":"Microsoft.Hosting.Lifetime","Application":"MiniJira"}
2025-10-15 22:58:16.669 +02:00 [INF] Hosting environment: Development {"SourceContext":"Microsoft.Hosting.Lifetime","Application":"MiniJira"}
2025-10-15 22:58:16.672 +02:00 [INF] Content root path: D:\KimiAi\MiniJira\MiniJira\MiniJira {"SourceContext":"Microsoft.Hosting.Lifetime","Application":"MiniJira"}
2025-10-15 22:58:17.622 +02:00 [WRN] Unable to contact VS to retrieve Browser Link script tag. {"EventId":{"Id":5,"Name":"FailedToGetBrowserLinkScriptTag"},"SourceContext":"Microsoft.WebTools.BrowserLink.Net.BrowserLinkMiddleware","RequestId":"0HNGC5M85FTOA:00000001","RequestPath":"/","ConnectionId":"0HNGC5M85FTOA","Application":"MiniJira"}
2025-10-15 22:58:44.348 +02:00 [INF] Retrieving all columns for culture en-US {"SourceContext":"MiniJira.Services.ColumnService","TransportConnectionId":"Mdcej7z0TKtz8t4D5BDCpA","RequestId":"0HNGC5M85FTOA:0000000D","RequestPath":"/_blazor","ConnectionId":"0HNGC5M85FTOA","Application":"MiniJira"}
2025-10-15 22:58:44.759 +02:00 [WRN] Compiling a query which loads related collections for more than one collection navigation, either via 'Include' or through projection, but no 'QuerySplittingBehavior' has been configured. By default, Entity Framework will use 'QuerySplittingBehavior.SingleQuery', which can potentially result in slow query performance. See https://go.microsoft.com/fwlink/?linkid=2134277 for more information. To identify the query that's triggering this warning call 'ConfigureWarnings(w => w.Throw(RelationalEventId.MultipleCollectionIncludeWarning))'. {"EventId":{"Id":20504,"Name":"Microsoft.EntityFrameworkCore.Query.MultipleCollectionIncludeWarning"},"SourceContext":"Microsoft.EntityFrameworkCore.Query","TransportConnectionId":"Mdcej7z0TKtz8t4D5BDCpA","RequestId":"0HNGC5M85FTOA:0000000D","RequestPath":"/_blazor","ConnectionId":"0HNGC5M85FTOA","Application":"MiniJira"}
2025-10-15 22:58:44.857 +02:00 [INF] Retrieving all tasks {"SourceContext":"MiniJira.Services.TaskService","TransportConnectionId":"Mdcej7z0TKtz8t4D5BDCpA","RequestId":"0HNGC5M85FTOA:0000000D","RequestPath":"/_blazor","ConnectionId":"0HNGC5M85FTOA","Application":"MiniJira"}
2025-10-15 22:58:46.467 +02:00 [INF] Retrieving task with ID "b93754f7-233b-40fd-9bb2-5b5cf6cfb246" {"SourceContext":"MiniJira.Services.TaskService","TransportConnectionId":"Mdcej7z0TKtz8t4D5BDCpA","RequestId":"0HNGC5M85FTOA:0000000D","RequestPath":"/_blazor","ConnectionId":"0HNGC5M85FTOA","Application":"MiniJira"}
2025-10-15 22:58:46.502 +02:00 [INF] Retrieving all columns for culture en-US {"SourceContext":"MiniJira.Services.ColumnService","TransportConnectionId":"Mdcej7z0TKtz8t4D5BDCpA","RequestId":"0HNGC5M85FTOA:0000000D","RequestPath":"/_blazor","ConnectionId":"0HNGC5M85FTOA","Application":"MiniJira"}
2025-10-15 22:58:46.658 +02:00 [WRN] Compiling a query which loads related collections for more than one collection navigation, either via 'Include' or through projection, but no 'QuerySplittingBehavior' has been configured. By default, Entity Framework will use 'QuerySplittingBehavior.SingleQuery', which can potentially result in slow query performance. See https://go.microsoft.com/fwlink/?linkid=2134277 for more information. To identify the query that's triggering this warning call 'ConfigureWarnings(w => w.Throw(RelationalEventId.MultipleCollectionIncludeWarning))'. {"EventId":{"Id":20504,"Name":"Microsoft.EntityFrameworkCore.Query.MultipleCollectionIncludeWarning"},"SourceContext":"Microsoft.EntityFrameworkCore.Query","TransportConnectionId":"Mdcej7z0TKtz8t4D5BDCpA","RequestId":"0HNGC5M85FTOA:0000000D","RequestPath":"/_blazor","ConnectionId":"0HNGC5M85FTOA","Application":"MiniJira"}
2025-10-15 22:58:46.781 +02:00 [INF] Retrieving owner history for task "b93754f7-233b-40fd-9bb2-5b5cf6cfb246" {"SourceContext":"MiniJira.Services.TaskService","TransportConnectionId":"Mdcej7z0TKtz8t4D5BDCpA","RequestId":"0HNGC5M85FTOA:0000000D","RequestPath":"/_blazor","ConnectionId":"0HNGC5M85FTOA","Application":"MiniJira"}
2025-10-15 22:58:46.800 +02:00 [INF] Retrieving owner history for task "b93754f7-233b-40fd-9bb2-5b5cf6cfb246" {"SourceContext":"MiniJira.Services.TaskService","TransportConnectionId":"Mdcej7z0TKtz8t4D5BDCpA","RequestId":"0HNGC5M85FTOA:0000000D","RequestPath":"/_blazor","ConnectionId":"0HNGC5M85FTOA","Application":"MiniJira"}
2025-10-15 22:59:24.278 +02:00 [WRN] Unable to contact VS to retrieve Browser Link script tag. {"EventId":{"Id":5,"Name":"FailedToGetBrowserLinkScriptTag"},"SourceContext":"Microsoft.WebTools.BrowserLink.Net.BrowserLinkMiddleware","RequestId":"0HNGC5M85FTOA:0000000F","RequestPath":"/task/b93754f7-233b-40fd-9bb2-5b5cf6cfb246","ConnectionId":"0HNGC5M85FTOA","Application":"MiniJira"}
2025-10-15 22:59:24.434 +02:00 [INF] Retrieving task with ID "b93754f7-233b-40fd-9bb2-5b5cf6cfb246" {"SourceContext":"MiniJira.Services.TaskService","ActionId":"63bbd7d4-c923-4436-aceb-e8879d79376d","ActionName":"/_Host","RequestId":"0HNGC5M85FTOA:0000000F","RequestPath":"/task/b93754f7-233b-40fd-9bb2-5b5cf6cfb246","ConnectionId":"0HNGC5M85FTOA","Application":"MiniJira"}
2025-10-15 22:59:24.444 +02:00 [INF] Retrieving all columns for culture en-US {"SourceContext":"MiniJira.Services.ColumnService","ActionId":"63bbd7d4-c923-4436-aceb-e8879d79376d","ActionName":"/_Host","RequestId":"0HNGC5M85FTOA:0000000F","RequestPath":"/task/b93754f7-233b-40fd-9bb2-5b5cf6cfb246","ConnectionId":"0HNGC5M85FTOA","Application":"MiniJira"}
2025-10-15 22:59:24.459 +02:00 [INF] Retrieving owner history for task "b93754f7-233b-40fd-9bb2-5b5cf6cfb246" {"SourceContext":"MiniJira.Services.TaskService","ActionId":"63bbd7d4-c923-4436-aceb-e8879d79376d","ActionName":"/_Host","RequestId":"0HNGC5M85FTOA:0000000F","RequestPath":"/task/b93754f7-233b-40fd-9bb2-5b5cf6cfb246","ConnectionId":"0HNGC5M85FTOA","Application":"MiniJira"}
2025-10-15 22:59:24.466 +02:00 [INF] Retrieving owner history for task "b93754f7-233b-40fd-9bb2-5b5cf6cfb246" {"SourceContext":"MiniJira.Services.TaskService","ActionId":"63bbd7d4-c923-4436-aceb-e8879d79376d","ActionName":"/_Host","RequestId":"0HNGC5M85FTOA:0000000F","RequestPath":"/task/b93754f7-233b-40fd-9bb2-5b5cf6cfb246","ConnectionId":"0HNGC5M85FTOA","Application":"MiniJira"}
2025-10-15 22:59:24.851 +02:00 [WRN] Unhandled exception rendering component: JavaScript interop calls cannot be issued at this time. This is because the circuit has disconnected and is being disposed. {"EventId":{"Id":100,"Name":"ExceptionRenderingComponent"},"SourceContext":"Microsoft.AspNetCore.Components.Server.Circuits.RemoteRenderer","RequestId":"0HNGC5M85FTOA:00000011","RequestPath":"/_blazor/disconnect","ConnectionId":"0HNGC5M85FTOA","Application":"MiniJira"}
Microsoft.JSInterop.JSDisconnectedException: JavaScript interop calls cannot be issued at this time. This is because the circuit has disconnected and is being disposed.
   at Microsoft.AspNetCore.Components.Server.Circuits.RemoteJSRuntime.BeginInvokeJS(Int64 asyncHandle, String identifier, String argsJson, JSCallResultType resultType, Int64 targetInstanceId)
   at Microsoft.JSInterop.JSRuntime.InvokeAsync[TValue](Int64 targetInstanceId, String identifier, CancellationToken cancellationToken, Object[] args)
   at Microsoft.JSInterop.JSRuntime.InvokeAsync[TValue](Int64 targetInstanceId, String identifier, Object[] args)
   at Microsoft.JSInterop.JSRuntimeExtensions.InvokeVoidAsync(IJSRuntime jsRuntime, String identifier, Object[] args)
   at Microsoft.JSInterop.Implementation.JSObjectReference.DisposeAsync()
   at MiniJira.Shared.MainLayout.DisposeAsync() in D:\KimiAi\MiniJira\MiniJira\MiniJira\Shared\MainLayout.razor.cs:line 77
   at Microsoft.AspNetCore.Components.RenderTree.Renderer.<>c__DisplayClass85_0.<<Dispose>g__HandleAsyncExceptions|1>d.MoveNext()
2025-10-15 22:59:24.875 +02:00 [ERR] Unhandled exception in circuit 'SJi2cgyN-1yNTFVVCzjwnXxonAXQG9S5Z0CsT5F7j6c'. {"EventId":{"Id":111,"Name":"CircuitUnhandledException"},"SourceContext":"Microsoft.AspNetCore.Components.Server.Circuits.CircuitHost","RequestId":"0HNGC5M85FTOA:00000011","RequestPath":"/_blazor/disconnect","ConnectionId":"0HNGC5M85FTOA","Application":"MiniJira"}
Microsoft.JSInterop.JSDisconnectedException: JavaScript interop calls cannot be issued at this time. This is because the circuit has disconnected and is being disposed.
   at Microsoft.AspNetCore.Components.Server.Circuits.RemoteJSRuntime.BeginInvokeJS(Int64 asyncHandle, String identifier, String argsJson, JSCallResultType resultType, Int64 targetInstanceId)
   at Microsoft.JSInterop.JSRuntime.InvokeAsync[TValue](Int64 targetInstanceId, String identifier, CancellationToken cancellationToken, Object[] args)
   at Microsoft.JSInterop.JSRuntime.InvokeAsync[TValue](Int64 targetInstanceId, String identifier, Object[] args)
   at Microsoft.JSInterop.JSRuntimeExtensions.InvokeVoidAsync(IJSRuntime jsRuntime, String identifier, Object[] args)
   at Microsoft.JSInterop.Implementation.JSObjectReference.DisposeAsync()
   at MiniJira.Shared.MainLayout.DisposeAsync() in D:\KimiAi\MiniJira\MiniJira\MiniJira\Shared\MainLayout.razor.cs:line 77
   at Microsoft.AspNetCore.Components.RenderTree.Renderer.<>c__DisplayClass85_0.<<Dispose>g__HandleAsyncExceptions|1>d.MoveNext()
2025-10-15 22:59:25.050 +02:00 [INF] Retrieving task with ID "b93754f7-233b-40fd-9bb2-5b5cf6cfb246" {"SourceContext":"MiniJira.Services.TaskService","TransportConnectionId":"h2XwD-iov8899nBfcvO9UA","RequestId":"0HNGC5M85FTOA:00000029","RequestPath":"/_blazor","ConnectionId":"0HNGC5M85FTOA","Application":"MiniJira"}
2025-10-15 22:59:25.059 +02:00 [INF] Retrieving all columns for culture en-US {"SourceContext":"MiniJira.Services.ColumnService","TransportConnectionId":"h2XwD-iov8899nBfcvO9UA","RequestId":"0HNGC5M85FTOA:00000029","RequestPath":"/_blazor","ConnectionId":"0HNGC5M85FTOA","Application":"MiniJira"}
2025-10-15 22:59:25.073 +02:00 [INF] Retrieving owner history for task "b93754f7-233b-40fd-9bb2-5b5cf6cfb246" {"SourceContext":"MiniJira.Services.TaskService","TransportConnectionId":"h2XwD-iov8899nBfcvO9UA","RequestId":"0HNGC5M85FTOA:00000029","RequestPath":"/_blazor","ConnectionId":"0HNGC5M85FTOA","Application":"MiniJira"}
2025-10-15 22:59:25.081 +02:00 [INF] Retrieving owner history for task "b93754f7-233b-40fd-9bb2-5b5cf6cfb246" {"SourceContext":"MiniJira.Services.TaskService","TransportConnectionId":"h2XwD-iov8899nBfcvO9UA","RequestId":"0HNGC5M85FTOA:00000029","RequestPath":"/_blazor","ConnectionId":"0HNGC5M85FTOA","Application":"MiniJira"}
2025-10-15 23:00:00.154 +02:00 [INF] Retrieving owner history for task "b93754f7-233b-40fd-9bb2-5b5cf6cfb246" {"SourceContext":"MiniJira.Services.TaskService","TransportConnectionId":"h2XwD-iov8899nBfcvO9UA","RequestId":"0HNGC5M85FTOA:00000029","RequestPath":"/_blazor","ConnectionId":"0HNGC5M85FTOA","Application":"MiniJira"}
2025-10-15 23:00:00.161 +02:00 [INF] Retrieving owner history for task "b93754f7-233b-40fd-9bb2-5b5cf6cfb246" {"SourceContext":"MiniJira.Services.TaskService","TransportConnectionId":"h2XwD-iov8899nBfcvO9UA","RequestId":"0HNGC5M85FTOA:00000029","RequestPath":"/_blazor","ConnectionId":"0HNGC5M85FTOA","Application":"MiniJira"}
2025-10-15 23:00:18.488 +02:00 [INF] Retrieving all columns for culture en-US {"SourceContext":"MiniJira.Services.ColumnService","TransportConnectionId":"h2XwD-iov8899nBfcvO9UA","RequestId":"0HNGC5M85FTOA:00000029","RequestPath":"/_blazor","ConnectionId":"0HNGC5M85FTOA","Application":"MiniJira"}
2025-10-15 23:00:18.495 +02:00 [INF] Retrieving all tasks {"SourceContext":"MiniJira.Services.TaskService","TransportConnectionId":"h2XwD-iov8899nBfcvO9UA","RequestId":"0HNGC5M85FTOA:00000029","RequestPath":"/_blazor","ConnectionId":"0HNGC5M85FTOA","Application":"MiniJira"}
2025-10-15 23:00:19.816 +02:00 [INF] Retrieving all columns for culture en-US {"SourceContext":"MiniJira.Services.ColumnService","TransportConnectionId":"h2XwD-iov8899nBfcvO9UA","RequestId":"0HNGC5M85FTOA:00000029","RequestPath":"/_blazor","ConnectionId":"0HNGC5M85FTOA","Application":"MiniJira"}
2025-10-15 23:00:19.823 +02:00 [INF] Retrieving all tasks {"SourceContext":"MiniJira.Services.TaskService","TransportConnectionId":"h2XwD-iov8899nBfcvO9UA","RequestId":"0HNGC5M85FTOA:00000029","RequestPath":"/_blazor","ConnectionId":"0HNGC5M85FTOA","Application":"MiniJira"}
2025-10-15 23:00:20.909 +02:00 [INF] Retrieving task with ID "cc194bbd-f8a9-4f08-ad0a-03518d0388fd" {"SourceContext":"MiniJira.Services.TaskService","TransportConnectionId":"h2XwD-iov8899nBfcvO9UA","RequestId":"0HNGC5M85FTOA:00000029","RequestPath":"/_blazor","ConnectionId":"0HNGC5M85FTOA","Application":"MiniJira"}
2025-10-15 23:00:20.917 +02:00 [INF] Retrieving all columns for culture en-US {"SourceContext":"MiniJira.Services.ColumnService","TransportConnectionId":"h2XwD-iov8899nBfcvO9UA","RequestId":"0HNGC5M85FTOA:00000029","RequestPath":"/_blazor","ConnectionId":"0HNGC5M85FTOA","Application":"MiniJira"}
2025-10-15 23:00:20.949 +02:00 [INF] Retrieving owner history for task "cc194bbd-f8a9-4f08-ad0a-03518d0388fd" {"SourceContext":"MiniJira.Services.TaskService","TransportConnectionId":"h2XwD-iov8899nBfcvO9UA","RequestId":"0HNGC5M85FTOA:00000029","RequestPath":"/_blazor","ConnectionId":"0HNGC5M85FTOA","Application":"MiniJira"}
2025-10-15 23:00:20.955 +02:00 [INF] Retrieving owner history for task "cc194bbd-f8a9-4f08-ad0a-03518d0388fd" {"SourceContext":"MiniJira.Services.TaskService","TransportConnectionId":"h2XwD-iov8899nBfcvO9UA","RequestId":"0HNGC5M85FTOA:00000029","RequestPath":"/_blazor","ConnectionId":"0HNGC5M85FTOA","Application":"MiniJira"}
2025-10-15 23:00:24.944 +02:00 [INF] Retrieving all columns for culture en-US {"SourceContext":"MiniJira.Services.ColumnService","TransportConnectionId":"h2XwD-iov8899nBfcvO9UA","RequestId":"0HNGC5M85FTOA:00000029","RequestPath":"/_blazor","ConnectionId":"0HNGC5M85FTOA","Application":"MiniJira"}
2025-10-15 23:00:24.954 +02:00 [INF] Retrieving all tasks {"SourceContext":"MiniJira.Services.TaskService","TransportConnectionId":"h2XwD-iov8899nBfcvO9UA","RequestId":"0HNGC5M85FTOA:00000029","RequestPath":"/_blazor","ConnectionId":"0HNGC5M85FTOA","Application":"MiniJira"}
2025-10-15 23:00:26.298 +02:00 [INF] Retrieving task with ID "b93754f7-233b-40fd-9bb2-5b5cf6cfb246" {"SourceContext":"MiniJira.Services.TaskService","TransportConnectionId":"h2XwD-iov8899nBfcvO9UA","RequestId":"0HNGC5M85FTOA:00000029","RequestPath":"/_blazor","ConnectionId":"0HNGC5M85FTOA","Application":"MiniJira"}
2025-10-15 23:00:26.307 +02:00 [INF] Retrieving all columns for culture en-US {"SourceContext":"MiniJira.Services.ColumnService","TransportConnectionId":"h2XwD-iov8899nBfcvO9UA","RequestId":"0HNGC5M85FTOA:00000029","RequestPath":"/_blazor","ConnectionId":"0HNGC5M85FTOA","Application":"MiniJira"}
2025-10-15 23:00:26.321 +02:00 [INF] Retrieving owner history for task "b93754f7-233b-40fd-9bb2-5b5cf6cfb246" {"SourceContext":"MiniJira.Services.TaskService","TransportConnectionId":"h2XwD-iov8899nBfcvO9UA","RequestId":"0HNGC5M85FTOA:00000029","RequestPath":"/_blazor","ConnectionId":"0HNGC5M85FTOA","Application":"MiniJira"}
2025-10-15 23:00:26.330 +02:00 [INF] Retrieving owner history for task "b93754f7-233b-40fd-9bb2-5b5cf6cfb246" {"SourceContext":"MiniJira.Services.TaskService","TransportConnectionId":"h2XwD-iov8899nBfcvO9UA","RequestId":"0HNGC5M85FTOA:00000029","RequestPath":"/_blazor","ConnectionId":"0HNGC5M85FTOA","Application":"MiniJira"}
2025-10-15 23:00:43.830 +02:00 [INF] Retrieving owner history for task "b93754f7-233b-40fd-9bb2-5b5cf6cfb246" {"SourceContext":"MiniJira.Services.TaskService","TransportConnectionId":"h2XwD-iov8899nBfcvO9UA","RequestId":"0HNGC5M85FTOA:00000029","RequestPath":"/_blazor","ConnectionId":"0HNGC5M85FTOA","Application":"MiniJira"}
2025-10-15 23:00:43.837 +02:00 [INF] Retrieving owner history for task "b93754f7-233b-40fd-9bb2-5b5cf6cfb246" {"SourceContext":"MiniJira.Services.TaskService","TransportConnectionId":"h2XwD-iov8899nBfcvO9UA","RequestId":"0HNGC5M85FTOA:00000029","RequestPath":"/_blazor","ConnectionId":"0HNGC5M85FTOA","Application":"MiniJira"}
2025-10-15 23:09:36.568 +02:00 [WRN] Unhandled exception rendering component: JavaScript interop calls cannot be issued at this time. This is because the circuit has disconnected and is being disposed. {"EventId":{"Id":100,"Name":"ExceptionRenderingComponent"},"SourceContext":"Microsoft.AspNetCore.Components.Server.Circuits.RemoteRenderer","RequestId":"0HNGC5M85FTOA:0000002B","RequestPath":"/_blazor/disconnect","ConnectionId":"0HNGC5M85FTOA","Application":"MiniJira"}
Microsoft.JSInterop.JSDisconnectedException: JavaScript interop calls cannot be issued at this time. This is because the circuit has disconnected and is being disposed.
   at Microsoft.AspNetCore.Components.Server.Circuits.RemoteJSRuntime.BeginInvokeJS(Int64 asyncHandle, String identifier, String argsJson, JSCallResultType resultType, Int64 targetInstanceId)
   at Microsoft.JSInterop.JSRuntime.InvokeAsync[TValue](Int64 targetInstanceId, String identifier, CancellationToken cancellationToken, Object[] args)
   at Microsoft.JSInterop.JSRuntime.InvokeAsync[TValue](Int64 targetInstanceId, String identifier, Object[] args)
   at Microsoft.JSInterop.JSRuntimeExtensions.InvokeVoidAsync(IJSRuntime jsRuntime, String identifier, Object[] args)
   at Microsoft.JSInterop.Implementation.JSObjectReference.DisposeAsync()
   at MiniJira.Shared.MainLayout.DisposeAsync() in D:\KimiAi\MiniJira\MiniJira\MiniJira\Shared\MainLayout.razor.cs:line 77
   at Microsoft.AspNetCore.Components.RenderTree.Renderer.<>c__DisplayClass85_0.<<Dispose>g__HandleAsyncExceptions|1>d.MoveNext()
2025-10-15 23:09:36.579 +02:00 [ERR] Unhandled exception in circuit 'PlKBoY9zWCQKPBudfSEBwruCy-pz9Cy-OaL4foD-b7o'. {"EventId":{"Id":111,"Name":"CircuitUnhandledException"},"SourceContext":"Microsoft.AspNetCore.Components.Server.Circuits.CircuitHost","RequestId":"0HNGC5M85FTOA:0000002B","RequestPath":"/_blazor/disconnect","ConnectionId":"0HNGC5M85FTOA","Application":"MiniJira"}
Microsoft.JSInterop.JSDisconnectedException: JavaScript interop calls cannot be issued at this time. This is because the circuit has disconnected and is being disposed.
   at Microsoft.AspNetCore.Components.Server.Circuits.RemoteJSRuntime.BeginInvokeJS(Int64 asyncHandle, String identifier, String argsJson, JSCallResultType resultType, Int64 targetInstanceId)
   at Microsoft.JSInterop.JSRuntime.InvokeAsync[TValue](Int64 targetInstanceId, String identifier, CancellationToken cancellationToken, Object[] args)
   at Microsoft.JSInterop.JSRuntime.InvokeAsync[TValue](Int64 targetInstanceId, String identifier, Object[] args)
   at Microsoft.JSInterop.JSRuntimeExtensions.InvokeVoidAsync(IJSRuntime jsRuntime, String identifier, Object[] args)
   at Microsoft.JSInterop.Implementation.JSObjectReference.DisposeAsync()
   at MiniJira.Shared.MainLayout.DisposeAsync() in D:\KimiAi\MiniJira\MiniJira\MiniJira\Shared\MainLayout.razor.cs:line 77
   at Microsoft.AspNetCore.Components.RenderTree.Renderer.<>c__DisplayClass85_0.<<Dispose>g__HandleAsyncExceptions|1>d.MoveNext()
2025-10-15 23:10:43.563 +02:00 [WRN] The 'TaskPriority' property 'Priority' on entity type 'Task' is configured with a database-generated default, but has no configured sentinel value. The database-generated default will always be used for inserts when the property has the value 'Low', since this is the CLR default for the 'TaskPriority' type. Consider using a nullable type, using a nullable backing field, or setting the sentinel value for the property to ensure the database default is used when, and only when, appropriate. See https://aka.ms/efcore-docs-default-values for more information. {"EventId":{"Id":20601,"Name":"Microsoft.EntityFrameworkCore.Model.Validation.BoolWithDefaultWarning"},"SourceContext":"Microsoft.EntityFrameworkCore.Model.Validation","Application":"MiniJira"}
2025-10-15 23:11:05.589 +02:00 [WRN] The 'TaskPriority' property 'Priority' on entity type 'Task' is configured with a database-generated default, but has no configured sentinel value. The database-generated default will always be used for inserts when the property has the value 'Low', since this is the CLR default for the 'TaskPriority' type. Consider using a nullable type, using a nullable backing field, or setting the sentinel value for the property to ensure the database default is used when, and only when, appropriate. See https://aka.ms/efcore-docs-default-values for more information. {"EventId":{"Id":20601,"Name":"Microsoft.EntityFrameworkCore.Model.Validation.BoolWithDefaultWarning"},"SourceContext":"Microsoft.EntityFrameworkCore.Model.Validation","Application":"MiniJira"}
2025-10-15 23:11:05.836 +02:00 [INF] Acquiring an exclusive lock for migration application. See https://aka.ms/efcore-docs-migrations-lock for more information if this takes too long. {"EventId":{"Id":20411,"Name":"Microsoft.EntityFrameworkCore.Migrations.AcquiringMigrationLock"},"SourceContext":"Microsoft.EntityFrameworkCore.Migrations","Application":"MiniJira"}
2025-10-15 23:11:05.937 +02:00 [INF] Applying migration '20251015211045_AddCustomerToTask'. {"EventId":{"Id":20402,"Name":"Microsoft.EntityFrameworkCore.Migrations.MigrationApplying"},"SourceContext":"Microsoft.EntityFrameworkCore.Migrations","Application":"MiniJira"}
2025-10-15 23:21:23.005 +02:00 [INF] Applying database migrations... {"SourceContext":"Program","Application":"MiniJira"}
2025-10-15 23:21:23.580 +02:00 [WRN] The 'TaskPriority' property 'Priority' on entity type 'Task' is configured with a database-generated default, but has no configured sentinel value. The database-generated default will always be used for inserts when the property has the value 'Low', since this is the CLR default for the 'TaskPriority' type. Consider using a nullable type, using a nullable backing field, or setting the sentinel value for the property to ensure the database default is used when, and only when, appropriate. See https://aka.ms/efcore-docs-default-values for more information. {"EventId":{"Id":20601,"Name":"Microsoft.EntityFrameworkCore.Model.Validation.BoolWithDefaultWarning"},"SourceContext":"Microsoft.EntityFrameworkCore.Model.Validation","Application":"MiniJira"}
2025-10-15 23:21:23.874 +02:00 [INF] Acquiring an exclusive lock for migration application. See https://aka.ms/efcore-docs-migrations-lock for more information if this takes too long. {"EventId":{"Id":20411,"Name":"Microsoft.EntityFrameworkCore.Migrations.AcquiringMigrationLock"},"SourceContext":"Microsoft.EntityFrameworkCore.Migrations","Application":"MiniJira"}
2025-10-15 23:21:24.009 +02:00 [INF] No migrations were applied. The database is already up to date. {"EventId":{"Id":20405,"Name":"Microsoft.EntityFrameworkCore.Migrations.MigrationsNotApplied"},"SourceContext":"Microsoft.EntityFrameworkCore.Migrations","Application":"MiniJira"}
2025-10-15 23:21:24.034 +02:00 [INF] Database migrations applied successfully {"SourceContext":"Program","Application":"MiniJira"}
2025-10-15 23:21:24.500 +02:00 [INF] Now listening on: https://localhost:7105 {"EventId":{"Id":14,"Name":"ListeningOnAddress"},"SourceContext":"Microsoft.Hosting.Lifetime","Application":"MiniJira"}
2025-10-15 23:21:24.506 +02:00 [INF] Now listening on: http://localhost:5194 {"EventId":{"Id":14,"Name":"ListeningOnAddress"},"SourceContext":"Microsoft.Hosting.Lifetime","Application":"MiniJira"}
2025-10-15 23:21:24.588 +02:00 [INF] Application started. Press Ctrl+C to shut down. {"SourceContext":"Microsoft.Hosting.Lifetime","Application":"MiniJira"}
2025-10-15 23:21:24.593 +02:00 [INF] Hosting environment: Development {"SourceContext":"Microsoft.Hosting.Lifetime","Application":"MiniJira"}
2025-10-15 23:21:24.596 +02:00 [INF] Content root path: D:\KimiAi\MiniJira\MiniJira\MiniJira {"SourceContext":"Microsoft.Hosting.Lifetime","Application":"MiniJira"}
2025-10-15 23:21:25.701 +02:00 [WRN] Unable to contact VS to retrieve Browser Link script tag. {"EventId":{"Id":5,"Name":"FailedToGetBrowserLinkScriptTag"},"SourceContext":"Microsoft.WebTools.BrowserLink.Net.BrowserLinkMiddleware","RequestId":"0HNGC635QERCF:00000001","RequestPath":"/","ConnectionId":"0HNGC635QERCF","Application":"MiniJira"}
2025-10-15 23:21:31.036 +02:00 [INF] Retrieving all columns for culture en-US {"SourceContext":"MiniJira.Services.ColumnService","TransportConnectionId":"asWYyHmFYeEs8k2FH2GH-w","RequestId":"0HNGC635QERCF:0000000F","RequestPath":"/_blazor","ConnectionId":"0HNGC635QERCF","Application":"MiniJira"}
2025-10-15 23:21:31.336 +02:00 [WRN] Compiling a query which loads related collections for more than one collection navigation, either via 'Include' or through projection, but no 'QuerySplittingBehavior' has been configured. By default, Entity Framework will use 'QuerySplittingBehavior.SingleQuery', which can potentially result in slow query performance. See https://go.microsoft.com/fwlink/?linkid=2134277 for more information. To identify the query that's triggering this warning call 'ConfigureWarnings(w => w.Throw(RelationalEventId.MultipleCollectionIncludeWarning))'. {"EventId":{"Id":20504,"Name":"Microsoft.EntityFrameworkCore.Query.MultipleCollectionIncludeWarning"},"SourceContext":"Microsoft.EntityFrameworkCore.Query","TransportConnectionId":"asWYyHmFYeEs8k2FH2GH-w","RequestId":"0HNGC635QERCF:0000000F","RequestPath":"/_blazor","ConnectionId":"0HNGC635QERCF","Application":"MiniJira"}
2025-10-15 23:21:31.436 +02:00 [INF] Retrieving all tasks {"SourceContext":"MiniJira.Services.TaskService","TransportConnectionId":"asWYyHmFYeEs8k2FH2GH-w","RequestId":"0HNGC635QERCF:0000000F","RequestPath":"/_blazor","ConnectionId":"0HNGC635QERCF","Application":"MiniJira"}
2025-10-15 23:21:53.466 +02:00 [INF] Retrieving task with ID "b93754f7-233b-40fd-9bb2-5b5cf6cfb246" {"SourceContext":"MiniJira.Services.TaskService","TransportConnectionId":"asWYyHmFYeEs8k2FH2GH-w","RequestId":"0HNGC635QERCF:0000000F","RequestPath":"/_blazor","ConnectionId":"0HNGC635QERCF","Application":"MiniJira"}
2025-10-15 23:21:53.502 +02:00 [INF] Retrieving all columns for culture en-US {"SourceContext":"MiniJira.Services.ColumnService","TransportConnectionId":"asWYyHmFYeEs8k2FH2GH-w","RequestId":"0HNGC635QERCF:0000000F","RequestPath":"/_blazor","ConnectionId":"0HNGC635QERCF","Application":"MiniJira"}
2025-10-15 23:21:53.518 +02:00 [INF] Retrieving distinct customer names {"SourceContext":"MiniJira.Services.TaskService","TransportConnectionId":"asWYyHmFYeEs8k2FH2GH-w","RequestId":"0HNGC635QERCF:0000000F","RequestPath":"/_blazor","ConnectionId":"0HNGC635QERCF","Application":"MiniJira"}
2025-10-15 23:21:53.745 +02:00 [WRN] Compiling a query which loads related collections for more than one collection navigation, either via 'Include' or through projection, but no 'QuerySplittingBehavior' has been configured. By default, Entity Framework will use 'QuerySplittingBehavior.SingleQuery', which can potentially result in slow query performance. See https://go.microsoft.com/fwlink/?linkid=2134277 for more information. To identify the query that's triggering this warning call 'ConfigureWarnings(w => w.Throw(RelationalEventId.MultipleCollectionIncludeWarning))'. {"EventId":{"Id":20504,"Name":"Microsoft.EntityFrameworkCore.Query.MultipleCollectionIncludeWarning"},"SourceContext":"Microsoft.EntityFrameworkCore.Query","TransportConnectionId":"asWYyHmFYeEs8k2FH2GH-w","RequestId":"0HNGC635QERCF:0000000F","RequestPath":"/_blazor","ConnectionId":"0HNGC635QERCF","Application":"MiniJira"}
2025-10-15 23:21:53.881 +02:00 [INF] Retrieving owner history for task "b93754f7-233b-40fd-9bb2-5b5cf6cfb246" {"SourceContext":"MiniJira.Services.TaskService","TransportConnectionId":"asWYyHmFYeEs8k2FH2GH-w","RequestId":"0HNGC635QERCF:0000000F","RequestPath":"/_blazor","ConnectionId":"0HNGC635QERCF","Application":"MiniJira"}
2025-10-15 23:21:53.898 +02:00 [INF] Retrieving owner history for task "b93754f7-233b-40fd-9bb2-5b5cf6cfb246" {"SourceContext":"MiniJira.Services.TaskService","TransportConnectionId":"asWYyHmFYeEs8k2FH2GH-w","RequestId":"0HNGC635QERCF:0000000F","RequestPath":"/_blazor","ConnectionId":"0HNGC635QERCF","Application":"MiniJira"}
2025-10-15 23:22:11.924 +02:00 [INF] Changing owner for task "b93754f7-233b-40fd-9bb2-5b5cf6cfb246" to user "22222222-2222-2222-2222-222222222222" {"SourceContext":"MiniJira.Services.TaskService","TransportConnectionId":"asWYyHmFYeEs8k2FH2GH-w","RequestId":"0HNGC635QERCF:0000000F","RequestPath":"/_blazor","ConnectionId":"0HNGC635QERCF","Application":"MiniJira"}
2025-10-15 23:22:12.113 +02:00 [INF] Task "b93754f7-233b-40fd-9bb2-5b5cf6cfb246" owner changed successfully from "11111111-1111-1111-1111-111111111111" to "22222222-2222-2222-2222-222222222222" {"SourceContext":"MiniJira.Services.TaskService","TransportConnectionId":"asWYyHmFYeEs8k2FH2GH-w","RequestId":"0HNGC635QERCF:0000000F","RequestPath":"/_blazor","ConnectionId":"0HNGC635QERCF","Application":"MiniJira"}
2025-10-15 23:22:21.431 +02:00 [WRN] Unable to contact VS to retrieve Browser Link script tag. {"EventId":{"Id":5,"Name":"FailedToGetBrowserLinkScriptTag"},"SourceContext":"Microsoft.WebTools.BrowserLink.Net.BrowserLinkMiddleware","RequestId":"0HNGC635QERCF:00000011","RequestPath":"/task/b93754f7-233b-40fd-9bb2-5b5cf6cfb246","ConnectionId":"0HNGC635QERCF","Application":"MiniJira"}
2025-10-15 23:22:21.624 +02:00 [INF] Retrieving task with ID "b93754f7-233b-40fd-9bb2-5b5cf6cfb246" {"SourceContext":"MiniJira.Services.TaskService","ActionId":"a118a14f-b4df-4ef1-8bb0-1b8e174ca381","ActionName":"/_Host","RequestId":"0HNGC635QERCF:00000011","RequestPath":"/task/b93754f7-233b-40fd-9bb2-5b5cf6cfb246","ConnectionId":"0HNGC635QERCF","Application":"MiniJira"}
2025-10-15 23:22:21.634 +02:00 [INF] Retrieving all columns for culture en-US {"SourceContext":"MiniJira.Services.ColumnService","ActionId":"a118a14f-b4df-4ef1-8bb0-1b8e174ca381","ActionName":"/_Host","RequestId":"0HNGC635QERCF:00000011","RequestPath":"/task/b93754f7-233b-40fd-9bb2-5b5cf6cfb246","ConnectionId":"0HNGC635QERCF","Application":"MiniJira"}
2025-10-15 23:22:21.642 +02:00 [INF] Retrieving distinct customer names {"SourceContext":"MiniJira.Services.TaskService","ActionId":"a118a14f-b4df-4ef1-8bb0-1b8e174ca381","ActionName":"/_Host","RequestId":"0HNGC635QERCF:00000011","RequestPath":"/task/b93754f7-233b-40fd-9bb2-5b5cf6cfb246","ConnectionId":"0HNGC635QERCF","Application":"MiniJira"}
2025-10-15 23:22:21.657 +02:00 [INF] Retrieving owner history for task "b93754f7-233b-40fd-9bb2-5b5cf6cfb246" {"SourceContext":"MiniJira.Services.TaskService","ActionId":"a118a14f-b4df-4ef1-8bb0-1b8e174ca381","ActionName":"/_Host","RequestId":"0HNGC635QERCF:00000011","RequestPath":"/task/b93754f7-233b-40fd-9bb2-5b5cf6cfb246","ConnectionId":"0HNGC635QERCF","Application":"MiniJira"}
2025-10-15 23:22:21.665 +02:00 [INF] Retrieving owner history for task "b93754f7-233b-40fd-9bb2-5b5cf6cfb246" {"SourceContext":"MiniJira.Services.TaskService","ActionId":"a118a14f-b4df-4ef1-8bb0-1b8e174ca381","ActionName":"/_Host","RequestId":"0HNGC635QERCF:00000011","RequestPath":"/task/b93754f7-233b-40fd-9bb2-5b5cf6cfb246","ConnectionId":"0HNGC635QERCF","Application":"MiniJira"}
2025-10-15 23:22:22.115 +02:00 [WRN] Unhandled exception rendering component: JavaScript interop calls cannot be issued at this time. This is because the circuit has disconnected and is being disposed. {"EventId":{"Id":100,"Name":"ExceptionRenderingComponent"},"SourceContext":"Microsoft.AspNetCore.Components.Server.Circuits.RemoteRenderer","RequestId":"0HNGC635QERCF:00000013","RequestPath":"/_blazor/disconnect","ConnectionId":"0HNGC635QERCF","Application":"MiniJira"}
Microsoft.JSInterop.JSDisconnectedException: JavaScript interop calls cannot be issued at this time. This is because the circuit has disconnected and is being disposed.
   at Microsoft.AspNetCore.Components.Server.Circuits.RemoteJSRuntime.BeginInvokeJS(Int64 asyncHandle, String identifier, String argsJson, JSCallResultType resultType, Int64 targetInstanceId)
   at Microsoft.JSInterop.JSRuntime.InvokeAsync[TValue](Int64 targetInstanceId, String identifier, CancellationToken cancellationToken, Object[] args)
   at Microsoft.JSInterop.JSRuntime.InvokeAsync[TValue](Int64 targetInstanceId, String identifier, Object[] args)
   at Microsoft.JSInterop.JSRuntimeExtensions.InvokeVoidAsync(IJSRuntime jsRuntime, String identifier, Object[] args)
   at Microsoft.JSInterop.Implementation.JSObjectReference.DisposeAsync()
   at MiniJira.Shared.MainLayout.DisposeAsync() in D:\KimiAi\MiniJira\MiniJira\MiniJira\Shared\MainLayout.razor.cs:line 77
   at Microsoft.AspNetCore.Components.RenderTree.Renderer.<>c__DisplayClass85_0.<<Dispose>g__HandleAsyncExceptions|1>d.MoveNext()
2025-10-15 23:22:22.148 +02:00 [ERR] Unhandled exception in circuit 'Ai16qjbDaa2IVd5M3U8KpsbK8egT8W_RObXySJn3ybM'. {"EventId":{"Id":111,"Name":"CircuitUnhandledException"},"SourceContext":"Microsoft.AspNetCore.Components.Server.Circuits.CircuitHost","RequestId":"0HNGC635QERCF:00000013","RequestPath":"/_blazor/disconnect","ConnectionId":"0HNGC635QERCF","Application":"MiniJira"}
Microsoft.JSInterop.JSDisconnectedException: JavaScript interop calls cannot be issued at this time. This is because the circuit has disconnected and is being disposed.
   at Microsoft.AspNetCore.Components.Server.Circuits.RemoteJSRuntime.BeginInvokeJS(Int64 asyncHandle, String identifier, String argsJson, JSCallResultType resultType, Int64 targetInstanceId)
   at Microsoft.JSInterop.JSRuntime.InvokeAsync[TValue](Int64 targetInstanceId, String identifier, CancellationToken cancellationToken, Object[] args)
   at Microsoft.JSInterop.JSRuntime.InvokeAsync[TValue](Int64 targetInstanceId, String identifier, Object[] args)
   at Microsoft.JSInterop.JSRuntimeExtensions.InvokeVoidAsync(IJSRuntime jsRuntime, String identifier, Object[] args)
   at Microsoft.JSInterop.Implementation.JSObjectReference.DisposeAsync()
   at MiniJira.Shared.MainLayout.DisposeAsync() in D:\KimiAi\MiniJira\MiniJira\MiniJira\Shared\MainLayout.razor.cs:line 77
   at Microsoft.AspNetCore.Components.RenderTree.Renderer.<>c__DisplayClass85_0.<<Dispose>g__HandleAsyncExceptions|1>d.MoveNext()
2025-10-15 23:22:22.264 +02:00 [INF] Retrieving task with ID "b93754f7-233b-40fd-9bb2-5b5cf6cfb246" {"SourceContext":"MiniJira.Services.TaskService","TransportConnectionId":"uLskPruGmbFJXmA9mBN3Hw","RequestId":"0HNGC635QERCF:0000002B","RequestPath":"/_blazor","ConnectionId":"0HNGC635QERCF","Application":"MiniJira"}
2025-10-15 23:22:22.271 +02:00 [INF] Retrieving all columns for culture en-US {"SourceContext":"MiniJira.Services.ColumnService","TransportConnectionId":"uLskPruGmbFJXmA9mBN3Hw","RequestId":"0HNGC635QERCF:0000002B","RequestPath":"/_blazor","ConnectionId":"0HNGC635QERCF","Application":"MiniJira"}
2025-10-15 23:22:22.278 +02:00 [INF] Retrieving distinct customer names {"SourceContext":"MiniJira.Services.TaskService","TransportConnectionId":"uLskPruGmbFJXmA9mBN3Hw","RequestId":"0HNGC635QERCF:0000002B","RequestPath":"/_blazor","ConnectionId":"0HNGC635QERCF","Application":"MiniJira"}
2025-10-15 23:22:22.287 +02:00 [INF] Retrieving owner history for task "b93754f7-233b-40fd-9bb2-5b5cf6cfb246" {"SourceContext":"MiniJira.Services.TaskService","TransportConnectionId":"uLskPruGmbFJXmA9mBN3Hw","RequestId":"0HNGC635QERCF:0000002B","RequestPath":"/_blazor","ConnectionId":"0HNGC635QERCF","Application":"MiniJira"}
2025-10-15 23:22:22.296 +02:00 [INF] Retrieving owner history for task "b93754f7-233b-40fd-9bb2-5b5cf6cfb246" {"SourceContext":"MiniJira.Services.TaskService","TransportConnectionId":"uLskPruGmbFJXmA9mBN3Hw","RequestId":"0HNGC635QERCF:0000002B","RequestPath":"/_blazor","ConnectionId":"0HNGC635QERCF","Application":"MiniJira"}
2025-10-15 23:22:27.482 +02:00 [INF] Retrieving owner history for task "b93754f7-233b-40fd-9bb2-5b5cf6cfb246" {"SourceContext":"MiniJira.Services.TaskService","TransportConnectionId":"uLskPruGmbFJXmA9mBN3Hw","RequestId":"0HNGC635QERCF:0000002B","RequestPath":"/_blazor","ConnectionId":"0HNGC635QERCF","Application":"MiniJira"}
2025-10-15 23:22:27.490 +02:00 [INF] Retrieving owner history for task "b93754f7-233b-40fd-9bb2-5b5cf6cfb246" {"SourceContext":"MiniJira.Services.TaskService","TransportConnectionId":"uLskPruGmbFJXmA9mBN3Hw","RequestId":"0HNGC635QERCF:0000002B","RequestPath":"/_blazor","ConnectionId":"0HNGC635QERCF","Application":"MiniJira"}
2025-10-15 23:23:06.392 +02:00 [INF] Retrieving all columns for culture en-US {"SourceContext":"MiniJira.Services.ColumnService","TransportConnectionId":"uLskPruGmbFJXmA9mBN3Hw","RequestId":"0HNGC635QERCF:0000002B","RequestPath":"/_blazor","ConnectionId":"0HNGC635QERCF","Application":"MiniJira"}
2025-10-15 23:23:06.400 +02:00 [INF] Retrieving all tasks {"SourceContext":"MiniJira.Services.TaskService","TransportConnectionId":"uLskPruGmbFJXmA9mBN3Hw","RequestId":"0HNGC635QERCF:0000002B","RequestPath":"/_blazor","ConnectionId":"0HNGC635QERCF","Application":"MiniJira"}
2025-10-15 23:23:10.503 +02:00 [INF] Retrieving task with ID "b93754f7-233b-40fd-9bb2-5b5cf6cfb246" {"SourceContext":"MiniJira.Services.TaskService","TransportConnectionId":"uLskPruGmbFJXmA9mBN3Hw","RequestId":"0HNGC635QERCF:0000002B","RequestPath":"/_blazor","ConnectionId":"0HNGC635QERCF","Application":"MiniJira"}
2025-10-15 23:23:10.518 +02:00 [INF] Retrieving all columns for culture en-US {"SourceContext":"MiniJira.Services.ColumnService","TransportConnectionId":"uLskPruGmbFJXmA9mBN3Hw","RequestId":"0HNGC635QERCF:0000002B","RequestPath":"/_blazor","ConnectionId":"0HNGC635QERCF","Application":"MiniJira"}
2025-10-15 23:23:10.526 +02:00 [INF] Retrieving distinct customer names {"SourceContext":"MiniJira.Services.TaskService","TransportConnectionId":"uLskPruGmbFJXmA9mBN3Hw","RequestId":"0HNGC635QERCF:0000002B","RequestPath":"/_blazor","ConnectionId":"0HNGC635QERCF","Application":"MiniJira"}
2025-10-15 23:23:10.538 +02:00 [INF] Retrieving owner history for task "b93754f7-233b-40fd-9bb2-5b5cf6cfb246" {"SourceContext":"MiniJira.Services.TaskService","TransportConnectionId":"uLskPruGmbFJXmA9mBN3Hw","RequestId":"0HNGC635QERCF:0000002B","RequestPath":"/_blazor","ConnectionId":"0HNGC635QERCF","Application":"MiniJira"}
2025-10-15 23:23:10.545 +02:00 [INF] Retrieving owner history for task "b93754f7-233b-40fd-9bb2-5b5cf6cfb246" {"SourceContext":"MiniJira.Services.TaskService","TransportConnectionId":"uLskPruGmbFJXmA9mBN3Hw","RequestId":"0HNGC635QERCF:0000002B","RequestPath":"/_blazor","ConnectionId":"0HNGC635QERCF","Application":"MiniJira"}
2025-10-15 23:23:15.158 +02:00 [WRN] Unhandled exception rendering component: JavaScript interop calls cannot be issued at this time. This is because the circuit has disconnected and is being disposed. {"EventId":{"Id":100,"Name":"ExceptionRenderingComponent"},"SourceContext":"Microsoft.AspNetCore.Components.Server.Circuits.RemoteRenderer","RequestId":"0HNGC635QERCF:0000002D","RequestPath":"/_blazor/disconnect","ConnectionId":"0HNGC635QERCF","Application":"MiniJira"}
Microsoft.JSInterop.JSDisconnectedException: JavaScript interop calls cannot be issued at this time. This is because the circuit has disconnected and is being disposed.
   at Microsoft.AspNetCore.Components.Server.Circuits.RemoteJSRuntime.BeginInvokeJS(Int64 asyncHandle, String identifier, String argsJson, JSCallResultType resultType, Int64 targetInstanceId)
   at Microsoft.JSInterop.JSRuntime.InvokeAsync[TValue](Int64 targetInstanceId, String identifier, CancellationToken cancellationToken, Object[] args)
   at Microsoft.JSInterop.JSRuntime.InvokeAsync[TValue](Int64 targetInstanceId, String identifier, Object[] args)
   at Microsoft.JSInterop.JSRuntimeExtensions.InvokeVoidAsync(IJSRuntime jsRuntime, String identifier, Object[] args)
   at Microsoft.JSInterop.Implementation.JSObjectReference.DisposeAsync()
   at MiniJira.Shared.MainLayout.DisposeAsync() in D:\KimiAi\MiniJira\MiniJira\MiniJira\Shared\MainLayout.razor.cs:line 77
   at Microsoft.AspNetCore.Components.RenderTree.Renderer.<>c__DisplayClass85_0.<<Dispose>g__HandleAsyncExceptions|1>d.MoveNext()
2025-10-15 23:23:20.376 +02:00 [INF] Applying database migrations... {"SourceContext":"Program","Application":"MiniJira"}
2025-10-15 23:23:21.065 +02:00 [WRN] The 'TaskPriority' property 'Priority' on entity type 'Task' is configured with a database-generated default, but has no configured sentinel value. The database-generated default will always be used for inserts when the property has the value 'Low', since this is the CLR default for the 'TaskPriority' type. Consider using a nullable type, using a nullable backing field, or setting the sentinel value for the property to ensure the database default is used when, and only when, appropriate. See https://aka.ms/efcore-docs-default-values for more information. {"EventId":{"Id":20601,"Name":"Microsoft.EntityFrameworkCore.Model.Validation.BoolWithDefaultWarning"},"SourceContext":"Microsoft.EntityFrameworkCore.Model.Validation","Application":"MiniJira"}
2025-10-15 23:23:21.287 +02:00 [INF] Acquiring an exclusive lock for migration application. See https://aka.ms/efcore-docs-migrations-lock for more information if this takes too long. {"EventId":{"Id":20411,"Name":"Microsoft.EntityFrameworkCore.Migrations.AcquiringMigrationLock"},"SourceContext":"Microsoft.EntityFrameworkCore.Migrations","Application":"MiniJira"}
2025-10-15 23:23:21.394 +02:00 [INF] No migrations were applied. The database is already up to date. {"EventId":{"Id":20405,"Name":"Microsoft.EntityFrameworkCore.Migrations.MigrationsNotApplied"},"SourceContext":"Microsoft.EntityFrameworkCore.Migrations","Application":"MiniJira"}
2025-10-15 23:23:21.404 +02:00 [INF] Database migrations applied successfully {"SourceContext":"Program","Application":"MiniJira"}
2025-10-15 23:23:21.894 +02:00 [INF] Now listening on: https://localhost:7105 {"EventId":{"Id":14,"Name":"ListeningOnAddress"},"SourceContext":"Microsoft.Hosting.Lifetime","Application":"MiniJira"}
2025-10-15 23:23:21.900 +02:00 [INF] Now listening on: http://localhost:5194 {"EventId":{"Id":14,"Name":"ListeningOnAddress"},"SourceContext":"Microsoft.Hosting.Lifetime","Application":"MiniJira"}
2025-10-15 23:23:22.008 +02:00 [INF] Application started. Press Ctrl+C to shut down. {"SourceContext":"Microsoft.Hosting.Lifetime","Application":"MiniJira"}
2025-10-15 23:23:22.012 +02:00 [INF] Hosting environment: Development {"SourceContext":"Microsoft.Hosting.Lifetime","Application":"MiniJira"}
2025-10-15 23:23:22.015 +02:00 [INF] Content root path: D:\KimiAi\MiniJira\MiniJira\MiniJira {"SourceContext":"Microsoft.Hosting.Lifetime","Application":"MiniJira"}
2025-10-15 23:23:22.848 +02:00 [WRN] Unable to contact VS to retrieve Browser Link script tag. {"EventId":{"Id":5,"Name":"FailedToGetBrowserLinkScriptTag"},"SourceContext":"Microsoft.WebTools.BrowserLink.Net.BrowserLinkMiddleware","RequestId":"0HNGC648OMVBE:00000001","RequestPath":"/","ConnectionId":"0HNGC648OMVBE","Application":"MiniJira"}
2025-10-15 23:23:24.738 +02:00 [INF] Retrieving all columns for culture en-US {"SourceContext":"MiniJira.Services.ColumnService","TransportConnectionId":"rML0krrgMAwRK-h6f6FLzw","RequestId":"0HNGC648OMVBE:0000000D","RequestPath":"/_blazor","ConnectionId":"0HNGC648OMVBE","Application":"MiniJira"}
2025-10-15 23:23:25.025 +02:00 [WRN] Compiling a query which loads related collections for more than one collection navigation, either via 'Include' or through projection, but no 'QuerySplittingBehavior' has been configured. By default, Entity Framework will use 'QuerySplittingBehavior.SingleQuery', which can potentially result in slow query performance. See https://go.microsoft.com/fwlink/?linkid=2134277 for more information. To identify the query that's triggering this warning call 'ConfigureWarnings(w => w.Throw(RelationalEventId.MultipleCollectionIncludeWarning))'. {"EventId":{"Id":20504,"Name":"Microsoft.EntityFrameworkCore.Query.MultipleCollectionIncludeWarning"},"SourceContext":"Microsoft.EntityFrameworkCore.Query","TransportConnectionId":"rML0krrgMAwRK-h6f6FLzw","RequestId":"0HNGC648OMVBE:0000000D","RequestPath":"/_blazor","ConnectionId":"0HNGC648OMVBE","Application":"MiniJira"}
2025-10-15 23:23:25.109 +02:00 [INF] Retrieving all tasks {"SourceContext":"MiniJira.Services.TaskService","TransportConnectionId":"rML0krrgMAwRK-h6f6FLzw","RequestId":"0HNGC648OMVBE:0000000D","RequestPath":"/_blazor","ConnectionId":"0HNGC648OMVBE","Application":"MiniJira"}
2025-10-15 23:23:26.625 +02:00 [INF] Retrieving task with ID "b93754f7-233b-40fd-9bb2-5b5cf6cfb246" {"SourceContext":"MiniJira.Services.TaskService","TransportConnectionId":"rML0krrgMAwRK-h6f6FLzw","RequestId":"0HNGC648OMVBE:0000000D","RequestPath":"/_blazor","ConnectionId":"0HNGC648OMVBE","Application":"MiniJira"}
2025-10-15 23:23:26.676 +02:00 [INF] Retrieving all columns for culture en-US {"SourceContext":"MiniJira.Services.ColumnService","TransportConnectionId":"rML0krrgMAwRK-h6f6FLzw","RequestId":"0HNGC648OMVBE:0000000D","RequestPath":"/_blazor","ConnectionId":"0HNGC648OMVBE","Application":"MiniJira"}
2025-10-15 23:23:26.693 +02:00 [INF] Retrieving distinct customer names {"SourceContext":"MiniJira.Services.TaskService","TransportConnectionId":"rML0krrgMAwRK-h6f6FLzw","RequestId":"0HNGC648OMVBE:0000000D","RequestPath":"/_blazor","ConnectionId":"0HNGC648OMVBE","Application":"MiniJira"}
2025-10-15 23:23:26.910 +02:00 [WRN] Compiling a query which loads related collections for more than one collection navigation, either via 'Include' or through projection, but no 'QuerySplittingBehavior' has been configured. By default, Entity Framework will use 'QuerySplittingBehavior.SingleQuery', which can potentially result in slow query performance. See https://go.microsoft.com/fwlink/?linkid=2134277 for more information. To identify the query that's triggering this warning call 'ConfigureWarnings(w => w.Throw(RelationalEventId.MultipleCollectionIncludeWarning))'. {"EventId":{"Id":20504,"Name":"Microsoft.EntityFrameworkCore.Query.MultipleCollectionIncludeWarning"},"SourceContext":"Microsoft.EntityFrameworkCore.Query","TransportConnectionId":"rML0krrgMAwRK-h6f6FLzw","RequestId":"0HNGC648OMVBE:0000000D","RequestPath":"/_blazor","ConnectionId":"0HNGC648OMVBE","Application":"MiniJira"}
2025-10-15 23:23:27.048 +02:00 [INF] Retrieving owner history for task "b93754f7-233b-40fd-9bb2-5b5cf6cfb246" {"SourceContext":"MiniJira.Services.TaskService","TransportConnectionId":"rML0krrgMAwRK-h6f6FLzw","RequestId":"0HNGC648OMVBE:0000000D","RequestPath":"/_blazor","ConnectionId":"0HNGC648OMVBE","Application":"MiniJira"}
2025-10-15 23:23:27.066 +02:00 [INF] Retrieving owner history for task "b93754f7-233b-40fd-9bb2-5b5cf6cfb246" {"SourceContext":"MiniJira.Services.TaskService","TransportConnectionId":"rML0krrgMAwRK-h6f6FLzw","RequestId":"0HNGC648OMVBE:0000000D","RequestPath":"/_blazor","ConnectionId":"0HNGC648OMVBE","Application":"MiniJira"}
2025-10-15 23:26:05.079 +02:00 [INF] Applying database migrations... {"SourceContext":"Program","Application":"MiniJira"}
2025-10-15 23:26:05.675 +02:00 [WRN] The 'TaskPriority' property 'Priority' on entity type 'Task' is configured with a database-generated default, but has no configured sentinel value. The database-generated default will always be used for inserts when the property has the value 'Low', since this is the CLR default for the 'TaskPriority' type. Consider using a nullable type, using a nullable backing field, or setting the sentinel value for the property to ensure the database default is used when, and only when, appropriate. See https://aka.ms/efcore-docs-default-values for more information. {"EventId":{"Id":20601,"Name":"Microsoft.EntityFrameworkCore.Model.Validation.BoolWithDefaultWarning"},"SourceContext":"Microsoft.EntityFrameworkCore.Model.Validation","Application":"MiniJira"}
2025-10-15 23:26:05.884 +02:00 [INF] Acquiring an exclusive lock for migration application. See https://aka.ms/efcore-docs-migrations-lock for more information if this takes too long. {"EventId":{"Id":20411,"Name":"Microsoft.EntityFrameworkCore.Migrations.AcquiringMigrationLock"},"SourceContext":"Microsoft.EntityFrameworkCore.Migrations","Application":"MiniJira"}
2025-10-15 23:26:05.994 +02:00 [INF] No migrations were applied. The database is already up to date. {"EventId":{"Id":20405,"Name":"Microsoft.EntityFrameworkCore.Migrations.MigrationsNotApplied"},"SourceContext":"Microsoft.EntityFrameworkCore.Migrations","Application":"MiniJira"}
2025-10-15 23:26:06.005 +02:00 [INF] Database migrations applied successfully {"SourceContext":"Program","Application":"MiniJira"}
2025-10-15 23:26:06.471 +02:00 [INF] Now listening on: https://localhost:7105 {"EventId":{"Id":14,"Name":"ListeningOnAddress"},"SourceContext":"Microsoft.Hosting.Lifetime","Application":"MiniJira"}
2025-10-15 23:26:06.478 +02:00 [INF] Now listening on: http://localhost:5194 {"EventId":{"Id":14,"Name":"ListeningOnAddress"},"SourceContext":"Microsoft.Hosting.Lifetime","Application":"MiniJira"}
2025-10-15 23:26:06.735 +02:00 [INF] Application started. Press Ctrl+C to shut down. {"SourceContext":"Microsoft.Hosting.Lifetime","Application":"MiniJira"}
2025-10-15 23:26:06.740 +02:00 [INF] Hosting environment: Development {"SourceContext":"Microsoft.Hosting.Lifetime","Application":"MiniJira"}
2025-10-15 23:26:06.744 +02:00 [INF] Content root path: D:\KimiAi\MiniJira\MiniJira\MiniJira {"SourceContext":"Microsoft.Hosting.Lifetime","Application":"MiniJira"}
2025-10-15 23:26:07.556 +02:00 [WRN] Unable to contact VS to retrieve Browser Link script tag. {"EventId":{"Id":5,"Name":"FailedToGetBrowserLinkScriptTag"},"SourceContext":"Microsoft.WebTools.BrowserLink.Net.BrowserLinkMiddleware","RequestId":"0HNGC65PP3P4R:00000001","RequestPath":"/","ConnectionId":"0HNGC65PP3P4R","Application":"MiniJira"}
2025-10-15 23:26:09.471 +02:00 [INF] Retrieving all columns for culture en-US {"SourceContext":"MiniJira.Services.ColumnService","TransportConnectionId":"GqMzoYf73STbd9T5k0r_6w","RequestId":"0HNGC65PP3P4R:00000011","RequestPath":"/_blazor","ConnectionId":"0HNGC65PP3P4R","Application":"MiniJira"}
2025-10-15 23:26:09.839 +02:00 [WRN] Compiling a query which loads related collections for more than one collection navigation, either via 'Include' or through projection, but no 'QuerySplittingBehavior' has been configured. By default, Entity Framework will use 'QuerySplittingBehavior.SingleQuery', which can potentially result in slow query performance. See https://go.microsoft.com/fwlink/?linkid=2134277 for more information. To identify the query that's triggering this warning call 'ConfigureWarnings(w => w.Throw(RelationalEventId.MultipleCollectionIncludeWarning))'. {"EventId":{"Id":20504,"Name":"Microsoft.EntityFrameworkCore.Query.MultipleCollectionIncludeWarning"},"SourceContext":"Microsoft.EntityFrameworkCore.Query","TransportConnectionId":"GqMzoYf73STbd9T5k0r_6w","RequestId":"0HNGC65PP3P4R:00000011","RequestPath":"/_blazor","ConnectionId":"0HNGC65PP3P4R","Application":"MiniJira"}
2025-10-15 23:26:09.936 +02:00 [INF] Retrieving all tasks {"SourceContext":"MiniJira.Services.TaskService","TransportConnectionId":"GqMzoYf73STbd9T5k0r_6w","RequestId":"0HNGC65PP3P4R:00000011","RequestPath":"/_blazor","ConnectionId":"0HNGC65PP3P4R","Application":"MiniJira"}
2025-10-15 23:26:11.346 +02:00 [INF] Retrieving task with ID "b93754f7-233b-40fd-9bb2-5b5cf6cfb246" {"SourceContext":"MiniJira.Services.TaskService","TransportConnectionId":"GqMzoYf73STbd9T5k0r_6w","RequestId":"0HNGC65PP3P4R:00000011","RequestPath":"/_blazor","ConnectionId":"0HNGC65PP3P4R","Application":"MiniJira"}
2025-10-15 23:26:11.398 +02:00 [INF] Retrieving all columns for culture en-US {"SourceContext":"MiniJira.Services.ColumnService","TransportConnectionId":"GqMzoYf73STbd9T5k0r_6w","RequestId":"0HNGC65PP3P4R:00000011","RequestPath":"/_blazor","ConnectionId":"0HNGC65PP3P4R","Application":"MiniJira"}
2025-10-15 23:26:11.412 +02:00 [INF] Retrieving distinct customer names {"SourceContext":"MiniJira.Services.TaskService","TransportConnectionId":"GqMzoYf73STbd9T5k0r_6w","RequestId":"0HNGC65PP3P4R:00000011","RequestPath":"/_blazor","ConnectionId":"0HNGC65PP3P4R","Application":"MiniJira"}
2025-10-15 23:26:11.597 +02:00 [WRN] Compiling a query which loads related collections for more than one collection navigation, either via 'Include' or through projection, but no 'QuerySplittingBehavior' has been configured. By default, Entity Framework will use 'QuerySplittingBehavior.SingleQuery', which can potentially result in slow query performance. See https://go.microsoft.com/fwlink/?linkid=2134277 for more information. To identify the query that's triggering this warning call 'ConfigureWarnings(w => w.Throw(RelationalEventId.MultipleCollectionIncludeWarning))'. {"EventId":{"Id":20504,"Name":"Microsoft.EntityFrameworkCore.Query.MultipleCollectionIncludeWarning"},"SourceContext":"Microsoft.EntityFrameworkCore.Query","TransportConnectionId":"GqMzoYf73STbd9T5k0r_6w","RequestId":"0HNGC65PP3P4R:00000011","RequestPath":"/_blazor","ConnectionId":"0HNGC65PP3P4R","Application":"MiniJira"}
2025-10-15 23:26:11.764 +02:00 [INF] Retrieving owner history for task "b93754f7-233b-40fd-9bb2-5b5cf6cfb246" {"SourceContext":"MiniJira.Services.TaskService","TransportConnectionId":"GqMzoYf73STbd9T5k0r_6w","RequestId":"0HNGC65PP3P4R:00000011","RequestPath":"/_blazor","ConnectionId":"0HNGC65PP3P4R","Application":"MiniJira"}
2025-10-15 23:26:11.780 +02:00 [INF] Retrieving owner history for task "b93754f7-233b-40fd-9bb2-5b5cf6cfb246" {"SourceContext":"MiniJira.Services.TaskService","TransportConnectionId":"GqMzoYf73STbd9T5k0r_6w","RequestId":"0HNGC65PP3P4R:00000011","RequestPath":"/_blazor","ConnectionId":"0HNGC65PP3P4R","Application":"MiniJira"}
2025-10-15 23:26:19.495 +02:00 [WRN] Unable to contact VS to retrieve Browser Link script tag. {"EventId":{"Id":5,"Name":"FailedToGetBrowserLinkScriptTag"},"SourceContext":"Microsoft.WebTools.BrowserLink.Net.BrowserLinkMiddleware","RequestId":"0HNGC65PP3P4R:00000013","RequestPath":"/task/b93754f7-233b-40fd-9bb2-5b5cf6cfb246","ConnectionId":"0HNGC65PP3P4R","Application":"MiniJira"}
2025-10-15 23:26:19.667 +02:00 [INF] Retrieving task with ID "b93754f7-233b-40fd-9bb2-5b5cf6cfb246" {"SourceContext":"MiniJira.Services.TaskService","ActionId":"e47522a9-3dde-4cc1-8d91-3a1ac550897f","ActionName":"/_Host","RequestId":"0HNGC65PP3P4R:00000013","RequestPath":"/task/b93754f7-233b-40fd-9bb2-5b5cf6cfb246","ConnectionId":"0HNGC65PP3P4R","Application":"MiniJira"}
2025-10-15 23:26:19.678 +02:00 [INF] Retrieving all columns for culture en-US {"SourceContext":"MiniJira.Services.ColumnService","ActionId":"e47522a9-3dde-4cc1-8d91-3a1ac550897f","ActionName":"/_Host","RequestId":"0HNGC65PP3P4R:00000013","RequestPath":"/task/b93754f7-233b-40fd-9bb2-5b5cf6cfb246","ConnectionId":"0HNGC65PP3P4R","Application":"MiniJira"}
2025-10-15 23:26:19.687 +02:00 [INF] Retrieving distinct customer names {"SourceContext":"MiniJira.Services.TaskService","ActionId":"e47522a9-3dde-4cc1-8d91-3a1ac550897f","ActionName":"/_Host","RequestId":"0HNGC65PP3P4R:00000013","RequestPath":"/task/b93754f7-233b-40fd-9bb2-5b5cf6cfb246","ConnectionId":"0HNGC65PP3P4R","Application":"MiniJira"}
2025-10-15 23:26:19.700 +02:00 [INF] Retrieving owner history for task "b93754f7-233b-40fd-9bb2-5b5cf6cfb246" {"SourceContext":"MiniJira.Services.TaskService","ActionId":"e47522a9-3dde-4cc1-8d91-3a1ac550897f","ActionName":"/_Host","RequestId":"0HNGC65PP3P4R:00000013","RequestPath":"/task/b93754f7-233b-40fd-9bb2-5b5cf6cfb246","ConnectionId":"0HNGC65PP3P4R","Application":"MiniJira"}
2025-10-15 23:26:19.707 +02:00 [INF] Retrieving owner history for task "b93754f7-233b-40fd-9bb2-5b5cf6cfb246" {"SourceContext":"MiniJira.Services.TaskService","ActionId":"e47522a9-3dde-4cc1-8d91-3a1ac550897f","ActionName":"/_Host","RequestId":"0HNGC65PP3P4R:00000013","RequestPath":"/task/b93754f7-233b-40fd-9bb2-5b5cf6cfb246","ConnectionId":"0HNGC65PP3P4R","Application":"MiniJira"}
2025-10-15 23:26:20.071 +02:00 [WRN] Unhandled exception rendering component: JavaScript interop calls cannot be issued at this time. This is because the circuit has disconnected and is being disposed. {"EventId":{"Id":100,"Name":"ExceptionRenderingComponent"},"SourceContext":"Microsoft.AspNetCore.Components.Server.Circuits.RemoteRenderer","RequestId":"0HNGC65PP3P4R:00000015","RequestPath":"/_blazor/disconnect","ConnectionId":"0HNGC65PP3P4R","Application":"MiniJira"}
Microsoft.JSInterop.JSDisconnectedException: JavaScript interop calls cannot be issued at this time. This is because the circuit has disconnected and is being disposed.
   at Microsoft.AspNetCore.Components.Server.Circuits.RemoteJSRuntime.BeginInvokeJS(Int64 asyncHandle, String identifier, String argsJson, JSCallResultType resultType, Int64 targetInstanceId)
   at Microsoft.JSInterop.JSRuntime.InvokeAsync[TValue](Int64 targetInstanceId, String identifier, CancellationToken cancellationToken, Object[] args)
   at Microsoft.JSInterop.JSRuntime.InvokeAsync[TValue](Int64 targetInstanceId, String identifier, Object[] args)
   at Microsoft.JSInterop.JSRuntimeExtensions.InvokeVoidAsync(IJSRuntime jsRuntime, String identifier, Object[] args)
   at Microsoft.JSInterop.Implementation.JSObjectReference.DisposeAsync()
   at MiniJira.Shared.MainLayout.DisposeAsync() in D:\KimiAi\MiniJira\MiniJira\MiniJira\Shared\MainLayout.razor.cs:line 77
   at Microsoft.AspNetCore.Components.RenderTree.Renderer.<>c__DisplayClass85_0.<<Dispose>g__HandleAsyncExceptions|1>d.MoveNext()
2025-10-15 23:26:20.090 +02:00 [ERR] Unhandled exception in circuit 'MacF0acEG2nEtmiAfnkRPrdK-zQr34aFDJxbM9pxroI'. {"EventId":{"Id":111,"Name":"CircuitUnhandledException"},"SourceContext":"Microsoft.AspNetCore.Components.Server.Circuits.CircuitHost","RequestId":"0HNGC65PP3P4R:00000015","RequestPath":"/_blazor/disconnect","ConnectionId":"0HNGC65PP3P4R","Application":"MiniJira"}
Microsoft.JSInterop.JSDisconnectedException: JavaScript interop calls cannot be issued at this time. This is because the circuit has disconnected and is being disposed.
   at Microsoft.AspNetCore.Components.Server.Circuits.RemoteJSRuntime.BeginInvokeJS(Int64 asyncHandle, String identifier, String argsJson, JSCallResultType resultType, Int64 targetInstanceId)
   at Microsoft.JSInterop.JSRuntime.InvokeAsync[TValue](Int64 targetInstanceId, String identifier, CancellationToken cancellationToken, Object[] args)
   at Microsoft.JSInterop.JSRuntime.InvokeAsync[TValue](Int64 targetInstanceId, String identifier, Object[] args)
   at Microsoft.JSInterop.JSRuntimeExtensions.InvokeVoidAsync(IJSRuntime jsRuntime, String identifier, Object[] args)
   at Microsoft.JSInterop.Implementation.JSObjectReference.DisposeAsync()
   at MiniJira.Shared.MainLayout.DisposeAsync() in D:\KimiAi\MiniJira\MiniJira\MiniJira\Shared\MainLayout.razor.cs:line 77
   at Microsoft.AspNetCore.Components.RenderTree.Renderer.<>c__DisplayClass85_0.<<Dispose>g__HandleAsyncExceptions|1>d.MoveNext()
2025-10-15 23:26:20.251 +02:00 [INF] Retrieving task with ID "b93754f7-233b-40fd-9bb2-5b5cf6cfb246" {"SourceContext":"MiniJira.Services.TaskService","TransportConnectionId":"kaqo5neYQKt6D1asfvKVwQ","RequestId":"0HNGC65PP3P4R:0000002D","RequestPath":"/_blazor","ConnectionId":"0HNGC65PP3P4R","Application":"MiniJira"}
2025-10-15 23:26:20.261 +02:00 [INF] Retrieving all columns for culture en-US {"SourceContext":"MiniJira.Services.ColumnService","TransportConnectionId":"kaqo5neYQKt6D1asfvKVwQ","RequestId":"0HNGC65PP3P4R:0000002D","RequestPath":"/_blazor","ConnectionId":"0HNGC65PP3P4R","Application":"MiniJira"}
2025-10-15 23:26:20.267 +02:00 [INF] Retrieving distinct customer names {"SourceContext":"MiniJira.Services.TaskService","TransportConnectionId":"kaqo5neYQKt6D1asfvKVwQ","RequestId":"0HNGC65PP3P4R:0000002D","RequestPath":"/_blazor","ConnectionId":"0HNGC65PP3P4R","Application":"MiniJira"}
2025-10-15 23:26:20.278 +02:00 [INF] Retrieving owner history for task "b93754f7-233b-40fd-9bb2-5b5cf6cfb246" {"SourceContext":"MiniJira.Services.TaskService","TransportConnectionId":"kaqo5neYQKt6D1asfvKVwQ","RequestId":"0HNGC65PP3P4R:0000002D","RequestPath":"/_blazor","ConnectionId":"0HNGC65PP3P4R","Application":"MiniJira"}
2025-10-15 23:26:20.285 +02:00 [INF] Retrieving owner history for task "b93754f7-233b-40fd-9bb2-5b5cf6cfb246" {"SourceContext":"MiniJira.Services.TaskService","TransportConnectionId":"kaqo5neYQKt6D1asfvKVwQ","RequestId":"0HNGC65PP3P4R:0000002D","RequestPath":"/_blazor","ConnectionId":"0HNGC65PP3P4R","Application":"MiniJira"}
2025-10-15 23:26:47.245 +02:00 [INF] Retrieving all columns for culture en-US {"SourceContext":"MiniJira.Services.ColumnService","TransportConnectionId":"kaqo5neYQKt6D1asfvKVwQ","RequestId":"0HNGC65PP3P4R:0000002D","RequestPath":"/_blazor","ConnectionId":"0HNGC65PP3P4R","Application":"MiniJira"}
2025-10-15 23:26:47.252 +02:00 [INF] Retrieving all tasks {"SourceContext":"MiniJira.Services.TaskService","TransportConnectionId":"kaqo5neYQKt6D1asfvKVwQ","RequestId":"0HNGC65PP3P4R:0000002D","RequestPath":"/_blazor","ConnectionId":"0HNGC65PP3P4R","Application":"MiniJira"}
2025-10-15 23:26:48.804 +02:00 [INF] Retrieving distinct customer names {"SourceContext":"MiniJira.Services.TaskService","TransportConnectionId":"kaqo5neYQKt6D1asfvKVwQ","RequestId":"0HNGC65PP3P4R:0000002D","RequestPath":"/_blazor","ConnectionId":"0HNGC65PP3P4R","Application":"MiniJira"}
2025-10-15 23:26:56.841 +02:00 [INF] Retrieving all columns for culture en-US {"SourceContext":"MiniJira.Services.ColumnService","TransportConnectionId":"kaqo5neYQKt6D1asfvKVwQ","RequestId":"0HNGC65PP3P4R:0000002D","RequestPath":"/_blazor","ConnectionId":"0HNGC65PP3P4R","Application":"MiniJira"}
2025-10-15 23:26:56.849 +02:00 [INF] Retrieving all tasks {"SourceContext":"MiniJira.Services.TaskService","TransportConnectionId":"kaqo5neYQKt6D1asfvKVwQ","RequestId":"0HNGC65PP3P4R:0000002D","RequestPath":"/_blazor","ConnectionId":"0HNGC65PP3P4R","Application":"MiniJira"}
2025-10-15 23:27:40.328 +02:00 [INF] Retrieving task with ID "b93754f7-233b-40fd-9bb2-5b5cf6cfb246" {"SourceContext":"MiniJira.Services.TaskService","TransportConnectionId":"kaqo5neYQKt6D1asfvKVwQ","RequestId":"0HNGC65PP3P4R:0000002D","RequestPath":"/_blazor","ConnectionId":"0HNGC65PP3P4R","Application":"MiniJira"}
2025-10-15 23:27:40.337 +02:00 [INF] Retrieving all columns for culture en-US {"SourceContext":"MiniJira.Services.ColumnService","TransportConnectionId":"kaqo5neYQKt6D1asfvKVwQ","RequestId":"0HNGC65PP3P4R:0000002D","RequestPath":"/_blazor","ConnectionId":"0HNGC65PP3P4R","Application":"MiniJira"}
2025-10-15 23:27:40.346 +02:00 [INF] Retrieving distinct customer names {"SourceContext":"MiniJira.Services.TaskService","TransportConnectionId":"kaqo5neYQKt6D1asfvKVwQ","RequestId":"0HNGC65PP3P4R:0000002D","RequestPath":"/_blazor","ConnectionId":"0HNGC65PP3P4R","Application":"MiniJira"}
2025-10-15 23:27:40.362 +02:00 [INF] Retrieving owner history for task "b93754f7-233b-40fd-9bb2-5b5cf6cfb246" {"SourceContext":"MiniJira.Services.TaskService","TransportConnectionId":"kaqo5neYQKt6D1asfvKVwQ","RequestId":"0HNGC65PP3P4R:0000002D","RequestPath":"/_blazor","ConnectionId":"0HNGC65PP3P4R","Application":"MiniJira"}
2025-10-15 23:27:40.369 +02:00 [INF] Retrieving owner history for task "b93754f7-233b-40fd-9bb2-5b5cf6cfb246" {"SourceContext":"MiniJira.Services.TaskService","TransportConnectionId":"kaqo5neYQKt6D1asfvKVwQ","RequestId":"0HNGC65PP3P4R:0000002D","RequestPath":"/_blazor","ConnectionId":"0HNGC65PP3P4R","Application":"MiniJira"}
2025-10-15 23:28:44.747 +02:00 [INF] Applying database migrations... {"SourceContext":"Program","Application":"MiniJira"}
2025-10-15 23:28:45.373 +02:00 [WRN] The 'TaskPriority' property 'Priority' on entity type 'Task' is configured with a database-generated default, but has no configured sentinel value. The database-generated default will always be used for inserts when the property has the value 'Low', since this is the CLR default for the 'TaskPriority' type. Consider using a nullable type, using a nullable backing field, or setting the sentinel value for the property to ensure the database default is used when, and only when, appropriate. See https://aka.ms/efcore-docs-default-values for more information. {"EventId":{"Id":20601,"Name":"Microsoft.EntityFrameworkCore.Model.Validation.BoolWithDefaultWarning"},"SourceContext":"Microsoft.EntityFrameworkCore.Model.Validation","Application":"MiniJira"}
2025-10-15 23:28:45.624 +02:00 [INF] Acquiring an exclusive lock for migration application. See https://aka.ms/efcore-docs-migrations-lock for more information if this takes too long. {"EventId":{"Id":20411,"Name":"Microsoft.EntityFrameworkCore.Migrations.AcquiringMigrationLock"},"SourceContext":"Microsoft.EntityFrameworkCore.Migrations","Application":"MiniJira"}
2025-10-15 23:28:45.756 +02:00 [INF] No migrations were applied. The database is already up to date. {"EventId":{"Id":20405,"Name":"Microsoft.EntityFrameworkCore.Migrations.MigrationsNotApplied"},"SourceContext":"Microsoft.EntityFrameworkCore.Migrations","Application":"MiniJira"}
2025-10-15 23:28:45.773 +02:00 [INF] Database migrations applied successfully {"SourceContext":"Program","Application":"MiniJira"}
2025-10-15 23:28:46.276 +02:00 [INF] Now listening on: https://localhost:7105 {"EventId":{"Id":14,"Name":"ListeningOnAddress"},"SourceContext":"Microsoft.Hosting.Lifetime","Application":"MiniJira"}
2025-10-15 23:28:46.287 +02:00 [INF] Now listening on: http://localhost:5194 {"EventId":{"Id":14,"Name":"ListeningOnAddress"},"SourceContext":"Microsoft.Hosting.Lifetime","Application":"MiniJira"}
2025-10-15 23:28:46.389 +02:00 [INF] Application started. Press Ctrl+C to shut down. {"SourceContext":"Microsoft.Hosting.Lifetime","Application":"MiniJira"}
2025-10-15 23:28:46.392 +02:00 [INF] Hosting environment: Development {"SourceContext":"Microsoft.Hosting.Lifetime","Application":"MiniJira"}
2025-10-15 23:28:46.395 +02:00 [INF] Content root path: D:\KimiAi\MiniJira\MiniJira\MiniJira {"SourceContext":"Microsoft.Hosting.Lifetime","Application":"MiniJira"}
2025-10-15 23:28:47.513 +02:00 [WRN] Unable to contact VS to retrieve Browser Link script tag. {"EventId":{"Id":5,"Name":"FailedToGetBrowserLinkScriptTag"},"SourceContext":"Microsoft.WebTools.BrowserLink.Net.BrowserLinkMiddleware","RequestId":"0HNGC679GARID:00000001","RequestPath":"/","ConnectionId":"0HNGC679GARID","Application":"MiniJira"}
2025-10-15 23:28:50.923 +02:00 [INF] Retrieving all columns for culture en-US {"SourceContext":"MiniJira.Services.ColumnService","TransportConnectionId":"o5Ra2ePxzl8us15xBS7fVA","RequestId":"0HNGC679GARID:0000000D","RequestPath":"/_blazor","ConnectionId":"0HNGC679GARID","Application":"MiniJira"}
2025-10-15 23:28:51.328 +02:00 [WRN] Compiling a query which loads related collections for more than one collection navigation, either via 'Include' or through projection, but no 'QuerySplittingBehavior' has been configured. By default, Entity Framework will use 'QuerySplittingBehavior.SingleQuery', which can potentially result in slow query performance. See https://go.microsoft.com/fwlink/?linkid=2134277 for more information. To identify the query that's triggering this warning call 'ConfigureWarnings(w => w.Throw(RelationalEventId.MultipleCollectionIncludeWarning))'. {"EventId":{"Id":20504,"Name":"Microsoft.EntityFrameworkCore.Query.MultipleCollectionIncludeWarning"},"SourceContext":"Microsoft.EntityFrameworkCore.Query","TransportConnectionId":"o5Ra2ePxzl8us15xBS7fVA","RequestId":"0HNGC679GARID:0000000D","RequestPath":"/_blazor","ConnectionId":"0HNGC679GARID","Application":"MiniJira"}
2025-10-15 23:28:51.420 +02:00 [INF] Retrieving all tasks {"SourceContext":"MiniJira.Services.TaskService","TransportConnectionId":"o5Ra2ePxzl8us15xBS7fVA","RequestId":"0HNGC679GARID:0000000D","RequestPath":"/_blazor","ConnectionId":"0HNGC679GARID","Application":"MiniJira"}
2025-10-15 23:28:53.222 +02:00 [INF] Retrieving task with ID "b93754f7-233b-40fd-9bb2-5b5cf6cfb246" {"SourceContext":"MiniJira.Services.TaskService","TransportConnectionId":"o5Ra2ePxzl8us15xBS7fVA","RequestId":"0HNGC679GARID:0000000D","RequestPath":"/_blazor","ConnectionId":"0HNGC679GARID","Application":"MiniJira"}
2025-10-15 23:28:53.263 +02:00 [INF] Retrieving all columns for culture en-US {"SourceContext":"MiniJira.Services.ColumnService","TransportConnectionId":"o5Ra2ePxzl8us15xBS7fVA","RequestId":"0HNGC679GARID:0000000D","RequestPath":"/_blazor","ConnectionId":"0HNGC679GARID","Application":"MiniJira"}
2025-10-15 23:28:53.277 +02:00 [INF] Retrieving distinct customer names {"SourceContext":"MiniJira.Services.TaskService","TransportConnectionId":"o5Ra2ePxzl8us15xBS7fVA","RequestId":"0HNGC679GARID:0000000D","RequestPath":"/_blazor","ConnectionId":"0HNGC679GARID","Application":"MiniJira"}
2025-10-15 23:28:53.477 +02:00 [WRN] Compiling a query which loads related collections for more than one collection navigation, either via 'Include' or through projection, but no 'QuerySplittingBehavior' has been configured. By default, Entity Framework will use 'QuerySplittingBehavior.SingleQuery', which can potentially result in slow query performance. See https://go.microsoft.com/fwlink/?linkid=2134277 for more information. To identify the query that's triggering this warning call 'ConfigureWarnings(w => w.Throw(RelationalEventId.MultipleCollectionIncludeWarning))'. {"EventId":{"Id":20504,"Name":"Microsoft.EntityFrameworkCore.Query.MultipleCollectionIncludeWarning"},"SourceContext":"Microsoft.EntityFrameworkCore.Query","TransportConnectionId":"o5Ra2ePxzl8us15xBS7fVA","RequestId":"0HNGC679GARID:0000000D","RequestPath":"/_blazor","ConnectionId":"0HNGC679GARID","Application":"MiniJira"}
2025-10-15 23:28:53.610 +02:00 [INF] Retrieving owner history for task "b93754f7-233b-40fd-9bb2-5b5cf6cfb246" {"SourceContext":"MiniJira.Services.TaskService","TransportConnectionId":"o5Ra2ePxzl8us15xBS7fVA","RequestId":"0HNGC679GARID:0000000D","RequestPath":"/_blazor","ConnectionId":"0HNGC679GARID","Application":"MiniJira"}
2025-10-15 23:28:53.631 +02:00 [INF] Retrieving owner history for task "b93754f7-233b-40fd-9bb2-5b5cf6cfb246" {"SourceContext":"MiniJira.Services.TaskService","TransportConnectionId":"o5Ra2ePxzl8us15xBS7fVA","RequestId":"0HNGC679GARID:0000000D","RequestPath":"/_blazor","ConnectionId":"0HNGC679GARID","Application":"MiniJira"}
2025-10-15 23:28:59.937 +02:00 [WRN] Unable to contact VS to retrieve Browser Link script tag. {"EventId":{"Id":5,"Name":"FailedToGetBrowserLinkScriptTag"},"SourceContext":"Microsoft.WebTools.BrowserLink.Net.BrowserLinkMiddleware","RequestId":"0HNGC679GARID:0000000F","RequestPath":"/task/b93754f7-233b-40fd-9bb2-5b5cf6cfb246","ConnectionId":"0HNGC679GARID","Application":"MiniJira"}
2025-10-15 23:29:00.101 +02:00 [INF] Retrieving task with ID "b93754f7-233b-40fd-9bb2-5b5cf6cfb246" {"SourceContext":"MiniJira.Services.TaskService","ActionId":"3a6230c9-2792-466d-8bbc-4e50e64d8a10","ActionName":"/_Host","RequestId":"0HNGC679GARID:0000000F","RequestPath":"/task/b93754f7-233b-40fd-9bb2-5b5cf6cfb246","ConnectionId":"0HNGC679GARID","Application":"MiniJira"}
2025-10-15 23:29:00.109 +02:00 [INF] Retrieving all columns for culture en-US {"SourceContext":"MiniJira.Services.ColumnService","ActionId":"3a6230c9-2792-466d-8bbc-4e50e64d8a10","ActionName":"/_Host","RequestId":"0HNGC679GARID:0000000F","RequestPath":"/task/b93754f7-233b-40fd-9bb2-5b5cf6cfb246","ConnectionId":"0HNGC679GARID","Application":"MiniJira"}
2025-10-15 23:29:00.118 +02:00 [INF] Retrieving distinct customer names {"SourceContext":"MiniJira.Services.TaskService","ActionId":"3a6230c9-2792-466d-8bbc-4e50e64d8a10","ActionName":"/_Host","RequestId":"0HNGC679GARID:0000000F","RequestPath":"/task/b93754f7-233b-40fd-9bb2-5b5cf6cfb246","ConnectionId":"0HNGC679GARID","Application":"MiniJira"}
2025-10-15 23:29:00.129 +02:00 [INF] Retrieving owner history for task "b93754f7-233b-40fd-9bb2-5b5cf6cfb246" {"SourceContext":"MiniJira.Services.TaskService","ActionId":"3a6230c9-2792-466d-8bbc-4e50e64d8a10","ActionName":"/_Host","RequestId":"0HNGC679GARID:0000000F","RequestPath":"/task/b93754f7-233b-40fd-9bb2-5b5cf6cfb246","ConnectionId":"0HNGC679GARID","Application":"MiniJira"}
2025-10-15 23:29:00.138 +02:00 [INF] Retrieving owner history for task "b93754f7-233b-40fd-9bb2-5b5cf6cfb246" {"SourceContext":"MiniJira.Services.TaskService","ActionId":"3a6230c9-2792-466d-8bbc-4e50e64d8a10","ActionName":"/_Host","RequestId":"0HNGC679GARID:0000000F","RequestPath":"/task/b93754f7-233b-40fd-9bb2-5b5cf6cfb246","ConnectionId":"0HNGC679GARID","Application":"MiniJira"}
2025-10-15 23:29:00.556 +02:00 [WRN] Unhandled exception rendering component: JavaScript interop calls cannot be issued at this time. This is because the circuit has disconnected and is being disposed. {"EventId":{"Id":100,"Name":"ExceptionRenderingComponent"},"SourceContext":"Microsoft.AspNetCore.Components.Server.Circuits.RemoteRenderer","RequestId":"0HNGC679GARID:00000011","RequestPath":"/_blazor/disconnect","ConnectionId":"0HNGC679GARID","Application":"MiniJira"}
Microsoft.JSInterop.JSDisconnectedException: JavaScript interop calls cannot be issued at this time. This is because the circuit has disconnected and is being disposed.
   at Microsoft.AspNetCore.Components.Server.Circuits.RemoteJSRuntime.BeginInvokeJS(Int64 asyncHandle, String identifier, String argsJson, JSCallResultType resultType, Int64 targetInstanceId)
   at Microsoft.JSInterop.JSRuntime.InvokeAsync[TValue](Int64 targetInstanceId, String identifier, CancellationToken cancellationToken, Object[] args)
   at Microsoft.JSInterop.JSRuntime.InvokeAsync[TValue](Int64 targetInstanceId, String identifier, Object[] args)
   at Microsoft.JSInterop.JSRuntimeExtensions.InvokeVoidAsync(IJSRuntime jsRuntime, String identifier, Object[] args)
   at Microsoft.JSInterop.Implementation.JSObjectReference.DisposeAsync()
   at MiniJira.Shared.MainLayout.DisposeAsync() in D:\KimiAi\MiniJira\MiniJira\MiniJira\Shared\MainLayout.razor.cs:line 77
   at Microsoft.AspNetCore.Components.RenderTree.Renderer.<>c__DisplayClass85_0.<<Dispose>g__HandleAsyncExceptions|1>d.MoveNext()
2025-10-15 23:29:00.579 +02:00 [INF] Retrieving task with ID "b93754f7-233b-40fd-9bb2-5b5cf6cfb246" {"SourceContext":"MiniJira.Services.TaskService","TransportConnectionId":"6XBhW5iXQgTbFtM2YHlNCg","RequestId":"0HNGC679GARID:00000029","RequestPath":"/_blazor","ConnectionId":"0HNGC679GARID","Application":"MiniJira"}
2025-10-15 23:29:00.586 +02:00 [INF] Retrieving all columns for culture en-US {"SourceContext":"MiniJira.Services.ColumnService","TransportConnectionId":"6XBhW5iXQgTbFtM2YHlNCg","RequestId":"0HNGC679GARID:00000029","RequestPath":"/_blazor","ConnectionId":"0HNGC679GARID","Application":"MiniJira"}
2025-10-15 23:29:00.586 +02:00 [ERR] Unhandled exception in circuit 'cAHpl7MccKEDKT-6L7ZUOP4R_OlgSH9SrrVESNWTmog'. {"EventId":{"Id":111,"Name":"CircuitUnhandledException"},"SourceContext":"Microsoft.AspNetCore.Components.Server.Circuits.CircuitHost","RequestId":"0HNGC679GARID:00000011","RequestPath":"/_blazor/disconnect","ConnectionId":"0HNGC679GARID","Application":"MiniJira"}
Microsoft.JSInterop.JSDisconnectedException: JavaScript interop calls cannot be issued at this time. This is because the circuit has disconnected and is being disposed.
   at Microsoft.AspNetCore.Components.Server.Circuits.RemoteJSRuntime.BeginInvokeJS(Int64 asyncHandle, String identifier, String argsJson, JSCallResultType resultType, Int64 targetInstanceId)
   at Microsoft.JSInterop.JSRuntime.InvokeAsync[TValue](Int64 targetInstanceId, String identifier, CancellationToken cancellationToken, Object[] args)
   at Microsoft.JSInterop.JSRuntime.InvokeAsync[TValue](Int64 targetInstanceId, String identifier, Object[] args)
   at Microsoft.JSInterop.JSRuntimeExtensions.InvokeVoidAsync(IJSRuntime jsRuntime, String identifier, Object[] args)
   at Microsoft.JSInterop.Implementation.JSObjectReference.DisposeAsync()
   at MiniJira.Shared.MainLayout.DisposeAsync() in D:\KimiAi\MiniJira\MiniJira\MiniJira\Shared\MainLayout.razor.cs:line 77
   at Microsoft.AspNetCore.Components.RenderTree.Renderer.<>c__DisplayClass85_0.<<Dispose>g__HandleAsyncExceptions|1>d.MoveNext()
2025-10-15 23:29:00.593 +02:00 [INF] Retrieving distinct customer names {"SourceContext":"MiniJira.Services.TaskService","TransportConnectionId":"6XBhW5iXQgTbFtM2YHlNCg","RequestId":"0HNGC679GARID:00000029","RequestPath":"/_blazor","ConnectionId":"0HNGC679GARID","Application":"MiniJira"}
2025-10-15 23:29:00.609 +02:00 [INF] Retrieving owner history for task "b93754f7-233b-40fd-9bb2-5b5cf6cfb246" {"SourceContext":"MiniJira.Services.TaskService","TransportConnectionId":"6XBhW5iXQgTbFtM2YHlNCg","RequestId":"0HNGC679GARID:00000029","RequestPath":"/_blazor","ConnectionId":"0HNGC679GARID","Application":"MiniJira"}
2025-10-15 23:29:00.615 +02:00 [INF] Retrieving owner history for task "b93754f7-233b-40fd-9bb2-5b5cf6cfb246" {"SourceContext":"MiniJira.Services.TaskService","TransportConnectionId":"6XBhW5iXQgTbFtM2YHlNCg","RequestId":"0HNGC679GARID:00000029","RequestPath":"/_blazor","ConnectionId":"0HNGC679GARID","Application":"MiniJira"}
2025-10-15 23:29:09.024 +02:00 [WRN] Unhandled exception rendering component: JavaScript interop calls cannot be issued at this time. This is because the circuit has disconnected and is being disposed. {"EventId":{"Id":100,"Name":"ExceptionRenderingComponent"},"SourceContext":"Microsoft.AspNetCore.Components.Server.Circuits.RemoteRenderer","RequestId":"0HNGC679GARID:0000002B","RequestPath":"/_blazor/disconnect","ConnectionId":"0HNGC679GARID","Application":"MiniJira"}
Microsoft.JSInterop.JSDisconnectedException: JavaScript interop calls cannot be issued at this time. This is because the circuit has disconnected and is being disposed.
   at Microsoft.AspNetCore.Components.Server.Circuits.RemoteJSRuntime.BeginInvokeJS(Int64 asyncHandle, String identifier, String argsJson, JSCallResultType resultType, Int64 targetInstanceId)
   at Microsoft.JSInterop.JSRuntime.InvokeAsync[TValue](Int64 targetInstanceId, String identifier, CancellationToken cancellationToken, Object[] args)
   at Microsoft.JSInterop.JSRuntime.InvokeAsync[TValue](Int64 targetInstanceId, String identifier, Object[] args)
   at Microsoft.JSInterop.JSRuntimeExtensions.InvokeVoidAsync(IJSRuntime jsRuntime, String identifier, Object[] args)
   at Microsoft.JSInterop.Implementation.JSObjectReference.DisposeAsync()
   at MiniJira.Shared.MainLayout.DisposeAsync() in D:\KimiAi\MiniJira\MiniJira\MiniJira\Shared\MainLayout.razor.cs:line 77
   at Microsoft.AspNetCore.Components.RenderTree.Renderer.<>c__DisplayClass85_0.<<Dispose>g__HandleAsyncExceptions|1>d.MoveNext()
2025-10-15 23:29:09.034 +02:00 [ERR] Unhandled exception in circuit 'JAM2UWbJwh2ixe0B7bak5Cms_eyRMeulMuO7qg_t5sc'. {"EventId":{"Id":111,"Name":"CircuitUnhandledException"},"SourceContext":"Microsoft.AspNetCore.Components.Server.Circuits.CircuitHost","RequestId":"0HNGC679GARID:0000002B","RequestPath":"/_blazor/disconnect","ConnectionId":"0HNGC679GARID","Application":"MiniJira"}
Microsoft.JSInterop.JSDisconnectedException: JavaScript interop calls cannot be issued at this time. This is because the circuit has disconnected and is being disposed.
   at Microsoft.AspNetCore.Components.Server.Circuits.RemoteJSRuntime.BeginInvokeJS(Int64 asyncHandle, String identifier, String argsJson, JSCallResultType resultType, Int64 targetInstanceId)
   at Microsoft.JSInterop.JSRuntime.InvokeAsync[TValue](Int64 targetInstanceId, String identifier, CancellationToken cancellationToken, Object[] args)
   at Microsoft.JSInterop.JSRuntime.InvokeAsync[TValue](Int64 targetInstanceId, String identifier, Object[] args)
   at Microsoft.JSInterop.JSRuntimeExtensions.InvokeVoidAsync(IJSRuntime jsRuntime, String identifier, Object[] args)
   at Microsoft.JSInterop.Implementation.JSObjectReference.DisposeAsync()
   at MiniJira.Shared.MainLayout.DisposeAsync() in D:\KimiAi\MiniJira\MiniJira\MiniJira\Shared\MainLayout.razor.cs:line 77
   at Microsoft.AspNetCore.Components.RenderTree.Renderer.<>c__DisplayClass85_0.<<Dispose>g__HandleAsyncExceptions|1>d.MoveNext()
2025-10-15 23:29:41.665 +02:00 [INF] Applying database migrations... {"SourceContext":"Program","Application":"MiniJira"}
2025-10-15 23:29:42.267 +02:00 [WRN] The 'TaskPriority' property 'Priority' on entity type 'Task' is configured with a database-generated default, but has no configured sentinel value. The database-generated default will always be used for inserts when the property has the value 'Low', since this is the CLR default for the 'TaskPriority' type. Consider using a nullable type, using a nullable backing field, or setting the sentinel value for the property to ensure the database default is used when, and only when, appropriate. See https://aka.ms/efcore-docs-default-values for more information. {"EventId":{"Id":20601,"Name":"Microsoft.EntityFrameworkCore.Model.Validation.BoolWithDefaultWarning"},"SourceContext":"Microsoft.EntityFrameworkCore.Model.Validation","Application":"MiniJira"}
2025-10-15 23:29:42.480 +02:00 [INF] Acquiring an exclusive lock for migration application. See https://aka.ms/efcore-docs-migrations-lock for more information if this takes too long. {"EventId":{"Id":20411,"Name":"Microsoft.EntityFrameworkCore.Migrations.AcquiringMigrationLock"},"SourceContext":"Microsoft.EntityFrameworkCore.Migrations","Application":"MiniJira"}
2025-10-15 23:29:42.578 +02:00 [INF] No migrations were applied. The database is already up to date. {"EventId":{"Id":20405,"Name":"Microsoft.EntityFrameworkCore.Migrations.MigrationsNotApplied"},"SourceContext":"Microsoft.EntityFrameworkCore.Migrations","Application":"MiniJira"}
2025-10-15 23:29:42.590 +02:00 [INF] Database migrations applied successfully {"SourceContext":"Program","Application":"MiniJira"}
2025-10-15 23:29:43.055 +02:00 [INF] Now listening on: https://localhost:7105 {"EventId":{"Id":14,"Name":"ListeningOnAddress"},"SourceContext":"Microsoft.Hosting.Lifetime","Application":"MiniJira"}
2025-10-15 23:29:43.063 +02:00 [INF] Now listening on: http://localhost:5194 {"EventId":{"Id":14,"Name":"ListeningOnAddress"},"SourceContext":"Microsoft.Hosting.Lifetime","Application":"MiniJira"}
2025-10-15 23:29:43.144 +02:00 [INF] Application started. Press Ctrl+C to shut down. {"SourceContext":"Microsoft.Hosting.Lifetime","Application":"MiniJira"}
2025-10-15 23:29:43.149 +02:00 [INF] Hosting environment: Development {"SourceContext":"Microsoft.Hosting.Lifetime","Application":"MiniJira"}
2025-10-15 23:29:43.152 +02:00 [INF] Content root path: D:\KimiAi\MiniJira\MiniJira\MiniJira {"SourceContext":"Microsoft.Hosting.Lifetime","Application":"MiniJira"}
2025-10-15 23:29:44.182 +02:00 [WRN] Unable to contact VS to retrieve Browser Link script tag. {"EventId":{"Id":5,"Name":"FailedToGetBrowserLinkScriptTag"},"SourceContext":"Microsoft.WebTools.BrowserLink.Net.BrowserLinkMiddleware","RequestId":"0HNGC67QCMUKP:00000001","RequestPath":"/","ConnectionId":"0HNGC67QCMUKP","Application":"MiniJira"}
2025-10-15 23:30:40.001 +02:00 [INF] Retrieving all columns for culture en-US {"SourceContext":"MiniJira.Services.ColumnService","TransportConnectionId":"XnWmoKEbqL-K4yuFV52bNg","RequestId":"0HNGC67QCMUKP:0000000B","RequestPath":"/_blazor","ConnectionId":"0HNGC67QCMUKP","Application":"MiniJira"}
2025-10-15 23:30:40.365 +02:00 [WRN] Compiling a query which loads related collections for more than one collection navigation, either via 'Include' or through projection, but no 'QuerySplittingBehavior' has been configured. By default, Entity Framework will use 'QuerySplittingBehavior.SingleQuery', which can potentially result in slow query performance. See https://go.microsoft.com/fwlink/?linkid=2134277 for more information. To identify the query that's triggering this warning call 'ConfigureWarnings(w => w.Throw(RelationalEventId.MultipleCollectionIncludeWarning))'. {"EventId":{"Id":20504,"Name":"Microsoft.EntityFrameworkCore.Query.MultipleCollectionIncludeWarning"},"SourceContext":"Microsoft.EntityFrameworkCore.Query","TransportConnectionId":"XnWmoKEbqL-K4yuFV52bNg","RequestId":"0HNGC67QCMUKP:0000000B","RequestPath":"/_blazor","ConnectionId":"0HNGC67QCMUKP","Application":"MiniJira"}
2025-10-15 23:30:40.474 +02:00 [INF] Retrieving all tasks {"SourceContext":"MiniJira.Services.TaskService","TransportConnectionId":"XnWmoKEbqL-K4yuFV52bNg","RequestId":"0HNGC67QCMUKP:0000000B","RequestPath":"/_blazor","ConnectionId":"0HNGC67QCMUKP","Application":"MiniJira"}
2025-10-15 23:30:44.054 +02:00 [WRN] Unable to contact VS to retrieve Browser Link script tag. {"EventId":{"Id":5,"Name":"FailedToGetBrowserLinkScriptTag"},"SourceContext":"Microsoft.WebTools.BrowserLink.Net.BrowserLinkMiddleware","RequestId":"0HNGC67QCMUKP:0000000D","RequestPath":"/board","ConnectionId":"0HNGC67QCMUKP","Application":"MiniJira"}
2025-10-15 23:30:44.228 +02:00 [INF] Retrieving all columns for culture en-US {"SourceContext":"MiniJira.Services.ColumnService","ActionId":"47d2e22c-0de6-4b7f-8a41-3482f3c7bd6d","ActionName":"/_Host","RequestId":"0HNGC67QCMUKP:0000000D","RequestPath":"/board","ConnectionId":"0HNGC67QCMUKP","Application":"MiniJira"}
2025-10-15 23:30:44.283 +02:00 [INF] Retrieving all tasks {"SourceContext":"MiniJira.Services.TaskService","ActionId":"47d2e22c-0de6-4b7f-8a41-3482f3c7bd6d","ActionName":"/_Host","RequestId":"0HNGC67QCMUKP:0000000D","RequestPath":"/board","ConnectionId":"0HNGC67QCMUKP","Application":"MiniJira"}
2025-10-15 23:30:44.729 +02:00 [WRN] Unable to contact VS to retrieve Browser Link script tag. {"EventId":{"Id":5,"Name":"FailedToGetBrowserLinkScriptTag"},"SourceContext":"Microsoft.WebTools.BrowserLink.Net.BrowserLinkMiddleware","RequestId":"0HNGC67QCMUKP:0000000F","RequestPath":"/","ConnectionId":"0HNGC67QCMUKP","Application":"MiniJira"}
2025-10-15 23:30:45.540 +02:00 [WRN] Unhandled exception rendering component: JavaScript interop calls cannot be issued at this time. This is because the circuit has disconnected and is being disposed. {"EventId":{"Id":100,"Name":"ExceptionRenderingComponent"},"SourceContext":"Microsoft.AspNetCore.Components.Server.Circuits.RemoteRenderer","RequestId":"0HNGC67QCMUKP:00000011","RequestPath":"/_blazor/disconnect","ConnectionId":"0HNGC67QCMUKP","Application":"MiniJira"}
Microsoft.JSInterop.JSDisconnectedException: JavaScript interop calls cannot be issued at this time. This is because the circuit has disconnected and is being disposed.
   at Microsoft.AspNetCore.Components.Server.Circuits.RemoteJSRuntime.BeginInvokeJS(Int64 asyncHandle, String identifier, String argsJson, JSCallResultType resultType, Int64 targetInstanceId)
   at Microsoft.JSInterop.JSRuntime.InvokeAsync[TValue](Int64 targetInstanceId, String identifier, CancellationToken cancellationToken, Object[] args)
   at Microsoft.JSInterop.JSRuntime.InvokeAsync[TValue](Int64 targetInstanceId, String identifier, Object[] args)
   at Microsoft.JSInterop.JSRuntimeExtensions.InvokeVoidAsync(IJSRuntime jsRuntime, String identifier, Object[] args)
   at Microsoft.JSInterop.Implementation.JSObjectReference.DisposeAsync()
   at MiniJira.Shared.MainLayout.DisposeAsync() in D:\KimiAi\MiniJira\MiniJira\MiniJira\Shared\MainLayout.razor.cs:line 77
   at Microsoft.AspNetCore.Components.RenderTree.Renderer.<>c__DisplayClass85_0.<<Dispose>g__HandleAsyncExceptions|1>d.MoveNext()
2025-10-15 23:30:45.573 +02:00 [WRN] Unhandled exception rendering component: JavaScript interop calls cannot be issued at this time. This is because the circuit has disconnected and is being disposed. {"EventId":{"Id":100,"Name":"ExceptionRenderingComponent"},"SourceContext":"Microsoft.AspNetCore.Components.Server.Circuits.RemoteRenderer","RequestId":"0HNGC67QCMUKP:00000011","RequestPath":"/_blazor/disconnect","ConnectionId":"0HNGC67QCMUKP","Application":"MiniJira"}
Microsoft.JSInterop.JSDisconnectedException: JavaScript interop calls cannot be issued at this time. This is because the circuit has disconnected and is being disposed.
   at Microsoft.AspNetCore.Components.Server.Circuits.RemoteJSRuntime.BeginInvokeJS(Int64 asyncHandle, String identifier, String argsJson, JSCallResultType resultType, Int64 targetInstanceId)
   at Microsoft.JSInterop.JSRuntime.InvokeAsync[TValue](Int64 targetInstanceId, String identifier, CancellationToken cancellationToken, Object[] args)
   at Microsoft.JSInterop.JSRuntime.InvokeAsync[TValue](Int64 targetInstanceId, String identifier, Object[] args)
   at Microsoft.JSInterop.JSRuntimeExtensions.InvokeVoidAsync(IJSRuntime jsRuntime, String identifier, Object[] args)
   at MiniJira.Components.Pages.Index.DisposeAsync() in D:\KimiAi\MiniJira\MiniJira\MiniJira\Components\Pages\Index.razor.cs:line 279
   at Microsoft.AspNetCore.Components.RenderTree.Renderer.<>c__DisplayClass85_0.<<Dispose>g__HandleAsyncExceptions|1>d.MoveNext()
2025-10-15 23:30:45.589 +02:00 [ERR] Unhandled exception in circuit '4ZXovoBfaO2ExnJH0t4tjf48jxAgCK8Eu3mwuOxdYS4'. {"EventId":{"Id":111,"Name":"CircuitUnhandledException"},"SourceContext":"Microsoft.AspNetCore.Components.Server.Circuits.CircuitHost","RequestId":"0HNGC67QCMUKP:00000011","RequestPath":"/_blazor/disconnect","ConnectionId":"0HNGC67QCMUKP","Application":"MiniJira"}
System.AggregateException: Exceptions were encountered while disposing components. (JavaScript interop calls cannot be issued at this time. This is because the circuit has disconnected and is being disposed.) (JavaScript interop calls cannot be issued at this time. This is because the circuit has disconnected and is being disposed.)
 ---> Microsoft.JSInterop.JSDisconnectedException: JavaScript interop calls cannot be issued at this time. This is because the circuit has disconnected and is being disposed.
   at Microsoft.AspNetCore.Components.Server.Circuits.RemoteJSRuntime.BeginInvokeJS(Int64 asyncHandle, String identifier, String argsJson, JSCallResultType resultType, Int64 targetInstanceId)
   at Microsoft.JSInterop.JSRuntime.InvokeAsync[TValue](Int64 targetInstanceId, String identifier, CancellationToken cancellationToken, Object[] args)
   at Microsoft.JSInterop.JSRuntime.InvokeAsync[TValue](Int64 targetInstanceId, String identifier, Object[] args)
   at Microsoft.JSInterop.JSRuntimeExtensions.InvokeVoidAsync(IJSRuntime jsRuntime, String identifier, Object[] args)
   at Microsoft.JSInterop.Implementation.JSObjectReference.DisposeAsync()
   at MiniJira.Shared.MainLayout.DisposeAsync() in D:\KimiAi\MiniJira\MiniJira\MiniJira\Shared\MainLayout.razor.cs:line 77
   at Microsoft.AspNetCore.Components.RenderTree.Renderer.<>c__DisplayClass85_0.<<Dispose>g__HandleAsyncExceptions|1>d.MoveNext()
   --- End of inner exception stack trace ---
 ---> (Inner Exception #1) Microsoft.JSInterop.JSDisconnectedException: JavaScript interop calls cannot be issued at this time. This is because the circuit has disconnected and is being disposed.
   at Microsoft.AspNetCore.Components.Server.Circuits.RemoteJSRuntime.BeginInvokeJS(Int64 asyncHandle, String identifier, String argsJson, JSCallResultType resultType, Int64 targetInstanceId)
   at Microsoft.JSInterop.JSRuntime.InvokeAsync[TValue](Int64 targetInstanceId, String identifier, CancellationToken cancellationToken, Object[] args)
   at Microsoft.JSInterop.JSRuntime.InvokeAsync[TValue](Int64 targetInstanceId, String identifier, Object[] args)
   at Microsoft.JSInterop.JSRuntimeExtensions.InvokeVoidAsync(IJSRuntime jsRuntime, String identifier, Object[] args)
   at MiniJira.Components.Pages.Index.DisposeAsync() in D:\KimiAi\MiniJira\MiniJira\MiniJira\Components\Pages\Index.razor.cs:line 279
   at Microsoft.AspNetCore.Components.RenderTree.Renderer.<>c__DisplayClass85_0.<<Dispose>g__HandleAsyncExceptions|1>d.MoveNext()<---

2025-10-15 23:30:46.425 +02:00 [INF] Retrieving all columns for culture en-US {"SourceContext":"MiniJira.Services.ColumnService","TransportConnectionId":"yYSO73hGUv6wo3dslI3NJw","RequestId":"0HNGC67QCMUKP:00000027","RequestPath":"/_blazor","ConnectionId":"0HNGC67QCMUKP","Application":"MiniJira"}
2025-10-15 23:30:46.434 +02:00 [INF] Retrieving all tasks {"SourceContext":"MiniJira.Services.TaskService","TransportConnectionId":"yYSO73hGUv6wo3dslI3NJw","RequestId":"0HNGC67QCMUKP:00000027","RequestPath":"/_blazor","ConnectionId":"0HNGC67QCMUKP","Application":"MiniJira"}
2025-10-15 23:30:47.524 +02:00 [INF] Retrieving task with ID "b93754f7-233b-40fd-9bb2-5b5cf6cfb246" {"SourceContext":"MiniJira.Services.TaskService","TransportConnectionId":"yYSO73hGUv6wo3dslI3NJw","RequestId":"0HNGC67QCMUKP:00000027","RequestPath":"/_blazor","ConnectionId":"0HNGC67QCMUKP","Application":"MiniJira"}
2025-10-15 23:30:47.572 +02:00 [INF] Retrieving all columns for culture en-US {"SourceContext":"MiniJira.Services.ColumnService","TransportConnectionId":"yYSO73hGUv6wo3dslI3NJw","RequestId":"0HNGC67QCMUKP:00000027","RequestPath":"/_blazor","ConnectionId":"0HNGC67QCMUKP","Application":"MiniJira"}
2025-10-15 23:30:47.584 +02:00 [INF] Retrieving distinct customer names {"SourceContext":"MiniJira.Services.TaskService","TransportConnectionId":"yYSO73hGUv6wo3dslI3NJw","RequestId":"0HNGC67QCMUKP:00000027","RequestPath":"/_blazor","ConnectionId":"0HNGC67QCMUKP","Application":"MiniJira"}
2025-10-15 23:30:47.725 +02:00 [WRN] Compiling a query which loads related collections for more than one collection navigation, either via 'Include' or through projection, but no 'QuerySplittingBehavior' has been configured. By default, Entity Framework will use 'QuerySplittingBehavior.SingleQuery', which can potentially result in slow query performance. See https://go.microsoft.com/fwlink/?linkid=2134277 for more information. To identify the query that's triggering this warning call 'ConfigureWarnings(w => w.Throw(RelationalEventId.MultipleCollectionIncludeWarning))'. {"EventId":{"Id":20504,"Name":"Microsoft.EntityFrameworkCore.Query.MultipleCollectionIncludeWarning"},"SourceContext":"Microsoft.EntityFrameworkCore.Query","TransportConnectionId":"yYSO73hGUv6wo3dslI3NJw","RequestId":"0HNGC67QCMUKP:00000027","RequestPath":"/_blazor","ConnectionId":"0HNGC67QCMUKP","Application":"MiniJira"}
2025-10-15 23:30:47.915 +02:00 [INF] Retrieving owner history for task "b93754f7-233b-40fd-9bb2-5b5cf6cfb246" {"SourceContext":"MiniJira.Services.TaskService","TransportConnectionId":"yYSO73hGUv6wo3dslI3NJw","RequestId":"0HNGC67QCMUKP:00000027","RequestPath":"/_blazor","ConnectionId":"0HNGC67QCMUKP","Application":"MiniJira"}
2025-10-15 23:30:47.933 +02:00 [INF] Retrieving owner history for task "b93754f7-233b-40fd-9bb2-5b5cf6cfb246" {"SourceContext":"MiniJira.Services.TaskService","TransportConnectionId":"yYSO73hGUv6wo3dslI3NJw","RequestId":"0HNGC67QCMUKP:00000027","RequestPath":"/_blazor","ConnectionId":"0HNGC67QCMUKP","Application":"MiniJira"}
2025-10-15 23:30:53.429 +02:00 [WRN] Unable to contact VS to retrieve Browser Link script tag. {"EventId":{"Id":5,"Name":"FailedToGetBrowserLinkScriptTag"},"SourceContext":"Microsoft.WebTools.BrowserLink.Net.BrowserLinkMiddleware","RequestId":"0HNGC67QCMUKP:00000029","RequestPath":"/task/b93754f7-233b-40fd-9bb2-5b5cf6cfb246","ConnectionId":"0HNGC67QCMUKP","Application":"MiniJira"}
2025-10-15 23:30:53.607 +02:00 [INF] Retrieving task with ID "b93754f7-233b-40fd-9bb2-5b5cf6cfb246" {"SourceContext":"MiniJira.Services.TaskService","ActionId":"47d2e22c-0de6-4b7f-8a41-3482f3c7bd6d","ActionName":"/_Host","RequestId":"0HNGC67QCMUKP:00000029","RequestPath":"/task/b93754f7-233b-40fd-9bb2-5b5cf6cfb246","ConnectionId":"0HNGC67QCMUKP","Application":"MiniJira"}
2025-10-15 23:30:53.617 +02:00 [INF] Retrieving all columns for culture en-US {"SourceContext":"MiniJira.Services.ColumnService","ActionId":"47d2e22c-0de6-4b7f-8a41-3482f3c7bd6d","ActionName":"/_Host","RequestId":"0HNGC67QCMUKP:00000029","RequestPath":"/task/b93754f7-233b-40fd-9bb2-5b5cf6cfb246","ConnectionId":"0HNGC67QCMUKP","Application":"MiniJira"}
2025-10-15 23:30:53.626 +02:00 [INF] Retrieving distinct customer names {"SourceContext":"MiniJira.Services.TaskService","ActionId":"47d2e22c-0de6-4b7f-8a41-3482f3c7bd6d","ActionName":"/_Host","RequestId":"0HNGC67QCMUKP:00000029","RequestPath":"/task/b93754f7-233b-40fd-9bb2-5b5cf6cfb246","ConnectionId":"0HNGC67QCMUKP","Application":"MiniJira"}
2025-10-15 23:30:53.639 +02:00 [INF] Retrieving owner history for task "b93754f7-233b-40fd-9bb2-5b5cf6cfb246" {"SourceContext":"MiniJira.Services.TaskService","ActionId":"47d2e22c-0de6-4b7f-8a41-3482f3c7bd6d","ActionName":"/_Host","RequestId":"0HNGC67QCMUKP:00000029","RequestPath":"/task/b93754f7-233b-40fd-9bb2-5b5cf6cfb246","ConnectionId":"0HNGC67QCMUKP","Application":"MiniJira"}
2025-10-15 23:30:53.647 +02:00 [INF] Retrieving owner history for task "b93754f7-233b-40fd-9bb2-5b5cf6cfb246" {"SourceContext":"MiniJira.Services.TaskService","ActionId":"47d2e22c-0de6-4b7f-8a41-3482f3c7bd6d","ActionName":"/_Host","RequestId":"0HNGC67QCMUKP:00000029","RequestPath":"/task/b93754f7-233b-40fd-9bb2-5b5cf6cfb246","ConnectionId":"0HNGC67QCMUKP","Application":"MiniJira"}
2025-10-15 23:30:53.946 +02:00 [WRN] Unhandled exception rendering component: JavaScript interop calls cannot be issued at this time. This is because the circuit has disconnected and is being disposed. {"EventId":{"Id":100,"Name":"ExceptionRenderingComponent"},"SourceContext":"Microsoft.AspNetCore.Components.Server.Circuits.RemoteRenderer","RequestId":"0HNGC67QCMUKP:0000002B","RequestPath":"/_blazor/disconnect","ConnectionId":"0HNGC67QCMUKP","Application":"MiniJira"}
Microsoft.JSInterop.JSDisconnectedException: JavaScript interop calls cannot be issued at this time. This is because the circuit has disconnected and is being disposed.
   at Microsoft.AspNetCore.Components.Server.Circuits.RemoteJSRuntime.BeginInvokeJS(Int64 asyncHandle, String identifier, String argsJson, JSCallResultType resultType, Int64 targetInstanceId)
   at Microsoft.JSInterop.JSRuntime.InvokeAsync[TValue](Int64 targetInstanceId, String identifier, CancellationToken cancellationToken, Object[] args)
   at Microsoft.JSInterop.JSRuntime.InvokeAsync[TValue](Int64 targetInstanceId, String identifier, Object[] args)
   at Microsoft.JSInterop.JSRuntimeExtensions.InvokeVoidAsync(IJSRuntime jsRuntime, String identifier, Object[] args)
   at Microsoft.JSInterop.Implementation.JSObjectReference.DisposeAsync()
   at MiniJira.Shared.MainLayout.DisposeAsync() in D:\KimiAi\MiniJira\MiniJira\MiniJira\Shared\MainLayout.razor.cs:line 77
   at Microsoft.AspNetCore.Components.RenderTree.Renderer.<>c__DisplayClass85_0.<<Dispose>g__HandleAsyncExceptions|1>d.MoveNext()
2025-10-15 23:30:53.959 +02:00 [ERR] Unhandled exception in circuit 't50a6xXk2BDHYxoZbMaFe5arQHksBAUvlYIkuGgF-O0'. {"EventId":{"Id":111,"Name":"CircuitUnhandledException"},"SourceContext":"Microsoft.AspNetCore.Components.Server.Circuits.CircuitHost","RequestId":"0HNGC67QCMUKP:0000002B","RequestPath":"/_blazor/disconnect","ConnectionId":"0HNGC67QCMUKP","Application":"MiniJira"}
Microsoft.JSInterop.JSDisconnectedException: JavaScript interop calls cannot be issued at this time. This is because the circuit has disconnected and is being disposed.
   at Microsoft.AspNetCore.Components.Server.Circuits.RemoteJSRuntime.BeginInvokeJS(Int64 asyncHandle, String identifier, String argsJson, JSCallResultType resultType, Int64 targetInstanceId)
   at Microsoft.JSInterop.JSRuntime.InvokeAsync[TValue](Int64 targetInstanceId, String identifier, CancellationToken cancellationToken, Object[] args)
   at Microsoft.JSInterop.JSRuntime.InvokeAsync[TValue](Int64 targetInstanceId, String identifier, Object[] args)
   at Microsoft.JSInterop.JSRuntimeExtensions.InvokeVoidAsync(IJSRuntime jsRuntime, String identifier, Object[] args)
   at Microsoft.JSInterop.Implementation.JSObjectReference.DisposeAsync()
   at MiniJira.Shared.MainLayout.DisposeAsync() in D:\KimiAi\MiniJira\MiniJira\MiniJira\Shared\MainLayout.razor.cs:line 77
   at Microsoft.AspNetCore.Components.RenderTree.Renderer.<>c__DisplayClass85_0.<<Dispose>g__HandleAsyncExceptions|1>d.MoveNext()
2025-10-15 23:30:54.024 +02:00 [INF] Retrieving task with ID "b93754f7-233b-40fd-9bb2-5b5cf6cfb246" {"SourceContext":"MiniJira.Services.TaskService","TransportConnectionId":"KBz8wLZftqhUX7wzN7gzqQ","RequestId":"0HNGC67QCMUKP:00000043","RequestPath":"/_blazor","ConnectionId":"0HNGC67QCMUKP","Application":"MiniJira"}
2025-10-15 23:30:54.030 +02:00 [INF] Retrieving all columns for culture en-US {"SourceContext":"MiniJira.Services.ColumnService","TransportConnectionId":"KBz8wLZftqhUX7wzN7gzqQ","RequestId":"0HNGC67QCMUKP:00000043","RequestPath":"/_blazor","ConnectionId":"0HNGC67QCMUKP","Application":"MiniJira"}
2025-10-15 23:30:54.037 +02:00 [INF] Retrieving distinct customer names {"SourceContext":"MiniJira.Services.TaskService","TransportConnectionId":"KBz8wLZftqhUX7wzN7gzqQ","RequestId":"0HNGC67QCMUKP:00000043","RequestPath":"/_blazor","ConnectionId":"0HNGC67QCMUKP","Application":"MiniJira"}
2025-10-15 23:30:54.048 +02:00 [INF] Retrieving owner history for task "b93754f7-233b-40fd-9bb2-5b5cf6cfb246" {"SourceContext":"MiniJira.Services.TaskService","TransportConnectionId":"KBz8wLZftqhUX7wzN7gzqQ","RequestId":"0HNGC67QCMUKP:00000043","RequestPath":"/_blazor","ConnectionId":"0HNGC67QCMUKP","Application":"MiniJira"}
2025-10-15 23:30:54.055 +02:00 [INF] Retrieving owner history for task "b93754f7-233b-40fd-9bb2-5b5cf6cfb246" {"SourceContext":"MiniJira.Services.TaskService","TransportConnectionId":"KBz8wLZftqhUX7wzN7gzqQ","RequestId":"0HNGC67QCMUKP:00000043","RequestPath":"/_blazor","ConnectionId":"0HNGC67QCMUKP","Application":"MiniJira"}
2025-10-15 23:30:56.551 +02:00 [WRN] Unable to contact VS to retrieve Browser Link script tag. {"EventId":{"Id":5,"Name":"FailedToGetBrowserLinkScriptTag"},"SourceContext":"Microsoft.WebTools.BrowserLink.Net.BrowserLinkMiddleware","RequestId":"0HNGC67QCMUKP:00000045","RequestPath":"/task/b93754f7-233b-40fd-9bb2-5b5cf6cfb246","ConnectionId":"0HNGC67QCMUKP","Application":"MiniJira"}
2025-10-15 23:30:56.852 +02:00 [INF] Retrieving task with ID "b93754f7-233b-40fd-9bb2-5b5cf6cfb246" {"SourceContext":"MiniJira.Services.TaskService","ActionId":"47d2e22c-0de6-4b7f-8a41-3482f3c7bd6d","ActionName":"/_Host","RequestId":"0HNGC67QCMUKP:00000045","RequestPath":"/task/b93754f7-233b-40fd-9bb2-5b5cf6cfb246","ConnectionId":"0HNGC67QCMUKP","Application":"MiniJira"}
2025-10-15 23:30:56.899 +02:00 [WRN] Unable to contact VS to retrieve Browser Link script tag. {"EventId":{"Id":5,"Name":"FailedToGetBrowserLinkScriptTag"},"SourceContext":"Microsoft.WebTools.BrowserLink.Net.BrowserLinkMiddleware","RequestId":"0HNGC67QCMUKP:00000047","RequestPath":"/task/b93754f7-233b-40fd-9bb2-5b5cf6cfb246","ConnectionId":"0HNGC67QCMUKP","Application":"MiniJira"}
2025-10-15 23:30:57.007 +02:00 [INF] Retrieving all columns for culture en-US {"SourceContext":"MiniJira.Services.ColumnService","ActionId":"47d2e22c-0de6-4b7f-8a41-3482f3c7bd6d","ActionName":"/_Host","RequestId":"0HNGC67QCMUKP:00000045","RequestPath":"/task/b93754f7-233b-40fd-9bb2-5b5cf6cfb246","ConnectionId":"0HNGC67QCMUKP","Application":"MiniJira"}
2025-10-15 23:30:57.073 +02:00 [WRN] Unable to contact VS to retrieve Browser Link script tag. {"EventId":{"Id":5,"Name":"FailedToGetBrowserLinkScriptTag"},"SourceContext":"Microsoft.WebTools.BrowserLink.Net.BrowserLinkMiddleware","RequestId":"0HNGC67QCMUKP:00000049","RequestPath":"/task/b93754f7-233b-40fd-9bb2-5b5cf6cfb246","ConnectionId":"0HNGC67QCMUKP","Application":"MiniJira"}
2025-10-15 23:30:57.220 +02:00 [INF] Retrieving task with ID "b93754f7-233b-40fd-9bb2-5b5cf6cfb246" {"SourceContext":"MiniJira.Services.TaskService","ActionId":"47d2e22c-0de6-4b7f-8a41-3482f3c7bd6d","ActionName":"/_Host","RequestId":"0HNGC67QCMUKP:00000047","RequestPath":"/task/b93754f7-233b-40fd-9bb2-5b5cf6cfb246","ConnectionId":"0HNGC67QCMUKP","Application":"MiniJira"}
2025-10-15 23:30:57.223 +02:00 [INF] Retrieving distinct customer names {"SourceContext":"MiniJira.Services.TaskService","ActionId":"47d2e22c-0de6-4b7f-8a41-3482f3c7bd6d","ActionName":"/_Host","RequestId":"0HNGC67QCMUKP:00000045","RequestPath":"/task/b93754f7-233b-40fd-9bb2-5b5cf6cfb246","ConnectionId":"0HNGC67QCMUKP","Application":"MiniJira"}
2025-10-15 23:30:57.367 +02:00 [INF] Retrieving task with ID "b93754f7-233b-40fd-9bb2-5b5cf6cfb246" {"SourceContext":"MiniJira.Services.TaskService","ActionId":"47d2e22c-0de6-4b7f-8a41-3482f3c7bd6d","ActionName":"/_Host","RequestId":"0HNGC67QCMUKP:00000049","RequestPath":"/task/b93754f7-233b-40fd-9bb2-5b5cf6cfb246","ConnectionId":"0HNGC67QCMUKP","Application":"MiniJira"}
2025-10-15 23:30:57.370 +02:00 [INF] Retrieving all columns for culture en-US {"SourceContext":"MiniJira.Services.ColumnService","ActionId":"47d2e22c-0de6-4b7f-8a41-3482f3c7bd6d","ActionName":"/_Host","RequestId":"0HNGC67QCMUKP:00000047","RequestPath":"/task/b93754f7-233b-40fd-9bb2-5b5cf6cfb246","ConnectionId":"0HNGC67QCMUKP","Application":"MiniJira"}
2025-10-15 23:30:57.380 +02:00 [INF] Retrieving owner history for task "b93754f7-233b-40fd-9bb2-5b5cf6cfb246" {"SourceContext":"MiniJira.Services.TaskService","ActionId":"47d2e22c-0de6-4b7f-8a41-3482f3c7bd6d","ActionName":"/_Host","RequestId":"0HNGC67QCMUKP:00000045","RequestPath":"/task/b93754f7-233b-40fd-9bb2-5b5cf6cfb246","ConnectionId":"0HNGC67QCMUKP","Application":"MiniJira"}
2025-10-15 23:30:57.382 +02:00 [INF] Retrieving all columns for culture en-US {"SourceContext":"MiniJira.Services.ColumnService","ActionId":"47d2e22c-0de6-4b7f-8a41-3482f3c7bd6d","ActionName":"/_Host","RequestId":"0HNGC67QCMUKP:00000049","RequestPath":"/task/b93754f7-233b-40fd-9bb2-5b5cf6cfb246","ConnectionId":"0HNGC67QCMUKP","Application":"MiniJira"}
2025-10-15 23:30:57.389 +02:00 [INF] Retrieving distinct customer names {"SourceContext":"MiniJira.Services.TaskService","ActionId":"47d2e22c-0de6-4b7f-8a41-3482f3c7bd6d","ActionName":"/_Host","RequestId":"0HNGC67QCMUKP:00000047","RequestPath":"/task/b93754f7-233b-40fd-9bb2-5b5cf6cfb246","ConnectionId":"0HNGC67QCMUKP","Application":"MiniJira"}
2025-10-15 23:30:57.394 +02:00 [INF] Retrieving owner history for task "b93754f7-233b-40fd-9bb2-5b5cf6cfb246" {"SourceContext":"MiniJira.Services.TaskService","ActionId":"47d2e22c-0de6-4b7f-8a41-3482f3c7bd6d","ActionName":"/_Host","RequestId":"0HNGC67QCMUKP:00000045","RequestPath":"/task/b93754f7-233b-40fd-9bb2-5b5cf6cfb246","ConnectionId":"0HNGC67QCMUKP","Application":"MiniJira"}
2025-10-15 23:30:57.401 +02:00 [INF] Retrieving distinct customer names {"SourceContext":"MiniJira.Services.TaskService","ActionId":"47d2e22c-0de6-4b7f-8a41-3482f3c7bd6d","ActionName":"/_Host","RequestId":"0HNGC67QCMUKP:00000049","RequestPath":"/task/b93754f7-233b-40fd-9bb2-5b5cf6cfb246","ConnectionId":"0HNGC67QCMUKP","Application":"MiniJira"}
2025-10-15 23:30:57.411 +02:00 [INF] Retrieving owner history for task "b93754f7-233b-40fd-9bb2-5b5cf6cfb246" {"SourceContext":"MiniJira.Services.TaskService","ActionId":"47d2e22c-0de6-4b7f-8a41-3482f3c7bd6d","ActionName":"/_Host","RequestId":"0HNGC67QCMUKP:00000047","RequestPath":"/task/b93754f7-233b-40fd-9bb2-5b5cf6cfb246","ConnectionId":"0HNGC67QCMUKP","Application":"MiniJira"}
2025-10-15 23:30:57.424 +02:00 [INF] Retrieving owner history for task "b93754f7-233b-40fd-9bb2-5b5cf6cfb246" {"SourceContext":"MiniJira.Services.TaskService","ActionId":"47d2e22c-0de6-4b7f-8a41-3482f3c7bd6d","ActionName":"/_Host","RequestId":"0HNGC67QCMUKP:00000049","RequestPath":"/task/b93754f7-233b-40fd-9bb2-5b5cf6cfb246","ConnectionId":"0HNGC67QCMUKP","Application":"MiniJira"}
2025-10-15 23:30:57.426 +02:00 [INF] Retrieving owner history for task "b93754f7-233b-40fd-9bb2-5b5cf6cfb246" {"SourceContext":"MiniJira.Services.TaskService","ActionId":"47d2e22c-0de6-4b7f-8a41-3482f3c7bd6d","ActionName":"/_Host","RequestId":"0HNGC67QCMUKP:00000047","RequestPath":"/task/b93754f7-233b-40fd-9bb2-5b5cf6cfb246","ConnectionId":"0HNGC67QCMUKP","Application":"MiniJira"}
2025-10-15 23:30:57.432 +02:00 [INF] Retrieving owner history for task "b93754f7-233b-40fd-9bb2-5b5cf6cfb246" {"SourceContext":"MiniJira.Services.TaskService","ActionId":"47d2e22c-0de6-4b7f-8a41-3482f3c7bd6d","ActionName":"/_Host","RequestId":"0HNGC67QCMUKP:00000049","RequestPath":"/task/b93754f7-233b-40fd-9bb2-5b5cf6cfb246","ConnectionId":"0HNGC67QCMUKP","Application":"MiniJira"}
2025-10-15 23:30:57.718 +02:00 [WRN] Unhandled exception rendering component: JavaScript interop calls cannot be issued at this time. This is because the circuit has disconnected and is being disposed. {"EventId":{"Id":100,"Name":"ExceptionRenderingComponent"},"SourceContext":"Microsoft.AspNetCore.Components.Server.Circuits.RemoteRenderer","RequestId":"0HNGC67QCMUKP:0000004B","RequestPath":"/_blazor/disconnect","ConnectionId":"0HNGC67QCMUKP","Application":"MiniJira"}
Microsoft.JSInterop.JSDisconnectedException: JavaScript interop calls cannot be issued at this time. This is because the circuit has disconnected and is being disposed.
   at Microsoft.AspNetCore.Components.Server.Circuits.RemoteJSRuntime.BeginInvokeJS(Int64 asyncHandle, String identifier, String argsJson, JSCallResultType resultType, Int64 targetInstanceId)
   at Microsoft.JSInterop.JSRuntime.InvokeAsync[TValue](Int64 targetInstanceId, String identifier, CancellationToken cancellationToken, Object[] args)
   at Microsoft.JSInterop.JSRuntime.InvokeAsync[TValue](Int64 targetInstanceId, String identifier, Object[] args)
   at Microsoft.JSInterop.JSRuntimeExtensions.InvokeVoidAsync(IJSRuntime jsRuntime, String identifier, Object[] args)
   at Microsoft.JSInterop.Implementation.JSObjectReference.DisposeAsync()
   at MiniJira.Shared.MainLayout.DisposeAsync() in D:\KimiAi\MiniJira\MiniJira\MiniJira\Shared\MainLayout.razor.cs:line 77
   at Microsoft.AspNetCore.Components.RenderTree.Renderer.<>c__DisplayClass85_0.<<Dispose>g__HandleAsyncExceptions|1>d.MoveNext()
2025-10-15 23:30:57.730 +02:00 [ERR] Unhandled exception in circuit 'HN9KmaTgQcoDRYe4V-AEmNcKJY9_y6BTSHnmE97tn9o'. {"EventId":{"Id":111,"Name":"CircuitUnhandledException"},"SourceContext":"Microsoft.AspNetCore.Components.Server.Circuits.CircuitHost","RequestId":"0HNGC67QCMUKP:0000004B","RequestPath":"/_blazor/disconnect","ConnectionId":"0HNGC67QCMUKP","Application":"MiniJira"}
Microsoft.JSInterop.JSDisconnectedException: JavaScript interop calls cannot be issued at this time. This is because the circuit has disconnected and is being disposed.
   at Microsoft.AspNetCore.Components.Server.Circuits.RemoteJSRuntime.BeginInvokeJS(Int64 asyncHandle, String identifier, String argsJson, JSCallResultType resultType, Int64 targetInstanceId)
   at Microsoft.JSInterop.JSRuntime.InvokeAsync[TValue](Int64 targetInstanceId, String identifier, CancellationToken cancellationToken, Object[] args)
   at Microsoft.JSInterop.JSRuntime.InvokeAsync[TValue](Int64 targetInstanceId, String identifier, Object[] args)
   at Microsoft.JSInterop.JSRuntimeExtensions.InvokeVoidAsync(IJSRuntime jsRuntime, String identifier, Object[] args)
   at Microsoft.JSInterop.Implementation.JSObjectReference.DisposeAsync()
   at MiniJira.Shared.MainLayout.DisposeAsync() in D:\KimiAi\MiniJira\MiniJira\MiniJira\Shared\MainLayout.razor.cs:line 77
   at Microsoft.AspNetCore.Components.RenderTree.Renderer.<>c__DisplayClass85_0.<<Dispose>g__HandleAsyncExceptions|1>d.MoveNext()
2025-10-15 23:30:57.793 +02:00 [INF] Retrieving task with ID "b93754f7-233b-40fd-9bb2-5b5cf6cfb246" {"SourceContext":"MiniJira.Services.TaskService","TransportConnectionId":"S3L5rXcVpNu3giZY5jffdA","RequestId":"0HNGC67QCMUKP:00000063","RequestPath":"/_blazor","ConnectionId":"0HNGC67QCMUKP","Application":"MiniJira"}
2025-10-15 23:30:57.800 +02:00 [INF] Retrieving all columns for culture en-US {"SourceContext":"MiniJira.Services.ColumnService","TransportConnectionId":"S3L5rXcVpNu3giZY5jffdA","RequestId":"0HNGC67QCMUKP:00000063","RequestPath":"/_blazor","ConnectionId":"0HNGC67QCMUKP","Application":"MiniJira"}
2025-10-15 23:30:57.807 +02:00 [INF] Retrieving distinct customer names {"SourceContext":"MiniJira.Services.TaskService","TransportConnectionId":"S3L5rXcVpNu3giZY5jffdA","RequestId":"0HNGC67QCMUKP:00000063","RequestPath":"/_blazor","ConnectionId":"0HNGC67QCMUKP","Application":"MiniJira"}
2025-10-15 23:30:57.816 +02:00 [INF] Retrieving owner history for task "b93754f7-233b-40fd-9bb2-5b5cf6cfb246" {"SourceContext":"MiniJira.Services.TaskService","TransportConnectionId":"S3L5rXcVpNu3giZY5jffdA","RequestId":"0HNGC67QCMUKP:00000063","RequestPath":"/_blazor","ConnectionId":"0HNGC67QCMUKP","Application":"MiniJira"}
2025-10-15 23:30:57.822 +02:00 [INF] Retrieving owner history for task "b93754f7-233b-40fd-9bb2-5b5cf6cfb246" {"SourceContext":"MiniJira.Services.TaskService","TransportConnectionId":"S3L5rXcVpNu3giZY5jffdA","RequestId":"0HNGC67QCMUKP:00000063","RequestPath":"/_blazor","ConnectionId":"0HNGC67QCMUKP","Application":"MiniJira"}
2025-10-15 23:31:06.810 +02:00 [WRN] Unhandled exception rendering component: JavaScript interop calls cannot be issued at this time. This is because the circuit has disconnected and is being disposed. {"EventId":{"Id":100,"Name":"ExceptionRenderingComponent"},"SourceContext":"Microsoft.AspNetCore.Components.Server.Circuits.RemoteRenderer","RequestId":"0HNGC67QCMUKP:00000065","RequestPath":"/_blazor/disconnect","ConnectionId":"0HNGC67QCMUKP","Application":"MiniJira"}
Microsoft.JSInterop.JSDisconnectedException: JavaScript interop calls cannot be issued at this time. This is because the circuit has disconnected and is being disposed.
   at Microsoft.AspNetCore.Components.Server.Circuits.RemoteJSRuntime.BeginInvokeJS(Int64 asyncHandle, String identifier, String argsJson, JSCallResultType resultType, Int64 targetInstanceId)
   at Microsoft.JSInterop.JSRuntime.InvokeAsync[TValue](Int64 targetInstanceId, String identifier, CancellationToken cancellationToken, Object[] args)
   at Microsoft.JSInterop.JSRuntime.InvokeAsync[TValue](Int64 targetInstanceId, String identifier, Object[] args)
   at Microsoft.JSInterop.JSRuntimeExtensions.InvokeVoidAsync(IJSRuntime jsRuntime, String identifier, Object[] args)
   at Microsoft.JSInterop.Implementation.JSObjectReference.DisposeAsync()
   at MiniJira.Shared.MainLayout.DisposeAsync() in D:\KimiAi\MiniJira\MiniJira\MiniJira\Shared\MainLayout.razor.cs:line 77
   at Microsoft.AspNetCore.Components.RenderTree.Renderer.<>c__DisplayClass85_0.<<Dispose>g__HandleAsyncExceptions|1>d.MoveNext()
2025-10-15 23:31:06.822 +02:00 [ERR] Unhandled exception in circuit 'r_YbF6ZQYGIZEZSGsj-aTiRDKCsbFfUawq8jrIPcvYA'. {"EventId":{"Id":111,"Name":"CircuitUnhandledException"},"SourceContext":"Microsoft.AspNetCore.Components.Server.Circuits.CircuitHost","RequestId":"0HNGC67QCMUKP:00000065","RequestPath":"/_blazor/disconnect","ConnectionId":"0HNGC67QCMUKP","Application":"MiniJira"}
Microsoft.JSInterop.JSDisconnectedException: JavaScript interop calls cannot be issued at this time. This is because the circuit has disconnected and is being disposed.
   at Microsoft.AspNetCore.Components.Server.Circuits.RemoteJSRuntime.BeginInvokeJS(Int64 asyncHandle, String identifier, String argsJson, JSCallResultType resultType, Int64 targetInstanceId)
   at Microsoft.JSInterop.JSRuntime.InvokeAsync[TValue](Int64 targetInstanceId, String identifier, CancellationToken cancellationToken, Object[] args)
   at Microsoft.JSInterop.JSRuntime.InvokeAsync[TValue](Int64 targetInstanceId, String identifier, Object[] args)
   at Microsoft.JSInterop.JSRuntimeExtensions.InvokeVoidAsync(IJSRuntime jsRuntime, String identifier, Object[] args)
   at Microsoft.JSInterop.Implementation.JSObjectReference.DisposeAsync()
   at MiniJira.Shared.MainLayout.DisposeAsync() in D:\KimiAi\MiniJira\MiniJira\MiniJira\Shared\MainLayout.razor.cs:line 77
   at Microsoft.AspNetCore.Components.RenderTree.Renderer.<>c__DisplayClass85_0.<<Dispose>g__HandleAsyncExceptions|1>d.MoveNext()
2025-10-15 23:35:35.246 +02:00 [INF] Applying database migrations... {"SourceContext":"Program","Application":"MiniJira"}
2025-10-15 23:35:35.829 +02:00 [WRN] The 'TaskPriority' property 'Priority' on entity type 'Task' is configured with a database-generated default, but has no configured sentinel value. The database-generated default will always be used for inserts when the property has the value 'Low', since this is the CLR default for the 'TaskPriority' type. Consider using a nullable type, using a nullable backing field, or setting the sentinel value for the property to ensure the database default is used when, and only when, appropriate. See https://aka.ms/efcore-docs-default-values for more information. {"EventId":{"Id":20601,"Name":"Microsoft.EntityFrameworkCore.Model.Validation.BoolWithDefaultWarning"},"SourceContext":"Microsoft.EntityFrameworkCore.Model.Validation","Application":"MiniJira"}
2025-10-15 23:35:36.047 +02:00 [INF] Acquiring an exclusive lock for migration application. See https://aka.ms/efcore-docs-migrations-lock for more information if this takes too long. {"EventId":{"Id":20411,"Name":"Microsoft.EntityFrameworkCore.Migrations.AcquiringMigrationLock"},"SourceContext":"Microsoft.EntityFrameworkCore.Migrations","Application":"MiniJira"}
2025-10-15 23:35:36.187 +02:00 [INF] No migrations were applied. The database is already up to date. {"EventId":{"Id":20405,"Name":"Microsoft.EntityFrameworkCore.Migrations.MigrationsNotApplied"},"SourceContext":"Microsoft.EntityFrameworkCore.Migrations","Application":"MiniJira"}
2025-10-15 23:35:36.198 +02:00 [INF] Database migrations applied successfully {"SourceContext":"Program","Application":"MiniJira"}
2025-10-15 23:35:36.630 +02:00 [INF] Now listening on: https://localhost:7105 {"EventId":{"Id":14,"Name":"ListeningOnAddress"},"SourceContext":"Microsoft.Hosting.Lifetime","Application":"MiniJira"}
2025-10-15 23:35:36.637 +02:00 [INF] Now listening on: http://localhost:5194 {"EventId":{"Id":14,"Name":"ListeningOnAddress"},"SourceContext":"Microsoft.Hosting.Lifetime","Application":"MiniJira"}
2025-10-15 23:35:36.715 +02:00 [INF] Application started. Press Ctrl+C to shut down. {"SourceContext":"Microsoft.Hosting.Lifetime","Application":"MiniJira"}
2025-10-15 23:35:36.719 +02:00 [INF] Hosting environment: Development {"SourceContext":"Microsoft.Hosting.Lifetime","Application":"MiniJira"}
2025-10-15 23:35:36.722 +02:00 [INF] Content root path: D:\KimiAi\MiniJira\MiniJira\MiniJira {"SourceContext":"Microsoft.Hosting.Lifetime","Application":"MiniJira"}
2025-10-15 23:35:37.811 +02:00 [WRN] Unable to contact VS to retrieve Browser Link script tag. {"EventId":{"Id":5,"Name":"FailedToGetBrowserLinkScriptTag"},"SourceContext":"Microsoft.WebTools.BrowserLink.Net.BrowserLinkMiddleware","RequestId":"0HNGC6B3Q5E22:00000001","RequestPath":"/","ConnectionId":"0HNGC6B3Q5E22","Application":"MiniJira"}
2025-10-15 23:35:41.970 +02:00 [INF] Retrieving all columns for culture en-US {"SourceContext":"MiniJira.Services.ColumnService","TransportConnectionId":"5gfA2plCwZm_oedBdQbidQ","RequestId":"0HNGC6B3Q5E22:00000011","RequestPath":"/_blazor","ConnectionId":"0HNGC6B3Q5E22","Application":"MiniJira"}
2025-10-15 23:35:42.261 +02:00 [WRN] Compiling a query which loads related collections for more than one collection navigation, either via 'Include' or through projection, but no 'QuerySplittingBehavior' has been configured. By default, Entity Framework will use 'QuerySplittingBehavior.SingleQuery', which can potentially result in slow query performance. See https://go.microsoft.com/fwlink/?linkid=2134277 for more information. To identify the query that's triggering this warning call 'ConfigureWarnings(w => w.Throw(RelationalEventId.MultipleCollectionIncludeWarning))'. {"EventId":{"Id":20504,"Name":"Microsoft.EntityFrameworkCore.Query.MultipleCollectionIncludeWarning"},"SourceContext":"Microsoft.EntityFrameworkCore.Query","TransportConnectionId":"5gfA2plCwZm_oedBdQbidQ","RequestId":"0HNGC6B3Q5E22:00000011","RequestPath":"/_blazor","ConnectionId":"0HNGC6B3Q5E22","Application":"MiniJira"}
2025-10-15 23:35:42.359 +02:00 [INF] Retrieving all tasks {"SourceContext":"MiniJira.Services.TaskService","TransportConnectionId":"5gfA2plCwZm_oedBdQbidQ","RequestId":"0HNGC6B3Q5E22:00000011","RequestPath":"/_blazor","ConnectionId":"0HNGC6B3Q5E22","Application":"MiniJira"}
2025-10-15 23:42:13.872 +02:00 [INF] Applying database migrations... {"SourceContext":"Program","Application":"MiniJira"}
2025-10-15 23:42:14.473 +02:00 [WRN] The 'TaskPriority' property 'Priority' on entity type 'Task' is configured with a database-generated default, but has no configured sentinel value. The database-generated default will always be used for inserts when the property has the value 'Low', since this is the CLR default for the 'TaskPriority' type. Consider using a nullable type, using a nullable backing field, or setting the sentinel value for the property to ensure the database default is used when, and only when, appropriate. See https://aka.ms/efcore-docs-default-values for more information. {"EventId":{"Id":20601,"Name":"Microsoft.EntityFrameworkCore.Model.Validation.BoolWithDefaultWarning"},"SourceContext":"Microsoft.EntityFrameworkCore.Model.Validation","Application":"MiniJira"}
2025-10-15 23:42:14.688 +02:00 [INF] Acquiring an exclusive lock for migration application. See https://aka.ms/efcore-docs-migrations-lock for more information if this takes too long. {"EventId":{"Id":20411,"Name":"Microsoft.EntityFrameworkCore.Migrations.AcquiringMigrationLock"},"SourceContext":"Microsoft.EntityFrameworkCore.Migrations","Application":"MiniJira"}
2025-10-15 23:42:14.789 +02:00 [INF] No migrations were applied. The database is already up to date. {"EventId":{"Id":20405,"Name":"Microsoft.EntityFrameworkCore.Migrations.MigrationsNotApplied"},"SourceContext":"Microsoft.EntityFrameworkCore.Migrations","Application":"MiniJira"}
2025-10-15 23:42:14.801 +02:00 [INF] Database migrations applied successfully {"SourceContext":"Program","Application":"MiniJira"}
2025-10-15 23:42:15.312 +02:00 [INF] Now listening on: https://localhost:7105 {"EventId":{"Id":14,"Name":"ListeningOnAddress"},"SourceContext":"Microsoft.Hosting.Lifetime","Application":"MiniJira"}
2025-10-15 23:42:15.317 +02:00 [INF] Now listening on: http://localhost:5194 {"EventId":{"Id":14,"Name":"ListeningOnAddress"},"SourceContext":"Microsoft.Hosting.Lifetime","Application":"MiniJira"}
2025-10-15 23:42:15.411 +02:00 [INF] Application started. Press Ctrl+C to shut down. {"SourceContext":"Microsoft.Hosting.Lifetime","Application":"MiniJira"}
2025-10-15 23:42:15.415 +02:00 [INF] Hosting environment: Development {"SourceContext":"Microsoft.Hosting.Lifetime","Application":"MiniJira"}
2025-10-15 23:42:15.418 +02:00 [INF] Content root path: D:\KimiAi\MiniJira\MiniJira\MiniJira {"SourceContext":"Microsoft.Hosting.Lifetime","Application":"MiniJira"}
2025-10-15 23:42:16.356 +02:00 [WRN] Unable to contact VS to retrieve Browser Link script tag. {"EventId":{"Id":5,"Name":"FailedToGetBrowserLinkScriptTag"},"SourceContext":"Microsoft.WebTools.BrowserLink.Net.BrowserLinkMiddleware","RequestId":"0HNGC6EQIKASL:00000001","RequestPath":"/","ConnectionId":"0HNGC6EQIKASL","Application":"MiniJira"}
2025-10-15 23:43:34.153 +02:00 [INF] Retrieving all columns for culture en-US {"SourceContext":"MiniJira.Services.ColumnService","TransportConnectionId":"3pZfjQZg7UNcMjmGBYYR2w","RequestId":"0HNGC6EQIKASL:00000011","RequestPath":"/_blazor","ConnectionId":"0HNGC6EQIKASL","Application":"MiniJira"}
2025-10-15 23:43:34.449 +02:00 [WRN] Compiling a query which loads related collections for more than one collection navigation, either via 'Include' or through projection, but no 'QuerySplittingBehavior' has been configured. By default, Entity Framework will use 'QuerySplittingBehavior.SingleQuery', which can potentially result in slow query performance. See https://go.microsoft.com/fwlink/?linkid=2134277 for more information. To identify the query that's triggering this warning call 'ConfigureWarnings(w => w.Throw(RelationalEventId.MultipleCollectionIncludeWarning))'. {"EventId":{"Id":20504,"Name":"Microsoft.EntityFrameworkCore.Query.MultipleCollectionIncludeWarning"},"SourceContext":"Microsoft.EntityFrameworkCore.Query","TransportConnectionId":"3pZfjQZg7UNcMjmGBYYR2w","RequestId":"0HNGC6EQIKASL:00000011","RequestPath":"/_blazor","ConnectionId":"0HNGC6EQIKASL","Application":"MiniJira"}
2025-10-15 23:43:34.531 +02:00 [INF] Retrieving all tasks {"SourceContext":"MiniJira.Services.TaskService","TransportConnectionId":"3pZfjQZg7UNcMjmGBYYR2w","RequestId":"0HNGC6EQIKASL:00000011","RequestPath":"/_blazor","ConnectionId":"0HNGC6EQIKASL","Application":"MiniJira"}
2025-10-15 23:43:35.978 +02:00 [INF] Retrieving task with ID "b93754f7-233b-40fd-9bb2-5b5cf6cfb246" {"SourceContext":"MiniJira.Services.TaskService","TransportConnectionId":"3pZfjQZg7UNcMjmGBYYR2w","RequestId":"0HNGC6EQIKASL:00000011","RequestPath":"/_blazor","ConnectionId":"0HNGC6EQIKASL","Application":"MiniJira"}
2025-10-15 23:43:36.020 +02:00 [INF] Retrieving all columns for culture en-US {"SourceContext":"MiniJira.Services.ColumnService","TransportConnectionId":"3pZfjQZg7UNcMjmGBYYR2w","RequestId":"0HNGC6EQIKASL:00000011","RequestPath":"/_blazor","ConnectionId":"0HNGC6EQIKASL","Application":"MiniJira"}
2025-10-15 23:43:36.034 +02:00 [INF] Retrieving distinct customer names {"SourceContext":"MiniJira.Services.TaskService","TransportConnectionId":"3pZfjQZg7UNcMjmGBYYR2w","RequestId":"0HNGC6EQIKASL:00000011","RequestPath":"/_blazor","ConnectionId":"0HNGC6EQIKASL","Application":"MiniJira"}
2025-10-15 23:43:36.201 +02:00 [WRN] Compiling a query which loads related collections for more than one collection navigation, either via 'Include' or through projection, but no 'QuerySplittingBehavior' has been configured. By default, Entity Framework will use 'QuerySplittingBehavior.SingleQuery', which can potentially result in slow query performance. See https://go.microsoft.com/fwlink/?linkid=2134277 for more information. To identify the query that's triggering this warning call 'ConfigureWarnings(w => w.Throw(RelationalEventId.MultipleCollectionIncludeWarning))'. {"EventId":{"Id":20504,"Name":"Microsoft.EntityFrameworkCore.Query.MultipleCollectionIncludeWarning"},"SourceContext":"Microsoft.EntityFrameworkCore.Query","TransportConnectionId":"3pZfjQZg7UNcMjmGBYYR2w","RequestId":"0HNGC6EQIKASL:00000011","RequestPath":"/_blazor","ConnectionId":"0HNGC6EQIKASL","Application":"MiniJira"}
2025-10-15 23:43:36.325 +02:00 [INF] Retrieving owner history for task "b93754f7-233b-40fd-9bb2-5b5cf6cfb246" {"SourceContext":"MiniJira.Services.TaskService","TransportConnectionId":"3pZfjQZg7UNcMjmGBYYR2w","RequestId":"0HNGC6EQIKASL:00000011","RequestPath":"/_blazor","ConnectionId":"0HNGC6EQIKASL","Application":"MiniJira"}
2025-10-15 23:43:36.342 +02:00 [INF] Retrieving owner history for task "b93754f7-233b-40fd-9bb2-5b5cf6cfb246" {"SourceContext":"MiniJira.Services.TaskService","TransportConnectionId":"3pZfjQZg7UNcMjmGBYYR2w","RequestId":"0HNGC6EQIKASL:00000011","RequestPath":"/_blazor","ConnectionId":"0HNGC6EQIKASL","Application":"MiniJira"}
2025-10-15 23:44:05.850 +02:00 [INF] Retrieving owner history for task "b93754f7-233b-40fd-9bb2-5b5cf6cfb246" {"SourceContext":"MiniJira.Services.TaskService","TransportConnectionId":"3pZfjQZg7UNcMjmGBYYR2w","RequestId":"0HNGC6EQIKASL:00000011","RequestPath":"/_blazor","ConnectionId":"0HNGC6EQIKASL","Application":"MiniJira"}
2025-10-15 23:44:05.857 +02:00 [INF] Retrieving owner history for task "b93754f7-233b-40fd-9bb2-5b5cf6cfb246" {"SourceContext":"MiniJira.Services.TaskService","TransportConnectionId":"3pZfjQZg7UNcMjmGBYYR2w","RequestId":"0HNGC6EQIKASL:00000011","RequestPath":"/_blazor","ConnectionId":"0HNGC6EQIKASL","Application":"MiniJira"}
2025-10-15 23:48:09.359 +02:00 [INF] Updating column for task "b93754f7-233b-40fd-9bb2-5b5cf6cfb246" to column "33333333-3333-3333-3333-333333333333" {"SourceContext":"MiniJira.Services.TaskService","TransportConnectionId":"3pZfjQZg7UNcMjmGBYYR2w","RequestId":"0HNGC6EQIKASL:00000011","RequestPath":"/_blazor","ConnectionId":"0HNGC6EQIKASL","Application":"MiniJira"}
2025-10-15 23:48:09.574 +02:00 [INF] Task "b93754f7-233b-40fd-9bb2-5b5cf6cfb246" column updated successfully to column "33333333-3333-3333-3333-333333333333" {"SourceContext":"MiniJira.Services.TaskService","TransportConnectionId":"3pZfjQZg7UNcMjmGBYYR2w","RequestId":"0HNGC6EQIKASL:00000011","RequestPath":"/_blazor","ConnectionId":"0HNGC6EQIKASL","Application":"MiniJira"}
2025-10-15 23:48:10.257 +02:00 [INF] Updating column for task "b93754f7-233b-40fd-9bb2-5b5cf6cfb246" to column "d2762dc1-d77e-4da7-963b-9aba134c3250" {"SourceContext":"MiniJira.Services.TaskService","TransportConnectionId":"3pZfjQZg7UNcMjmGBYYR2w","RequestId":"0HNGC6EQIKASL:00000011","RequestPath":"/_blazor","ConnectionId":"0HNGC6EQIKASL","Application":"MiniJira"}
2025-10-15 23:48:10.280 +02:00 [INF] Task "b93754f7-233b-40fd-9bb2-5b5cf6cfb246" column updated successfully to column "d2762dc1-d77e-4da7-963b-9aba134c3250" {"SourceContext":"MiniJira.Services.TaskService","TransportConnectionId":"3pZfjQZg7UNcMjmGBYYR2w","RequestId":"0HNGC6EQIKASL:00000011","RequestPath":"/_blazor","ConnectionId":"0HNGC6EQIKASL","Application":"MiniJira"}
2025-10-15 23:48:11.023 +02:00 [INF] Updating column for task "b93754f7-233b-40fd-9bb2-5b5cf6cfb246" to column "22222222-2222-2222-2222-222222222222" {"SourceContext":"MiniJira.Services.TaskService","TransportConnectionId":"3pZfjQZg7UNcMjmGBYYR2w","RequestId":"0HNGC6EQIKASL:00000011","RequestPath":"/_blazor","ConnectionId":"0HNGC6EQIKASL","Application":"MiniJira"}
2025-10-15 23:48:11.044 +02:00 [INF] Task "b93754f7-233b-40fd-9bb2-5b5cf6cfb246" column updated successfully to column "22222222-2222-2222-2222-222222222222" {"SourceContext":"MiniJira.Services.TaskService","TransportConnectionId":"3pZfjQZg7UNcMjmGBYYR2w","RequestId":"0HNGC6EQIKASL:00000011","RequestPath":"/_blazor","ConnectionId":"0HNGC6EQIKASL","Application":"MiniJira"}
2025-10-15 23:48:11.828 +02:00 [INF] Updating column for task "b93754f7-233b-40fd-9bb2-5b5cf6cfb246" to column "11111111-1111-1111-1111-111111111111" {"SourceContext":"MiniJira.Services.TaskService","TransportConnectionId":"3pZfjQZg7UNcMjmGBYYR2w","RequestId":"0HNGC6EQIKASL:00000011","RequestPath":"/_blazor","ConnectionId":"0HNGC6EQIKASL","Application":"MiniJira"}
2025-10-15 23:48:11.837 +02:00 [INF] Task "b93754f7-233b-40fd-9bb2-5b5cf6cfb246" column updated successfully to column "11111111-1111-1111-1111-111111111111" {"SourceContext":"MiniJira.Services.TaskService","TransportConnectionId":"3pZfjQZg7UNcMjmGBYYR2w","RequestId":"0HNGC6EQIKASL:00000011","RequestPath":"/_blazor","ConnectionId":"0HNGC6EQIKASL","Application":"MiniJira"}
2025-10-15 23:48:24.900 +02:00 [INF] Updating task "b93754f7-233b-40fd-9bb2-5b5cf6cfb246" {"SourceContext":"MiniJira.Services.TaskService","TransportConnectionId":"3pZfjQZg7UNcMjmGBYYR2w","RequestId":"0HNGC6EQIKASL:00000011","RequestPath":"/_blazor","ConnectionId":"0HNGC6EQIKASL","Application":"MiniJira"}
2025-10-15 23:48:24.909 +02:00 [INF] Task "b93754f7-233b-40fd-9bb2-5b5cf6cfb246" updated successfully {"SourceContext":"MiniJira.Services.TaskService","TransportConnectionId":"3pZfjQZg7UNcMjmGBYYR2w","RequestId":"0HNGC6EQIKASL:00000011","RequestPath":"/_blazor","ConnectionId":"0HNGC6EQIKASL","Application":"MiniJira"}
2025-10-15 23:48:24.921 +02:00 [INF] Retrieving owner history for task "b93754f7-233b-40fd-9bb2-5b5cf6cfb246" {"SourceContext":"MiniJira.Services.TaskService","TransportConnectionId":"3pZfjQZg7UNcMjmGBYYR2w","RequestId":"0HNGC6EQIKASL:00000011","RequestPath":"/_blazor","ConnectionId":"0HNGC6EQIKASL","Application":"MiniJira"}
2025-10-15 23:48:24.928 +02:00 [INF] Retrieving owner history for task "b93754f7-233b-40fd-9bb2-5b5cf6cfb246" {"SourceContext":"MiniJira.Services.TaskService","TransportConnectionId":"3pZfjQZg7UNcMjmGBYYR2w","RequestId":"0HNGC6EQIKASL:00000011","RequestPath":"/_blazor","ConnectionId":"0HNGC6EQIKASL","Application":"MiniJira"}
2025-10-15 23:48:32.237 +02:00 [INF] Retrieving all columns for culture en-US {"SourceContext":"MiniJira.Services.ColumnService","TransportConnectionId":"3pZfjQZg7UNcMjmGBYYR2w","RequestId":"0HNGC6EQIKASL:00000011","RequestPath":"/_blazor","ConnectionId":"0HNGC6EQIKASL","Application":"MiniJira"}
2025-10-15 23:48:32.246 +02:00 [INF] Retrieving all tasks {"SourceContext":"MiniJira.Services.TaskService","TransportConnectionId":"3pZfjQZg7UNcMjmGBYYR2w","RequestId":"0HNGC6EQIKASL:00000011","RequestPath":"/_blazor","ConnectionId":"0HNGC6EQIKASL","Application":"MiniJira"}
