2025-10-05 13:45:57.960 +02:00 [INF] Applying database migrations... {"SourceContext":"Program","Application":"MiniJira"}
2025-10-05 13:45:58.275 +02:00 [WRN] The 'TaskPriority' property 'Priority' on entity type 'Task' is configured with a database-generated default, but has no configured sentinel value. The database-generated default will always be used for inserts when the property has the value 'Low', since this is the CLR default for the 'TaskPriority' type. Consider using a nullable type, using a nullable backing field, or setting the sentinel value for the property to ensure the database default is used when, and only when, appropriate. See https://aka.ms/efcore-docs-default-values for more information. {"EventId":{"Id":20601,"Name":"Microsoft.EntityFrameworkCore.Model.Validation.BoolWithDefaultWarning"},"SourceContext":"Microsoft.EntityFrameworkCore.Model.Validation","Application":"MiniJira"}
2025-10-05 13:45:58.433 +02:00 [INF] Acquiring an exclusive lock for migration application. See https://aka.ms/efcore-docs-migrations-lock for more information if this takes too long. {"EventId":{"Id":20411,"Name":"Microsoft.EntityFrameworkCore.Migrations.AcquiringMigrationLock"},"SourceContext":"Microsoft.EntityFrameworkCore.Migrations","Application":"MiniJira"}
2025-10-05 13:45:58.541 +02:00 [INF] No migrations were applied. The database is already up to date. {"EventId":{"Id":20405,"Name":"Microsoft.EntityFrameworkCore.Migrations.MigrationsNotApplied"},"SourceContext":"Microsoft.EntityFrameworkCore.Migrations","Application":"MiniJira"}
2025-10-05 13:45:58.545 +02:00 [INF] Database migrations applied successfully {"SourceContext":"Program","Application":"MiniJira"}
2025-10-05 13:45:58.745 +02:00 [ERR] Hosting failed to start {"EventId":{"Id":11,"Name":"HostedServiceStartupFaulted"},"SourceContext":"Microsoft.Extensions.Hosting.Internal.Host","Application":"MiniJira"}
System.IO.IOException: Failed to bind to address https://127.0.0.1:7105: address already in use.
 ---> Microsoft.AspNetCore.Connections.AddressInUseException: Only one usage of each socket address (protocol/network address/port) is normally permitted.
 ---> System.Net.Sockets.SocketException (10048): Only one usage of each socket address (protocol/network address/port) is normally permitted.
   at System.Net.Sockets.Socket.UpdateStatusAfterSocketErrorAndThrowException(SocketError error, Boolean disconnectOnFailure, String callerName)
   at System.Net.Sockets.Socket.DoBind(EndPoint endPointSnapshot, SocketAddress socketAddress)
   at System.Net.Sockets.Socket.Bind(EndPoint localEP)
   at Microsoft.AspNetCore.Server.Kestrel.Transport.Sockets.SocketTransportOptions.CreateDefaultBoundListenSocket(EndPoint endpoint)
   at Microsoft.AspNetCore.Server.Kestrel.Transport.Sockets.SocketConnectionListener.Bind()
   --- End of inner exception stack trace ---
   at Microsoft.AspNetCore.Server.Kestrel.Transport.Sockets.SocketConnectionListener.Bind()
   at Microsoft.AspNetCore.Server.Kestrel.Transport.Sockets.SocketTransportFactory.BindAsync(EndPoint endpoint, CancellationToken cancellationToken)
   at Microsoft.AspNetCore.Server.Kestrel.Core.Internal.Infrastructure.TransportManager.BindAsync(EndPoint endPoint, ConnectionDelegate connectionDelegate, EndpointConfig endpointConfig, CancellationToken cancellationToken)
   at Microsoft.AspNetCore.Server.Kestrel.Core.KestrelServerImpl.<>c__DisplayClass28_0`1.<<StartAsync>g__OnBind|0>d.MoveNext()
--- End of stack trace from previous location ---
   at Microsoft.AspNetCore.Server.Kestrel.Core.Internal.AddressBinder.BindEndpointAsync(ListenOptions endpoint, AddressBindContext context, CancellationToken cancellationToken)
   --- End of inner exception stack trace ---
   at Microsoft.AspNetCore.Server.Kestrel.Core.Internal.AddressBinder.BindEndpointAsync(ListenOptions endpoint, AddressBindContext context, CancellationToken cancellationToken)
   at Microsoft.AspNetCore.Server.Kestrel.Core.LocalhostListenOptions.BindAsync(AddressBindContext context, CancellationToken cancellationToken)
   at Microsoft.AspNetCore.Server.Kestrel.Core.Internal.AddressBinder.AddressesStrategy.BindAsync(AddressBindContext context, CancellationToken cancellationToken)
   at Microsoft.AspNetCore.Server.Kestrel.Core.Internal.AddressBinder.BindAsync(ListenOptions[] listenOptions, AddressBindContext context, Func`2 useHttps, CancellationToken cancellationToken)
   at Microsoft.AspNetCore.Server.Kestrel.Core.KestrelServerImpl.BindAsync(CancellationToken cancellationToken)
   at Microsoft.AspNetCore.Server.Kestrel.Core.KestrelServerImpl.StartAsync[TContext](IHttpApplication`1 application, CancellationToken cancellationToken)
   at Microsoft.AspNetCore.Hosting.GenericWebHostService.StartAsync(CancellationToken cancellationToken)
   at Microsoft.Extensions.Hosting.Internal.Host.<StartAsync>b__15_1(IHostedService service, CancellationToken token)
   at Microsoft.Extensions.Hosting.Internal.Host.ForeachService[T](IEnumerable`1 services, CancellationToken token, Boolean concurrent, Boolean abortOnFirstException, List`1 exceptions, Func`3 operation)
2025-10-05 13:46:33.874 +02:00 [INF] Applying database migrations... {"SourceContext":"Program","Application":"MiniJira"}
2025-10-05 13:46:34.355 +02:00 [WRN] The 'TaskPriority' property 'Priority' on entity type 'Task' is configured with a database-generated default, but has no configured sentinel value. The database-generated default will always be used for inserts when the property has the value 'Low', since this is the CLR default for the 'TaskPriority' type. Consider using a nullable type, using a nullable backing field, or setting the sentinel value for the property to ensure the database default is used when, and only when, appropriate. See https://aka.ms/efcore-docs-default-values for more information. {"EventId":{"Id":20601,"Name":"Microsoft.EntityFrameworkCore.Model.Validation.BoolWithDefaultWarning"},"SourceContext":"Microsoft.EntityFrameworkCore.Model.Validation","Application":"MiniJira"}
2025-10-05 13:46:34.563 +02:00 [INF] Acquiring an exclusive lock for migration application. See https://aka.ms/efcore-docs-migrations-lock for more information if this takes too long. {"EventId":{"Id":20411,"Name":"Microsoft.EntityFrameworkCore.Migrations.AcquiringMigrationLock"},"SourceContext":"Microsoft.EntityFrameworkCore.Migrations","Application":"MiniJira"}
2025-10-05 13:46:34.654 +02:00 [INF] No migrations were applied. The database is already up to date. {"EventId":{"Id":20405,"Name":"Microsoft.EntityFrameworkCore.Migrations.MigrationsNotApplied"},"SourceContext":"Microsoft.EntityFrameworkCore.Migrations","Application":"MiniJira"}
2025-10-05 13:46:34.663 +02:00 [INF] Database migrations applied successfully {"SourceContext":"Program","Application":"MiniJira"}
2025-10-05 13:46:35.099 +02:00 [INF] Now listening on: https://localhost:7105 {"EventId":{"Id":14,"Name":"ListeningOnAddress"},"SourceContext":"Microsoft.Hosting.Lifetime","Application":"MiniJira"}
2025-10-05 13:46:35.105 +02:00 [INF] Now listening on: http://localhost:5194 {"EventId":{"Id":14,"Name":"ListeningOnAddress"},"SourceContext":"Microsoft.Hosting.Lifetime","Application":"MiniJira"}
2025-10-05 13:46:35.171 +02:00 [INF] Application started. Press Ctrl+C to shut down. {"SourceContext":"Microsoft.Hosting.Lifetime","Application":"MiniJira"}
2025-10-05 13:46:35.174 +02:00 [INF] Hosting environment: Development {"SourceContext":"Microsoft.Hosting.Lifetime","Application":"MiniJira"}
2025-10-05 13:46:35.177 +02:00 [INF] Content root path: D:\KimiAi\MiniJira\MiniJira\MiniJira {"SourceContext":"Microsoft.Hosting.Lifetime","Application":"MiniJira"}
2025-10-05 13:46:36.514 +02:00 [INF] Retrieving all tasks {"SourceContext":"MiniJira.Services.TaskService","ActionId":"c14e81f5-1916-4c50-a650-03ccba5ac7f1","ActionName":"/_Host","RequestId":"0HNG40JB57BU2:00000001","RequestPath":"/","ConnectionId":"0HNG40JB57BU2","Application":"MiniJira"}
2025-10-05 13:46:37.373 +02:00 [INF] Retrieving all tasks {"SourceContext":"MiniJira.Services.TaskService","TransportConnectionId":"_itIJjRtzw3904XMuCWfBQ","RequestId":"0HNG40JB57BU2:00000013","RequestPath":"/_blazor","ConnectionId":"0HNG40JB57BU2","Application":"MiniJira"}
2025-10-05 13:50:48.650 +02:00 [INF] Retrieving task with ID "114053c3-52b3-46c7-8bc1-a05ec3f635fa" {"SourceContext":"MiniJira.Services.TaskService","TransportConnectionId":"_itIJjRtzw3904XMuCWfBQ","RequestId":"0HNG40JB57BU2:00000013","RequestPath":"/_blazor","ConnectionId":"0HNG40JB57BU2","Application":"MiniJira"}
2025-10-05 14:06:43.440 +02:00 [INF] Applying database migrations... {"SourceContext":"Program","Application":"MiniJira"}
2025-10-05 14:06:43.859 +02:00 [WRN] The 'TaskPriority' property 'Priority' on entity type 'Task' is configured with a database-generated default, but has no configured sentinel value. The database-generated default will always be used for inserts when the property has the value 'Low', since this is the CLR default for the 'TaskPriority' type. Consider using a nullable type, using a nullable backing field, or setting the sentinel value for the property to ensure the database default is used when, and only when, appropriate. See https://aka.ms/efcore-docs-default-values for more information. {"EventId":{"Id":20601,"Name":"Microsoft.EntityFrameworkCore.Model.Validation.BoolWithDefaultWarning"},"SourceContext":"Microsoft.EntityFrameworkCore.Model.Validation","Application":"MiniJira"}
2025-10-05 14:06:44.035 +02:00 [INF] Acquiring an exclusive lock for migration application. See https://aka.ms/efcore-docs-migrations-lock for more information if this takes too long. {"EventId":{"Id":20411,"Name":"Microsoft.EntityFrameworkCore.Migrations.AcquiringMigrationLock"},"SourceContext":"Microsoft.EntityFrameworkCore.Migrations","Application":"MiniJira"}
2025-10-05 14:06:44.127 +02:00 [INF] No migrations were applied. The database is already up to date. {"EventId":{"Id":20405,"Name":"Microsoft.EntityFrameworkCore.Migrations.MigrationsNotApplied"},"SourceContext":"Microsoft.EntityFrameworkCore.Migrations","Application":"MiniJira"}
2025-10-05 14:06:44.137 +02:00 [INF] Database migrations applied successfully {"SourceContext":"Program","Application":"MiniJira"}
2025-10-05 14:06:44.577 +02:00 [INF] Now listening on: https://localhost:7105 {"EventId":{"Id":14,"Name":"ListeningOnAddress"},"SourceContext":"Microsoft.Hosting.Lifetime","Application":"MiniJira"}
2025-10-05 14:06:44.584 +02:00 [INF] Now listening on: http://localhost:5194 {"EventId":{"Id":14,"Name":"ListeningOnAddress"},"SourceContext":"Microsoft.Hosting.Lifetime","Application":"MiniJira"}
2025-10-05 14:06:44.651 +02:00 [INF] Application started. Press Ctrl+C to shut down. {"SourceContext":"Microsoft.Hosting.Lifetime","Application":"MiniJira"}
2025-10-05 14:06:44.654 +02:00 [INF] Hosting environment: Development {"SourceContext":"Microsoft.Hosting.Lifetime","Application":"MiniJira"}
2025-10-05 14:06:44.657 +02:00 [INF] Content root path: D:\KimiAi\MiniJira\MiniJira\MiniJira {"SourceContext":"Microsoft.Hosting.Lifetime","Application":"MiniJira"}
2025-10-05 14:06:45.595 +02:00 [INF] Retrieving all tasks {"SourceContext":"MiniJira.Services.TaskService","ActionId":"d65c941b-7354-42bc-b75c-250b6825a0ea","ActionName":"/_Host","RequestId":"0HNG40UJGRMOV:00000001","RequestPath":"/","ConnectionId":"0HNG40UJGRMOV","Application":"MiniJira"}
2025-10-05 14:06:46.936 +02:00 [INF] Retrieving all tasks {"SourceContext":"MiniJira.Services.TaskService","TransportConnectionId":"m8WARYXaEhQ0dJz5c7MB6g","RequestId":"0HNG40UJGRMOV:00000017","RequestPath":"/_blazor","ConnectionId":"0HNG40UJGRMOV","Application":"MiniJira"}
2025-10-05 14:06:52.410 +02:00 [WRN] Unhandled exception rendering component: The current thread is not associated with the Dispatcher. Use InvokeAsync() to switch execution to the Dispatcher when triggering rendering or component state. {"EventId":{"Id":100,"Name":"ExceptionRenderingComponent"},"SourceContext":"Microsoft.AspNetCore.Components.Server.Circuits.RemoteRenderer","TransportConnectionId":"m8WARYXaEhQ0dJz5c7MB6g","RequestId":"0HNG40UJGRMOV:00000017","RequestPath":"/_blazor","ConnectionId":"0HNG40UJGRMOV","Application":"MiniJira"}
System.InvalidOperationException: The current thread is not associated with the Dispatcher. Use InvokeAsync() to switch execution to the Dispatcher when triggering rendering or component state.
   at Microsoft.AspNetCore.Components.Dispatcher.AssertAccess()
   at Microsoft.AspNetCore.Components.RenderTree.Renderer.AddToRenderQueue(Int32 componentId, RenderFragment renderFragment)
   at Microsoft.AspNetCore.Components.ComponentBase.StateHasChanged()
   at MiniJira.Components.Pages.Index.OnCultureChanged(Object sender, EventArgs e) in D:\KimiAi\MiniJira\MiniJira\MiniJira\Components\Pages\Index.razor:line 166
   at MiniJira.Services.LocalizationService.SetCulture(CultureInfo culture) in D:\KimiAi\MiniJira\MiniJira\MiniJira\Services\LocalizationService.cs:line 43
   at MiniJira.Components.Shared.LanguageSelector.OnLanguageChanged(ChangeEventArgs e) in D:\KimiAi\MiniJira\MiniJira\MiniJira\Components\Shared\LanguageSelector.razor:line 33
   at System.RuntimeMethodHandle.InvokeMethod(Object target, Void** arguments, Signature sig, Boolean isConstructor)
   at System.Reflection.MethodBaseInvoker.InvokeDirectByRefWithFewArgs(Object obj, Span`1 copyOfArgs, BindingFlags invokeAttr)
--- End of stack trace from previous location ---
   at Microsoft.AspNetCore.Components.ComponentBase.CallStateHasChangedOnAsyncCompletion(Task task)
   at Microsoft.AspNetCore.Components.RenderTree.Renderer.GetErrorHandledTask(Task taskToHandle, ComponentState owningComponentState)
2025-10-05 14:06:52.463 +02:00 [ERR] Unhandled exception in circuit 'ISEySDyjdCzTjsz94TQwAHJ5IO2MtB09qnBVBeh4kko'. {"EventId":{"Id":111,"Name":"CircuitUnhandledException"},"SourceContext":"Microsoft.AspNetCore.Components.Server.Circuits.CircuitHost","TransportConnectionId":"m8WARYXaEhQ0dJz5c7MB6g","RequestId":"0HNG40UJGRMOV:00000017","RequestPath":"/_blazor","ConnectionId":"0HNG40UJGRMOV","Application":"MiniJira"}
System.InvalidOperationException: The current thread is not associated with the Dispatcher. Use InvokeAsync() to switch execution to the Dispatcher when triggering rendering or component state.
   at Microsoft.AspNetCore.Components.Dispatcher.AssertAccess()
   at Microsoft.AspNetCore.Components.RenderTree.Renderer.AddToRenderQueue(Int32 componentId, RenderFragment renderFragment)
   at Microsoft.AspNetCore.Components.ComponentBase.StateHasChanged()
   at MiniJira.Components.Pages.Index.OnCultureChanged(Object sender, EventArgs e) in D:\KimiAi\MiniJira\MiniJira\MiniJira\Components\Pages\Index.razor:line 166
   at MiniJira.Services.LocalizationService.SetCulture(CultureInfo culture) in D:\KimiAi\MiniJira\MiniJira\MiniJira\Services\LocalizationService.cs:line 43
   at MiniJira.Components.Shared.LanguageSelector.OnLanguageChanged(ChangeEventArgs e) in D:\KimiAi\MiniJira\MiniJira\MiniJira\Components\Shared\LanguageSelector.razor:line 33
   at System.RuntimeMethodHandle.InvokeMethod(Object target, Void** arguments, Signature sig, Boolean isConstructor)
   at System.Reflection.MethodBaseInvoker.InvokeDirectByRefWithFewArgs(Object obj, Span`1 copyOfArgs, BindingFlags invokeAttr)
--- End of stack trace from previous location ---
   at Microsoft.AspNetCore.Components.ComponentBase.CallStateHasChangedOnAsyncCompletion(Task task)
   at Microsoft.AspNetCore.Components.RenderTree.Renderer.GetErrorHandledTask(Task taskToHandle, ComponentState owningComponentState)
2025-10-05 14:06:52.672 +02:00 [WRN] Unhandled exception rendering component: JavaScript interop calls cannot be issued at this time. This is because the circuit has disconnected and is being disposed. {"EventId":{"Id":100,"Name":"ExceptionRenderingComponent"},"SourceContext":"Microsoft.AspNetCore.Components.Server.Circuits.RemoteRenderer","TransportConnectionId":"m8WARYXaEhQ0dJz5c7MB6g","RequestId":"0HNG40UJGRMOV:00000017","RequestPath":"/_blazor","ConnectionId":"0HNG40UJGRMOV","Application":"MiniJira"}
Microsoft.JSInterop.JSDisconnectedException: JavaScript interop calls cannot be issued at this time. This is because the circuit has disconnected and is being disposed.
   at Microsoft.AspNetCore.Components.Server.Circuits.RemoteJSRuntime.BeginInvokeJS(Int64 asyncHandle, String identifier, String argsJson, JSCallResultType resultType, Int64 targetInstanceId)
   at Microsoft.JSInterop.JSRuntime.InvokeAsync[TValue](Int64 targetInstanceId, String identifier, CancellationToken cancellationToken, Object[] args)
   at Microsoft.JSInterop.JSRuntime.InvokeAsync[TValue](Int64 targetInstanceId, String identifier, Object[] args)
   at Microsoft.JSInterop.JSRuntimeExtensions.InvokeVoidAsync(IJSRuntime jsRuntime, String identifier, Object[] args)
   at MiniJira.Components.Pages.Index.DisposeAsync() in D:\KimiAi\MiniJira\MiniJira\MiniJira\Components\Pages\Index.razor:line 307
   at Microsoft.AspNetCore.Components.RenderTree.Renderer.<>c__DisplayClass85_0.<<Dispose>g__HandleAsyncExceptions|1>d.MoveNext()
2025-10-05 14:06:52.686 +02:00 [ERR] Unhandled exception in circuit 'ISEySDyjdCzTjsz94TQwAHJ5IO2MtB09qnBVBeh4kko'. {"EventId":{"Id":111,"Name":"CircuitUnhandledException"},"SourceContext":"Microsoft.AspNetCore.Components.Server.Circuits.CircuitHost","TransportConnectionId":"m8WARYXaEhQ0dJz5c7MB6g","RequestId":"0HNG40UJGRMOV:00000017","RequestPath":"/_blazor","ConnectionId":"0HNG40UJGRMOV","Application":"MiniJira"}
Microsoft.JSInterop.JSDisconnectedException: JavaScript interop calls cannot be issued at this time. This is because the circuit has disconnected and is being disposed.
   at Microsoft.AspNetCore.Components.Server.Circuits.RemoteJSRuntime.BeginInvokeJS(Int64 asyncHandle, String identifier, String argsJson, JSCallResultType resultType, Int64 targetInstanceId)
   at Microsoft.JSInterop.JSRuntime.InvokeAsync[TValue](Int64 targetInstanceId, String identifier, CancellationToken cancellationToken, Object[] args)
   at Microsoft.JSInterop.JSRuntime.InvokeAsync[TValue](Int64 targetInstanceId, String identifier, Object[] args)
   at Microsoft.JSInterop.JSRuntimeExtensions.InvokeVoidAsync(IJSRuntime jsRuntime, String identifier, Object[] args)
   at MiniJira.Components.Pages.Index.DisposeAsync() in D:\KimiAi\MiniJira\MiniJira\MiniJira\Components\Pages\Index.razor:line 307
   at Microsoft.AspNetCore.Components.RenderTree.Renderer.<>c__DisplayClass85_0.<<Dispose>g__HandleAsyncExceptions|1>d.MoveNext()
2025-10-05 14:08:02.967 +02:00 [INF] Applying database migrations... {"SourceContext":"Program","Application":"MiniJira"}
2025-10-05 14:08:03.367 +02:00 [WRN] The 'TaskPriority' property 'Priority' on entity type 'Task' is configured with a database-generated default, but has no configured sentinel value. The database-generated default will always be used for inserts when the property has the value 'Low', since this is the CLR default for the 'TaskPriority' type. Consider using a nullable type, using a nullable backing field, or setting the sentinel value for the property to ensure the database default is used when, and only when, appropriate. See https://aka.ms/efcore-docs-default-values for more information. {"EventId":{"Id":20601,"Name":"Microsoft.EntityFrameworkCore.Model.Validation.BoolWithDefaultWarning"},"SourceContext":"Microsoft.EntityFrameworkCore.Model.Validation","Application":"MiniJira"}
2025-10-05 14:08:03.512 +02:00 [INF] Acquiring an exclusive lock for migration application. See https://aka.ms/efcore-docs-migrations-lock for more information if this takes too long. {"EventId":{"Id":20411,"Name":"Microsoft.EntityFrameworkCore.Migrations.AcquiringMigrationLock"},"SourceContext":"Microsoft.EntityFrameworkCore.Migrations","Application":"MiniJira"}
2025-10-05 14:08:03.600 +02:00 [INF] No migrations were applied. The database is already up to date. {"EventId":{"Id":20405,"Name":"Microsoft.EntityFrameworkCore.Migrations.MigrationsNotApplied"},"SourceContext":"Microsoft.EntityFrameworkCore.Migrations","Application":"MiniJira"}
2025-10-05 14:08:03.605 +02:00 [INF] Database migrations applied successfully {"SourceContext":"Program","Application":"MiniJira"}
2025-10-05 14:08:03.798 +02:00 [INF] Now listening on: https://localhost:7105 {"EventId":{"Id":14,"Name":"ListeningOnAddress"},"SourceContext":"Microsoft.Hosting.Lifetime","Application":"MiniJira"}
2025-10-05 14:08:03.798 +02:00 [INF] Now listening on: http://localhost:5194 {"EventId":{"Id":14,"Name":"ListeningOnAddress"},"SourceContext":"Microsoft.Hosting.Lifetime","Application":"MiniJira"}
2025-10-05 14:08:03.798 +02:00 [INF] Application started. Press Ctrl+C to shut down. {"SourceContext":"Microsoft.Hosting.Lifetime","Application":"MiniJira"}
2025-10-05 14:08:03.799 +02:00 [INF] Hosting environment: Development {"SourceContext":"Microsoft.Hosting.Lifetime","Application":"MiniJira"}
2025-10-05 14:08:03.799 +02:00 [INF] Content root path: D:\KimiAi\MiniJira\MiniJira\MiniJira {"SourceContext":"Microsoft.Hosting.Lifetime","Application":"MiniJira"}
2025-10-05 16:45:09.101 +02:00 [INF] Applying database migrations... {"SourceContext":"Program","Application":"MiniJira"}
2025-10-05 16:45:09.587 +02:00 [WRN] The 'TaskPriority' property 'Priority' on entity type 'Task' is configured with a database-generated default, but has no configured sentinel value. The database-generated default will always be used for inserts when the property has the value 'Low', since this is the CLR default for the 'TaskPriority' type. Consider using a nullable type, using a nullable backing field, or setting the sentinel value for the property to ensure the database default is used when, and only when, appropriate. See https://aka.ms/efcore-docs-default-values for more information. {"EventId":{"Id":20601,"Name":"Microsoft.EntityFrameworkCore.Model.Validation.BoolWithDefaultWarning"},"SourceContext":"Microsoft.EntityFrameworkCore.Model.Validation","Application":"MiniJira"}
2025-10-05 16:45:09.777 +02:00 [INF] Acquiring an exclusive lock for migration application. See https://aka.ms/efcore-docs-migrations-lock for more information if this takes too long. {"EventId":{"Id":20411,"Name":"Microsoft.EntityFrameworkCore.Migrations.AcquiringMigrationLock"},"SourceContext":"Microsoft.EntityFrameworkCore.Migrations","Application":"MiniJira"}
2025-10-05 16:45:09.885 +02:00 [INF] No migrations were applied. The database is already up to date. {"EventId":{"Id":20405,"Name":"Microsoft.EntityFrameworkCore.Migrations.MigrationsNotApplied"},"SourceContext":"Microsoft.EntityFrameworkCore.Migrations","Application":"MiniJira"}
2025-10-05 16:45:09.894 +02:00 [INF] Database migrations applied successfully {"SourceContext":"Program","Application":"MiniJira"}
2025-10-05 16:45:10.416 +02:00 [INF] Now listening on: https://localhost:7105 {"EventId":{"Id":14,"Name":"ListeningOnAddress"},"SourceContext":"Microsoft.Hosting.Lifetime","Application":"MiniJira"}
2025-10-05 16:45:10.421 +02:00 [INF] Now listening on: http://localhost:5194 {"EventId":{"Id":14,"Name":"ListeningOnAddress"},"SourceContext":"Microsoft.Hosting.Lifetime","Application":"MiniJira"}
2025-10-05 16:45:10.688 +02:00 [INF] Application started. Press Ctrl+C to shut down. {"SourceContext":"Microsoft.Hosting.Lifetime","Application":"MiniJira"}
2025-10-05 16:45:10.692 +02:00 [INF] Hosting environment: Development {"SourceContext":"Microsoft.Hosting.Lifetime","Application":"MiniJira"}
2025-10-05 16:45:10.694 +02:00 [INF] Content root path: D:\KimiAi\MiniJira\MiniJira\MiniJira {"SourceContext":"Microsoft.Hosting.Lifetime","Application":"MiniJira"}
2025-10-05 16:45:11.434 +02:00 [INF] Retrieving all tasks {"SourceContext":"MiniJira.Services.TaskService","ActionId":"deeb288b-b8df-4596-9a3e-051b37b86e88","ActionName":"/_Host","RequestId":"0HNG43N4E809M:00000001","RequestPath":"/","ConnectionId":"0HNG43N4E809M","Application":"MiniJira"}
2025-10-05 16:45:12.813 +02:00 [INF] Retrieving all tasks {"SourceContext":"MiniJira.Services.TaskService","TransportConnectionId":"EWaoAa9A60tyPvSHLlSoJA","RequestId":"0HNG43N4E809M:00000017","RequestPath":"/_blazor","ConnectionId":"0HNG43N4E809M","Application":"MiniJira"}
2025-10-05 16:45:18.324 +02:00 [WRN] Unhandled exception rendering component: The current thread is not associated with the Dispatcher. Use InvokeAsync() to switch execution to the Dispatcher when triggering rendering or component state. {"EventId":{"Id":100,"Name":"ExceptionRenderingComponent"},"SourceContext":"Microsoft.AspNetCore.Components.Server.Circuits.RemoteRenderer","TransportConnectionId":"EWaoAa9A60tyPvSHLlSoJA","RequestId":"0HNG43N4E809M:00000017","RequestPath":"/_blazor","ConnectionId":"0HNG43N4E809M","Application":"MiniJira"}
System.InvalidOperationException: The current thread is not associated with the Dispatcher. Use InvokeAsync() to switch execution to the Dispatcher when triggering rendering or component state.
   at Microsoft.AspNetCore.Components.Dispatcher.AssertAccess()
   at Microsoft.AspNetCore.Components.RenderTree.Renderer.AddToRenderQueue(Int32 componentId, RenderFragment renderFragment)
   at Microsoft.AspNetCore.Components.ComponentBase.StateHasChanged()
   at MiniJira.Components.Pages.Index.OnCultureChanged(Object sender, EventArgs e) in D:\KimiAi\MiniJira\MiniJira\MiniJira\Components\Pages\Index.razor:line 166
   at MiniJira.Services.LocalizationService.SetCulture(CultureInfo culture) in D:\KimiAi\MiniJira\MiniJira\MiniJira\Services\LocalizationService.cs:line 43
   at MiniJira.Components.Shared.LanguageSelector.OnLanguageChanged(ChangeEventArgs e) in D:\KimiAi\MiniJira\MiniJira\MiniJira\Components\Shared\LanguageSelector.razor:line 33
   at System.RuntimeMethodHandle.InvokeMethod(Object target, Void** arguments, Signature sig, Boolean isConstructor)
   at System.Reflection.MethodBaseInvoker.InvokeDirectByRefWithFewArgs(Object obj, Span`1 copyOfArgs, BindingFlags invokeAttr)
--- End of stack trace from previous location ---
   at Microsoft.AspNetCore.Components.ComponentBase.CallStateHasChangedOnAsyncCompletion(Task task)
   at Microsoft.AspNetCore.Components.RenderTree.Renderer.GetErrorHandledTask(Task taskToHandle, ComponentState owningComponentState)
2025-10-05 16:45:18.373 +02:00 [ERR] Unhandled exception in circuit 'ylgETyC_gVx-_nPkDH5KwZwKaVUMgTy7t6Eg1g1t6_E'. {"EventId":{"Id":111,"Name":"CircuitUnhandledException"},"SourceContext":"Microsoft.AspNetCore.Components.Server.Circuits.CircuitHost","TransportConnectionId":"EWaoAa9A60tyPvSHLlSoJA","RequestId":"0HNG43N4E809M:00000017","RequestPath":"/_blazor","ConnectionId":"0HNG43N4E809M","Application":"MiniJira"}
System.InvalidOperationException: The current thread is not associated with the Dispatcher. Use InvokeAsync() to switch execution to the Dispatcher when triggering rendering or component state.
   at Microsoft.AspNetCore.Components.Dispatcher.AssertAccess()
   at Microsoft.AspNetCore.Components.RenderTree.Renderer.AddToRenderQueue(Int32 componentId, RenderFragment renderFragment)
   at Microsoft.AspNetCore.Components.ComponentBase.StateHasChanged()
   at MiniJira.Components.Pages.Index.OnCultureChanged(Object sender, EventArgs e) in D:\KimiAi\MiniJira\MiniJira\MiniJira\Components\Pages\Index.razor:line 166
   at MiniJira.Services.LocalizationService.SetCulture(CultureInfo culture) in D:\KimiAi\MiniJira\MiniJira\MiniJira\Services\LocalizationService.cs:line 43
   at MiniJira.Components.Shared.LanguageSelector.OnLanguageChanged(ChangeEventArgs e) in D:\KimiAi\MiniJira\MiniJira\MiniJira\Components\Shared\LanguageSelector.razor:line 33
   at System.RuntimeMethodHandle.InvokeMethod(Object target, Void** arguments, Signature sig, Boolean isConstructor)
   at System.Reflection.MethodBaseInvoker.InvokeDirectByRefWithFewArgs(Object obj, Span`1 copyOfArgs, BindingFlags invokeAttr)
--- End of stack trace from previous location ---
   at Microsoft.AspNetCore.Components.ComponentBase.CallStateHasChangedOnAsyncCompletion(Task task)
   at Microsoft.AspNetCore.Components.RenderTree.Renderer.GetErrorHandledTask(Task taskToHandle, ComponentState owningComponentState)
2025-10-05 16:45:18.574 +02:00 [WRN] Unhandled exception rendering component: JavaScript interop calls cannot be issued at this time. This is because the circuit has disconnected and is being disposed. {"EventId":{"Id":100,"Name":"ExceptionRenderingComponent"},"SourceContext":"Microsoft.AspNetCore.Components.Server.Circuits.RemoteRenderer","TransportConnectionId":"EWaoAa9A60tyPvSHLlSoJA","RequestId":"0HNG43N4E809M:00000017","RequestPath":"/_blazor","ConnectionId":"0HNG43N4E809M","Application":"MiniJira"}
Microsoft.JSInterop.JSDisconnectedException: JavaScript interop calls cannot be issued at this time. This is because the circuit has disconnected and is being disposed.
   at Microsoft.AspNetCore.Components.Server.Circuits.RemoteJSRuntime.BeginInvokeJS(Int64 asyncHandle, String identifier, String argsJson, JSCallResultType resultType, Int64 targetInstanceId)
   at Microsoft.JSInterop.JSRuntime.InvokeAsync[TValue](Int64 targetInstanceId, String identifier, CancellationToken cancellationToken, Object[] args)
   at Microsoft.JSInterop.JSRuntime.InvokeAsync[TValue](Int64 targetInstanceId, String identifier, Object[] args)
   at Microsoft.JSInterop.JSRuntimeExtensions.InvokeVoidAsync(IJSRuntime jsRuntime, String identifier, Object[] args)
   at MiniJira.Components.Pages.Index.DisposeAsync() in D:\KimiAi\MiniJira\MiniJira\MiniJira\Components\Pages\Index.razor:line 307
   at Microsoft.AspNetCore.Components.RenderTree.Renderer.<>c__DisplayClass85_0.<<Dispose>g__HandleAsyncExceptions|1>d.MoveNext()
2025-10-05 16:45:18.584 +02:00 [ERR] Unhandled exception in circuit 'ylgETyC_gVx-_nPkDH5KwZwKaVUMgTy7t6Eg1g1t6_E'. {"EventId":{"Id":111,"Name":"CircuitUnhandledException"},"SourceContext":"Microsoft.AspNetCore.Components.Server.Circuits.CircuitHost","TransportConnectionId":"EWaoAa9A60tyPvSHLlSoJA","RequestId":"0HNG43N4E809M:00000017","RequestPath":"/_blazor","ConnectionId":"0HNG43N4E809M","Application":"MiniJira"}
Microsoft.JSInterop.JSDisconnectedException: JavaScript interop calls cannot be issued at this time. This is because the circuit has disconnected and is being disposed.
   at Microsoft.AspNetCore.Components.Server.Circuits.RemoteJSRuntime.BeginInvokeJS(Int64 asyncHandle, String identifier, String argsJson, JSCallResultType resultType, Int64 targetInstanceId)
   at Microsoft.JSInterop.JSRuntime.InvokeAsync[TValue](Int64 targetInstanceId, String identifier, CancellationToken cancellationToken, Object[] args)
   at Microsoft.JSInterop.JSRuntime.InvokeAsync[TValue](Int64 targetInstanceId, String identifier, Object[] args)
   at Microsoft.JSInterop.JSRuntimeExtensions.InvokeVoidAsync(IJSRuntime jsRuntime, String identifier, Object[] args)
   at MiniJira.Components.Pages.Index.DisposeAsync() in D:\KimiAi\MiniJira\MiniJira\MiniJira\Components\Pages\Index.razor:line 307
   at Microsoft.AspNetCore.Components.RenderTree.Renderer.<>c__DisplayClass85_0.<<Dispose>g__HandleAsyncExceptions|1>d.MoveNext()
2025-10-05 16:48:53.379 +02:00 [INF] Applying database migrations... {"SourceContext":"Program","Application":"MiniJira"}
2025-10-05 16:48:53.770 +02:00 [WRN] The 'TaskPriority' property 'Priority' on entity type 'Task' is configured with a database-generated default, but has no configured sentinel value. The database-generated default will always be used for inserts when the property has the value 'Low', since this is the CLR default for the 'TaskPriority' type. Consider using a nullable type, using a nullable backing field, or setting the sentinel value for the property to ensure the database default is used when, and only when, appropriate. See https://aka.ms/efcore-docs-default-values for more information. {"EventId":{"Id":20601,"Name":"Microsoft.EntityFrameworkCore.Model.Validation.BoolWithDefaultWarning"},"SourceContext":"Microsoft.EntityFrameworkCore.Model.Validation","Application":"MiniJira"}
2025-10-05 16:48:53.949 +02:00 [INF] Acquiring an exclusive lock for migration application. See https://aka.ms/efcore-docs-migrations-lock for more information if this takes too long. {"EventId":{"Id":20411,"Name":"Microsoft.EntityFrameworkCore.Migrations.AcquiringMigrationLock"},"SourceContext":"Microsoft.EntityFrameworkCore.Migrations","Application":"MiniJira"}
2025-10-05 16:48:54.040 +02:00 [INF] No migrations were applied. The database is already up to date. {"EventId":{"Id":20405,"Name":"Microsoft.EntityFrameworkCore.Migrations.MigrationsNotApplied"},"SourceContext":"Microsoft.EntityFrameworkCore.Migrations","Application":"MiniJira"}
2025-10-05 16:48:54.046 +02:00 [INF] Database migrations applied successfully {"SourceContext":"Program","Application":"MiniJira"}
2025-10-05 16:48:54.290 +02:00 [INF] Now listening on: https://localhost:7105 {"EventId":{"Id":14,"Name":"ListeningOnAddress"},"SourceContext":"Microsoft.Hosting.Lifetime","Application":"MiniJira"}
2025-10-05 16:48:54.291 +02:00 [INF] Now listening on: http://localhost:5194 {"EventId":{"Id":14,"Name":"ListeningOnAddress"},"SourceContext":"Microsoft.Hosting.Lifetime","Application":"MiniJira"}
2025-10-05 16:48:54.291 +02:00 [INF] Application started. Press Ctrl+C to shut down. {"SourceContext":"Microsoft.Hosting.Lifetime","Application":"MiniJira"}
2025-10-05 16:48:54.292 +02:00 [INF] Hosting environment: Development {"SourceContext":"Microsoft.Hosting.Lifetime","Application":"MiniJira"}
2025-10-05 16:48:54.292 +02:00 [INF] Content root path: D:\KimiAi\MiniJira\MiniJira\MiniJira {"SourceContext":"Microsoft.Hosting.Lifetime","Application":"MiniJira"}
2025-10-05 16:51:32.696 +02:00 [INF] Applying database migrations... {"SourceContext":"Program","Application":"MiniJira"}
2025-10-05 16:51:33.145 +02:00 [WRN] The 'TaskPriority' property 'Priority' on entity type 'Task' is configured with a database-generated default, but has no configured sentinel value. The database-generated default will always be used for inserts when the property has the value 'Low', since this is the CLR default for the 'TaskPriority' type. Consider using a nullable type, using a nullable backing field, or setting the sentinel value for the property to ensure the database default is used when, and only when, appropriate. See https://aka.ms/efcore-docs-default-values for more information. {"EventId":{"Id":20601,"Name":"Microsoft.EntityFrameworkCore.Model.Validation.BoolWithDefaultWarning"},"SourceContext":"Microsoft.EntityFrameworkCore.Model.Validation","Application":"MiniJira"}
2025-10-05 16:51:33.320 +02:00 [INF] Acquiring an exclusive lock for migration application. See https://aka.ms/efcore-docs-migrations-lock for more information if this takes too long. {"EventId":{"Id":20411,"Name":"Microsoft.EntityFrameworkCore.Migrations.AcquiringMigrationLock"},"SourceContext":"Microsoft.EntityFrameworkCore.Migrations","Application":"MiniJira"}
2025-10-05 16:51:33.415 +02:00 [INF] No migrations were applied. The database is already up to date. {"EventId":{"Id":20405,"Name":"Microsoft.EntityFrameworkCore.Migrations.MigrationsNotApplied"},"SourceContext":"Microsoft.EntityFrameworkCore.Migrations","Application":"MiniJira"}
2025-10-05 16:51:33.426 +02:00 [INF] Database migrations applied successfully {"SourceContext":"Program","Application":"MiniJira"}
2025-10-05 16:51:33.932 +02:00 [INF] Now listening on: https://localhost:7105 {"EventId":{"Id":14,"Name":"ListeningOnAddress"},"SourceContext":"Microsoft.Hosting.Lifetime","Application":"MiniJira"}
2025-10-05 16:51:33.938 +02:00 [INF] Now listening on: http://localhost:5194 {"EventId":{"Id":14,"Name":"ListeningOnAddress"},"SourceContext":"Microsoft.Hosting.Lifetime","Application":"MiniJira"}
2025-10-05 16:51:33.994 +02:00 [INF] Application started. Press Ctrl+C to shut down. {"SourceContext":"Microsoft.Hosting.Lifetime","Application":"MiniJira"}
2025-10-05 16:51:33.997 +02:00 [INF] Hosting environment: Development {"SourceContext":"Microsoft.Hosting.Lifetime","Application":"MiniJira"}
2025-10-05 16:51:34.000 +02:00 [INF] Content root path: D:\KimiAi\MiniJira\MiniJira\MiniJira {"SourceContext":"Microsoft.Hosting.Lifetime","Application":"MiniJira"}
2025-10-05 16:51:35.240 +02:00 [INF] Retrieving all tasks {"SourceContext":"MiniJira.Services.TaskService","ActionId":"d80e50b7-0496-4e72-b7a6-fc5034d5b18e","ActionName":"/_Host","RequestId":"0HNG43QMQ35TD:00000001","RequestPath":"/","ConnectionId":"0HNG43QMQ35TD","Application":"MiniJira"}
2025-10-05 16:51:36.687 +02:00 [INF] Retrieving all tasks {"SourceContext":"MiniJira.Services.TaskService","TransportConnectionId":"ATiRDL58wlxBKodwIrHjxg","RequestId":"0HNG43QMQ35TD:0000000D","RequestPath":"/_blazor","ConnectionId":"0HNG43QMQ35TD","Application":"MiniJira"}
2025-10-05 16:56:46.571 +02:00 [INF] Applying database migrations... {"SourceContext":"Program","Application":"MiniJira"}
2025-10-05 16:56:46.915 +02:00 [WRN] The 'TaskPriority' property 'Priority' on entity type 'Task' is configured with a database-generated default, but has no configured sentinel value. The database-generated default will always be used for inserts when the property has the value 'Low', since this is the CLR default for the 'TaskPriority' type. Consider using a nullable type, using a nullable backing field, or setting the sentinel value for the property to ensure the database default is used when, and only when, appropriate. See https://aka.ms/efcore-docs-default-values for more information. {"EventId":{"Id":20601,"Name":"Microsoft.EntityFrameworkCore.Model.Validation.BoolWithDefaultWarning"},"SourceContext":"Microsoft.EntityFrameworkCore.Model.Validation","Application":"MiniJira"}
2025-10-05 16:56:47.074 +02:00 [INF] Acquiring an exclusive lock for migration application. See https://aka.ms/efcore-docs-migrations-lock for more information if this takes too long. {"EventId":{"Id":20411,"Name":"Microsoft.EntityFrameworkCore.Migrations.AcquiringMigrationLock"},"SourceContext":"Microsoft.EntityFrameworkCore.Migrations","Application":"MiniJira"}
2025-10-05 16:56:47.184 +02:00 [INF] No migrations were applied. The database is already up to date. {"EventId":{"Id":20405,"Name":"Microsoft.EntityFrameworkCore.Migrations.MigrationsNotApplied"},"SourceContext":"Microsoft.EntityFrameworkCore.Migrations","Application":"MiniJira"}
2025-10-05 16:56:47.190 +02:00 [INF] Database migrations applied successfully {"SourceContext":"Program","Application":"MiniJira"}
2025-10-05 16:56:47.446 +02:00 [INF] Now listening on: https://localhost:7105 {"EventId":{"Id":14,"Name":"ListeningOnAddress"},"SourceContext":"Microsoft.Hosting.Lifetime","Application":"MiniJira"}
2025-10-05 16:56:47.446 +02:00 [INF] Now listening on: http://localhost:5194 {"EventId":{"Id":14,"Name":"ListeningOnAddress"},"SourceContext":"Microsoft.Hosting.Lifetime","Application":"MiniJira"}
2025-10-05 16:56:47.447 +02:00 [INF] Application started. Press Ctrl+C to shut down. {"SourceContext":"Microsoft.Hosting.Lifetime","Application":"MiniJira"}
2025-10-05 16:56:47.447 +02:00 [INF] Hosting environment: Development {"SourceContext":"Microsoft.Hosting.Lifetime","Application":"MiniJira"}
2025-10-05 16:56:47.447 +02:00 [INF] Content root path: D:\KimiAi\MiniJira\MiniJira\MiniJira {"SourceContext":"Microsoft.Hosting.Lifetime","Application":"MiniJira"}
2025-10-05 16:59:17.043 +02:00 [INF] Applying database migrations... {"SourceContext":"Program","Application":"MiniJira"}
2025-10-05 16:59:17.488 +02:00 [WRN] The 'TaskPriority' property 'Priority' on entity type 'Task' is configured with a database-generated default, but has no configured sentinel value. The database-generated default will always be used for inserts when the property has the value 'Low', since this is the CLR default for the 'TaskPriority' type. Consider using a nullable type, using a nullable backing field, or setting the sentinel value for the property to ensure the database default is used when, and only when, appropriate. See https://aka.ms/efcore-docs-default-values for more information. {"EventId":{"Id":20601,"Name":"Microsoft.EntityFrameworkCore.Model.Validation.BoolWithDefaultWarning"},"SourceContext":"Microsoft.EntityFrameworkCore.Model.Validation","Application":"MiniJira"}
2025-10-05 16:59:17.667 +02:00 [INF] Acquiring an exclusive lock for migration application. See https://aka.ms/efcore-docs-migrations-lock for more information if this takes too long. {"EventId":{"Id":20411,"Name":"Microsoft.EntityFrameworkCore.Migrations.AcquiringMigrationLock"},"SourceContext":"Microsoft.EntityFrameworkCore.Migrations","Application":"MiniJira"}
2025-10-05 16:59:17.777 +02:00 [INF] No migrations were applied. The database is already up to date. {"EventId":{"Id":20405,"Name":"Microsoft.EntityFrameworkCore.Migrations.MigrationsNotApplied"},"SourceContext":"Microsoft.EntityFrameworkCore.Migrations","Application":"MiniJira"}
2025-10-05 16:59:17.787 +02:00 [INF] Database migrations applied successfully {"SourceContext":"Program","Application":"MiniJira"}
2025-10-05 16:59:18.281 +02:00 [INF] Now listening on: https://localhost:7105 {"EventId":{"Id":14,"Name":"ListeningOnAddress"},"SourceContext":"Microsoft.Hosting.Lifetime","Application":"MiniJira"}
2025-10-05 16:59:18.286 +02:00 [INF] Now listening on: http://localhost:5194 {"EventId":{"Id":14,"Name":"ListeningOnAddress"},"SourceContext":"Microsoft.Hosting.Lifetime","Application":"MiniJira"}
2025-10-05 16:59:18.356 +02:00 [INF] Application started. Press Ctrl+C to shut down. {"SourceContext":"Microsoft.Hosting.Lifetime","Application":"MiniJira"}
2025-10-05 16:59:18.360 +02:00 [INF] Hosting environment: Development {"SourceContext":"Microsoft.Hosting.Lifetime","Application":"MiniJira"}
2025-10-05 16:59:18.363 +02:00 [INF] Content root path: D:\KimiAi\MiniJira\MiniJira\MiniJira {"SourceContext":"Microsoft.Hosting.Lifetime","Application":"MiniJira"}
2025-10-05 16:59:19.870 +02:00 [INF] Retrieving all tasks {"SourceContext":"MiniJira.Services.TaskService","ActionId":"50525b8a-4066-48b9-9426-1b4bbd5c5b5a","ActionName":"/_Host","RequestId":"0HNG43V18E4OR:00000001","RequestPath":"/","ConnectionId":"0HNG43V18E4OR","Application":"MiniJira"}
2025-10-05 16:59:21.355 +02:00 [INF] Retrieving all tasks {"SourceContext":"MiniJira.Services.TaskService","TransportConnectionId":"u1XrigyeQVyZZteF4VUjeQ","RequestId":"0HNG43V18E4OR:0000000D","RequestPath":"/_blazor","ConnectionId":"0HNG43V18E4OR","Application":"MiniJira"}
2025-10-05 16:59:29.891 +02:00 [WRN] Unhandled exception rendering component: JavaScript interop calls cannot be issued at this time. This is because the circuit has disconnected and is being disposed. {"EventId":{"Id":100,"Name":"ExceptionRenderingComponent"},"SourceContext":"Microsoft.AspNetCore.Components.Server.Circuits.RemoteRenderer","RequestId":"0HNG43V18E4OR:00000011","RequestPath":"/_blazor/disconnect","ConnectionId":"0HNG43V18E4OR","Application":"MiniJira"}
Microsoft.JSInterop.JSDisconnectedException: JavaScript interop calls cannot be issued at this time. This is because the circuit has disconnected and is being disposed.
   at Microsoft.AspNetCore.Components.Server.Circuits.RemoteJSRuntime.BeginInvokeJS(Int64 asyncHandle, String identifier, String argsJson, JSCallResultType resultType, Int64 targetInstanceId)
   at Microsoft.JSInterop.JSRuntime.InvokeAsync[TValue](Int64 targetInstanceId, String identifier, CancellationToken cancellationToken, Object[] args)
   at Microsoft.JSInterop.JSRuntime.InvokeAsync[TValue](Int64 targetInstanceId, String identifier, Object[] args)
   at Microsoft.JSInterop.JSRuntimeExtensions.InvokeVoidAsync(IJSRuntime jsRuntime, String identifier, Object[] args)
   at MiniJira.Components.Pages.Index.DisposeAsync() in D:\KimiAi\MiniJira\MiniJira\MiniJira\Components\Pages\Index.razor:line 309
   at Microsoft.AspNetCore.Components.RenderTree.Renderer.<>c__DisplayClass85_0.<<Dispose>g__HandleAsyncExceptions|1>d.MoveNext()
2025-10-05 16:59:29.940 +02:00 [ERR] Unhandled exception in circuit 'qGIuq2o3nGBT_UESYhj6d5myrcatpPkZGe3N9GA-gU8'. {"EventId":{"Id":111,"Name":"CircuitUnhandledException"},"SourceContext":"Microsoft.AspNetCore.Components.Server.Circuits.CircuitHost","RequestId":"0HNG43V18E4OR:00000011","RequestPath":"/_blazor/disconnect","ConnectionId":"0HNG43V18E4OR","Application":"MiniJira"}
Microsoft.JSInterop.JSDisconnectedException: JavaScript interop calls cannot be issued at this time. This is because the circuit has disconnected and is being disposed.
   at Microsoft.AspNetCore.Components.Server.Circuits.RemoteJSRuntime.BeginInvokeJS(Int64 asyncHandle, String identifier, String argsJson, JSCallResultType resultType, Int64 targetInstanceId)
   at Microsoft.JSInterop.JSRuntime.InvokeAsync[TValue](Int64 targetInstanceId, String identifier, CancellationToken cancellationToken, Object[] args)
   at Microsoft.JSInterop.JSRuntime.InvokeAsync[TValue](Int64 targetInstanceId, String identifier, Object[] args)
   at Microsoft.JSInterop.JSRuntimeExtensions.InvokeVoidAsync(IJSRuntime jsRuntime, String identifier, Object[] args)
   at MiniJira.Components.Pages.Index.DisposeAsync() in D:\KimiAi\MiniJira\MiniJira\MiniJira\Components\Pages\Index.razor:line 309
   at Microsoft.AspNetCore.Components.RenderTree.Renderer.<>c__DisplayClass85_0.<<Dispose>g__HandleAsyncExceptions|1>d.MoveNext()
2025-10-05 16:59:58.541 +02:00 [INF] Applying database migrations... {"SourceContext":"Program","Application":"MiniJira"}
2025-10-05 16:59:58.892 +02:00 [WRN] The 'TaskPriority' property 'Priority' on entity type 'Task' is configured with a database-generated default, but has no configured sentinel value. The database-generated default will always be used for inserts when the property has the value 'Low', since this is the CLR default for the 'TaskPriority' type. Consider using a nullable type, using a nullable backing field, or setting the sentinel value for the property to ensure the database default is used when, and only when, appropriate. See https://aka.ms/efcore-docs-default-values for more information. {"EventId":{"Id":20601,"Name":"Microsoft.EntityFrameworkCore.Model.Validation.BoolWithDefaultWarning"},"SourceContext":"Microsoft.EntityFrameworkCore.Model.Validation","Application":"MiniJira"}
2025-10-05 16:59:59.053 +02:00 [INF] Acquiring an exclusive lock for migration application. See https://aka.ms/efcore-docs-migrations-lock for more information if this takes too long. {"EventId":{"Id":20411,"Name":"Microsoft.EntityFrameworkCore.Migrations.AcquiringMigrationLock"},"SourceContext":"Microsoft.EntityFrameworkCore.Migrations","Application":"MiniJira"}
2025-10-05 16:59:59.137 +02:00 [INF] No migrations were applied. The database is already up to date. {"EventId":{"Id":20405,"Name":"Microsoft.EntityFrameworkCore.Migrations.MigrationsNotApplied"},"SourceContext":"Microsoft.EntityFrameworkCore.Migrations","Application":"MiniJira"}
2025-10-05 16:59:59.141 +02:00 [INF] Database migrations applied successfully {"SourceContext":"Program","Application":"MiniJira"}
2025-10-05 16:59:59.352 +02:00 [INF] Now listening on: https://localhost:7105 {"EventId":{"Id":14,"Name":"ListeningOnAddress"},"SourceContext":"Microsoft.Hosting.Lifetime","Application":"MiniJira"}
2025-10-05 16:59:59.352 +02:00 [INF] Now listening on: http://localhost:5194 {"EventId":{"Id":14,"Name":"ListeningOnAddress"},"SourceContext":"Microsoft.Hosting.Lifetime","Application":"MiniJira"}
2025-10-05 16:59:59.353 +02:00 [INF] Application started. Press Ctrl+C to shut down. {"SourceContext":"Microsoft.Hosting.Lifetime","Application":"MiniJira"}
2025-10-05 16:59:59.353 +02:00 [INF] Hosting environment: Development {"SourceContext":"Microsoft.Hosting.Lifetime","Application":"MiniJira"}
2025-10-05 16:59:59.353 +02:00 [INF] Content root path: D:\KimiAi\MiniJira\MiniJira\MiniJira {"SourceContext":"Microsoft.Hosting.Lifetime","Application":"MiniJira"}
2025-10-05 17:02:45.651 +02:00 [INF] Applying database migrations... {"SourceContext":"Program","Application":"MiniJira"}
2025-10-05 17:02:46.334 +02:00 [WRN] The 'TaskPriority' property 'Priority' on entity type 'Task' is configured with a database-generated default, but has no configured sentinel value. The database-generated default will always be used for inserts when the property has the value 'Low', since this is the CLR default for the 'TaskPriority' type. Consider using a nullable type, using a nullable backing field, or setting the sentinel value for the property to ensure the database default is used when, and only when, appropriate. See https://aka.ms/efcore-docs-default-values for more information. {"EventId":{"Id":20601,"Name":"Microsoft.EntityFrameworkCore.Model.Validation.BoolWithDefaultWarning"},"SourceContext":"Microsoft.EntityFrameworkCore.Model.Validation","Application":"MiniJira"}
2025-10-05 17:02:46.504 +02:00 [INF] Acquiring an exclusive lock for migration application. See https://aka.ms/efcore-docs-migrations-lock for more information if this takes too long. {"EventId":{"Id":20411,"Name":"Microsoft.EntityFrameworkCore.Migrations.AcquiringMigrationLock"},"SourceContext":"Microsoft.EntityFrameworkCore.Migrations","Application":"MiniJira"}
2025-10-05 17:02:46.624 +02:00 [INF] No migrations were applied. The database is already up to date. {"EventId":{"Id":20405,"Name":"Microsoft.EntityFrameworkCore.Migrations.MigrationsNotApplied"},"SourceContext":"Microsoft.EntityFrameworkCore.Migrations","Application":"MiniJira"}
2025-10-05 17:02:46.630 +02:00 [INF] Database migrations applied successfully {"SourceContext":"Program","Application":"MiniJira"}
2025-10-05 17:02:46.839 +02:00 [INF] Now listening on: https://localhost:7105 {"EventId":{"Id":14,"Name":"ListeningOnAddress"},"SourceContext":"Microsoft.Hosting.Lifetime","Application":"MiniJira"}
2025-10-05 17:02:46.840 +02:00 [INF] Now listening on: http://localhost:5194 {"EventId":{"Id":14,"Name":"ListeningOnAddress"},"SourceContext":"Microsoft.Hosting.Lifetime","Application":"MiniJira"}
2025-10-05 17:02:46.840 +02:00 [INF] Application started. Press Ctrl+C to shut down. {"SourceContext":"Microsoft.Hosting.Lifetime","Application":"MiniJira"}
2025-10-05 17:02:46.840 +02:00 [INF] Hosting environment: Development {"SourceContext":"Microsoft.Hosting.Lifetime","Application":"MiniJira"}
2025-10-05 17:02:46.840 +02:00 [INF] Content root path: D:\KimiAi\MiniJira\MiniJira\MiniJira {"SourceContext":"Microsoft.Hosting.Lifetime","Application":"MiniJira"}
2025-10-05 17:04:40.834 +02:00 [INF] Applying database migrations... {"SourceContext":"Program","Application":"MiniJira"}
2025-10-05 17:04:41.148 +02:00 [WRN] The 'TaskPriority' property 'Priority' on entity type 'Task' is configured with a database-generated default, but has no configured sentinel value. The database-generated default will always be used for inserts when the property has the value 'Low', since this is the CLR default for the 'TaskPriority' type. Consider using a nullable type, using a nullable backing field, or setting the sentinel value for the property to ensure the database default is used when, and only when, appropriate. See https://aka.ms/efcore-docs-default-values for more information. {"EventId":{"Id":20601,"Name":"Microsoft.EntityFrameworkCore.Model.Validation.BoolWithDefaultWarning"},"SourceContext":"Microsoft.EntityFrameworkCore.Model.Validation","Application":"MiniJira"}
2025-10-05 17:04:41.286 +02:00 [INF] Acquiring an exclusive lock for migration application. See https://aka.ms/efcore-docs-migrations-lock for more information if this takes too long. {"EventId":{"Id":20411,"Name":"Microsoft.EntityFrameworkCore.Migrations.AcquiringMigrationLock"},"SourceContext":"Microsoft.EntityFrameworkCore.Migrations","Application":"MiniJira"}
2025-10-05 17:04:41.368 +02:00 [INF] No migrations were applied. The database is already up to date. {"EventId":{"Id":20405,"Name":"Microsoft.EntityFrameworkCore.Migrations.MigrationsNotApplied"},"SourceContext":"Microsoft.EntityFrameworkCore.Migrations","Application":"MiniJira"}
2025-10-05 17:04:41.372 +02:00 [INF] Database migrations applied successfully {"SourceContext":"Program","Application":"MiniJira"}
2025-10-05 17:04:41.373 +02:00 [INF] Testing localization... {"SourceContext":"Program","Application":"MiniJira"}
2025-10-05 17:04:41.569 +02:00 [INF] Now listening on: https://localhost:7105 {"EventId":{"Id":14,"Name":"ListeningOnAddress"},"SourceContext":"Microsoft.Hosting.Lifetime","Application":"MiniJira"}
2025-10-05 17:04:41.569 +02:00 [INF] Now listening on: http://localhost:5194 {"EventId":{"Id":14,"Name":"ListeningOnAddress"},"SourceContext":"Microsoft.Hosting.Lifetime","Application":"MiniJira"}
2025-10-05 17:04:41.570 +02:00 [INF] Application started. Press Ctrl+C to shut down. {"SourceContext":"Microsoft.Hosting.Lifetime","Application":"MiniJira"}
2025-10-05 17:04:41.570 +02:00 [INF] Hosting environment: Development {"SourceContext":"Microsoft.Hosting.Lifetime","Application":"MiniJira"}
2025-10-05 17:04:41.570 +02:00 [INF] Content root path: D:\KimiAi\MiniJira\MiniJira\MiniJira {"SourceContext":"Microsoft.Hosting.Lifetime","Application":"MiniJira"}
2025-10-05 17:05:06.828 +02:00 [INF] Applying database migrations... {"SourceContext":"Program","Application":"MiniJira"}
2025-10-05 17:05:07.149 +02:00 [WRN] The 'TaskPriority' property 'Priority' on entity type 'Task' is configured with a database-generated default, but has no configured sentinel value. The database-generated default will always be used for inserts when the property has the value 'Low', since this is the CLR default for the 'TaskPriority' type. Consider using a nullable type, using a nullable backing field, or setting the sentinel value for the property to ensure the database default is used when, and only when, appropriate. See https://aka.ms/efcore-docs-default-values for more information. {"EventId":{"Id":20601,"Name":"Microsoft.EntityFrameworkCore.Model.Validation.BoolWithDefaultWarning"},"SourceContext":"Microsoft.EntityFrameworkCore.Model.Validation","Application":"MiniJira"}
2025-10-05 17:05:07.296 +02:00 [INF] Acquiring an exclusive lock for migration application. See https://aka.ms/efcore-docs-migrations-lock for more information if this takes too long. {"EventId":{"Id":20411,"Name":"Microsoft.EntityFrameworkCore.Migrations.AcquiringMigrationLock"},"SourceContext":"Microsoft.EntityFrameworkCore.Migrations","Application":"MiniJira"}
2025-10-05 17:05:07.388 +02:00 [INF] No migrations were applied. The database is already up to date. {"EventId":{"Id":20405,"Name":"Microsoft.EntityFrameworkCore.Migrations.MigrationsNotApplied"},"SourceContext":"Microsoft.EntityFrameworkCore.Migrations","Application":"MiniJira"}
2025-10-05 17:05:07.392 +02:00 [INF] Database migrations applied successfully {"SourceContext":"Program","Application":"MiniJira"}
2025-10-05 17:05:07.393 +02:00 [INF] Testing localization... {"SourceContext":"Program","Application":"MiniJira"}
2025-10-05 17:05:07.602 +02:00 [INF] Now listening on: https://localhost:7105 {"EventId":{"Id":14,"Name":"ListeningOnAddress"},"SourceContext":"Microsoft.Hosting.Lifetime","Application":"MiniJira"}
2025-10-05 17:05:07.603 +02:00 [INF] Now listening on: http://localhost:5194 {"EventId":{"Id":14,"Name":"ListeningOnAddress"},"SourceContext":"Microsoft.Hosting.Lifetime","Application":"MiniJira"}
2025-10-05 17:05:07.603 +02:00 [INF] Application started. Press Ctrl+C to shut down. {"SourceContext":"Microsoft.Hosting.Lifetime","Application":"MiniJira"}
2025-10-05 17:05:07.604 +02:00 [INF] Hosting environment: Development {"SourceContext":"Microsoft.Hosting.Lifetime","Application":"MiniJira"}
2025-10-05 17:05:07.604 +02:00 [INF] Content root path: D:\KimiAi\MiniJira\MiniJira\MiniJira {"SourceContext":"Microsoft.Hosting.Lifetime","Application":"MiniJira"}
2025-10-05 17:05:27.299 +02:00 [INF] Applying database migrations... {"SourceContext":"Program","Application":"MiniJira"}
2025-10-05 17:05:27.620 +02:00 [WRN] The 'TaskPriority' property 'Priority' on entity type 'Task' is configured with a database-generated default, but has no configured sentinel value. The database-generated default will always be used for inserts when the property has the value 'Low', since this is the CLR default for the 'TaskPriority' type. Consider using a nullable type, using a nullable backing field, or setting the sentinel value for the property to ensure the database default is used when, and only when, appropriate. See https://aka.ms/efcore-docs-default-values for more information. {"EventId":{"Id":20601,"Name":"Microsoft.EntityFrameworkCore.Model.Validation.BoolWithDefaultWarning"},"SourceContext":"Microsoft.EntityFrameworkCore.Model.Validation","Application":"MiniJira"}
2025-10-05 17:05:27.774 +02:00 [INF] Acquiring an exclusive lock for migration application. See https://aka.ms/efcore-docs-migrations-lock for more information if this takes too long. {"EventId":{"Id":20411,"Name":"Microsoft.EntityFrameworkCore.Migrations.AcquiringMigrationLock"},"SourceContext":"Microsoft.EntityFrameworkCore.Migrations","Application":"MiniJira"}
2025-10-05 17:05:27.884 +02:00 [INF] No migrations were applied. The database is already up to date. {"EventId":{"Id":20405,"Name":"Microsoft.EntityFrameworkCore.Migrations.MigrationsNotApplied"},"SourceContext":"Microsoft.EntityFrameworkCore.Migrations","Application":"MiniJira"}
2025-10-05 17:05:27.889 +02:00 [INF] Database migrations applied successfully {"SourceContext":"Program","Application":"MiniJira"}
2025-10-05 17:05:27.890 +02:00 [INF] Testing localization... {"SourceContext":"Program","Application":"MiniJira"}
2025-10-05 17:05:28.112 +02:00 [INF] Now listening on: https://localhost:7105 {"EventId":{"Id":14,"Name":"ListeningOnAddress"},"SourceContext":"Microsoft.Hosting.Lifetime","Application":"MiniJira"}
2025-10-05 17:05:28.113 +02:00 [INF] Now listening on: http://localhost:5194 {"EventId":{"Id":14,"Name":"ListeningOnAddress"},"SourceContext":"Microsoft.Hosting.Lifetime","Application":"MiniJira"}
2025-10-05 17:05:28.113 +02:00 [INF] Application started. Press Ctrl+C to shut down. {"SourceContext":"Microsoft.Hosting.Lifetime","Application":"MiniJira"}
2025-10-05 17:05:28.113 +02:00 [INF] Hosting environment: Development {"SourceContext":"Microsoft.Hosting.Lifetime","Application":"MiniJira"}
2025-10-05 17:05:28.114 +02:00 [INF] Content root path: D:\KimiAi\MiniJira\MiniJira\MiniJira {"SourceContext":"Microsoft.Hosting.Lifetime","Application":"MiniJira"}
2025-10-05 17:07:48.967 +02:00 [INF] Applying database migrations... {"SourceContext":"Program","Application":"MiniJira"}
2025-10-05 17:07:49.421 +02:00 [WRN] The 'TaskPriority' property 'Priority' on entity type 'Task' is configured with a database-generated default, but has no configured sentinel value. The database-generated default will always be used for inserts when the property has the value 'Low', since this is the CLR default for the 'TaskPriority' type. Consider using a nullable type, using a nullable backing field, or setting the sentinel value for the property to ensure the database default is used when, and only when, appropriate. See https://aka.ms/efcore-docs-default-values for more information. {"EventId":{"Id":20601,"Name":"Microsoft.EntityFrameworkCore.Model.Validation.BoolWithDefaultWarning"},"SourceContext":"Microsoft.EntityFrameworkCore.Model.Validation","Application":"MiniJira"}
2025-10-05 17:07:49.610 +02:00 [INF] Acquiring an exclusive lock for migration application. See https://aka.ms/efcore-docs-migrations-lock for more information if this takes too long. {"EventId":{"Id":20411,"Name":"Microsoft.EntityFrameworkCore.Migrations.AcquiringMigrationLock"},"SourceContext":"Microsoft.EntityFrameworkCore.Migrations","Application":"MiniJira"}
2025-10-05 17:07:49.717 +02:00 [INF] No migrations were applied. The database is already up to date. {"EventId":{"Id":20405,"Name":"Microsoft.EntityFrameworkCore.Migrations.MigrationsNotApplied"},"SourceContext":"Microsoft.EntityFrameworkCore.Migrations","Application":"MiniJira"}
2025-10-05 17:07:49.728 +02:00 [INF] Database migrations applied successfully {"SourceContext":"Program","Application":"MiniJira"}
2025-10-05 17:07:50.199 +02:00 [INF] Now listening on: https://localhost:7105 {"EventId":{"Id":14,"Name":"ListeningOnAddress"},"SourceContext":"Microsoft.Hosting.Lifetime","Application":"MiniJira"}
2025-10-05 17:07:50.206 +02:00 [INF] Now listening on: http://localhost:5194 {"EventId":{"Id":14,"Name":"ListeningOnAddress"},"SourceContext":"Microsoft.Hosting.Lifetime","Application":"MiniJira"}
2025-10-05 17:07:50.264 +02:00 [INF] Application started. Press Ctrl+C to shut down. {"SourceContext":"Microsoft.Hosting.Lifetime","Application":"MiniJira"}
2025-10-05 17:07:50.268 +02:00 [INF] Hosting environment: Development {"SourceContext":"Microsoft.Hosting.Lifetime","Application":"MiniJira"}
2025-10-05 17:07:50.271 +02:00 [INF] Content root path: D:\KimiAi\MiniJira\MiniJira\MiniJira {"SourceContext":"Microsoft.Hosting.Lifetime","Application":"MiniJira"}
2025-10-05 17:07:51.370 +02:00 [INF] Retrieving all tasks {"SourceContext":"MiniJira.Services.TaskService","ActionId":"82415e24-4a78-4d4f-9a8f-89297e1822d2","ActionName":"/_Host","RequestId":"0HNG443PO6O90:00000001","RequestPath":"/","ConnectionId":"0HNG443PO6O90","Application":"MiniJira"}
2025-10-05 17:07:52.182 +02:00 [INF] Retrieving all tasks {"SourceContext":"MiniJira.Services.TaskService","TransportConnectionId":"dCSB04AKDaFP187_8cB10Q","RequestId":"0HNG443PO6O90:00000013","RequestPath":"/_blazor","ConnectionId":"0HNG443PO6O90","Application":"MiniJira"}
2025-10-05 17:15:42.787 +02:00 [INF] Applying database migrations... {"SourceContext":"Program","Application":"MiniJira"}
2025-10-05 17:15:43.209 +02:00 [WRN] The 'TaskPriority' property 'Priority' on entity type 'Task' is configured with a database-generated default, but has no configured sentinel value. The database-generated default will always be used for inserts when the property has the value 'Low', since this is the CLR default for the 'TaskPriority' type. Consider using a nullable type, using a nullable backing field, or setting the sentinel value for the property to ensure the database default is used when, and only when, appropriate. See https://aka.ms/efcore-docs-default-values for more information. {"EventId":{"Id":20601,"Name":"Microsoft.EntityFrameworkCore.Model.Validation.BoolWithDefaultWarning"},"SourceContext":"Microsoft.EntityFrameworkCore.Model.Validation","Application":"MiniJira"}
2025-10-05 17:15:43.378 +02:00 [INF] Acquiring an exclusive lock for migration application. See https://aka.ms/efcore-docs-migrations-lock for more information if this takes too long. {"EventId":{"Id":20411,"Name":"Microsoft.EntityFrameworkCore.Migrations.AcquiringMigrationLock"},"SourceContext":"Microsoft.EntityFrameworkCore.Migrations","Application":"MiniJira"}
2025-10-05 17:15:43.479 +02:00 [INF] No migrations were applied. The database is already up to date. {"EventId":{"Id":20405,"Name":"Microsoft.EntityFrameworkCore.Migrations.MigrationsNotApplied"},"SourceContext":"Microsoft.EntityFrameworkCore.Migrations","Application":"MiniJira"}
2025-10-05 17:15:43.489 +02:00 [INF] Database migrations applied successfully {"SourceContext":"Program","Application":"MiniJira"}
2025-10-05 17:15:44.027 +02:00 [INF] Now listening on: https://localhost:7105 {"EventId":{"Id":14,"Name":"ListeningOnAddress"},"SourceContext":"Microsoft.Hosting.Lifetime","Application":"MiniJira"}
2025-10-05 17:15:44.033 +02:00 [INF] Now listening on: http://localhost:5194 {"EventId":{"Id":14,"Name":"ListeningOnAddress"},"SourceContext":"Microsoft.Hosting.Lifetime","Application":"MiniJira"}
2025-10-05 17:15:44.103 +02:00 [INF] Application started. Press Ctrl+C to shut down. {"SourceContext":"Microsoft.Hosting.Lifetime","Application":"MiniJira"}
2025-10-05 17:15:44.107 +02:00 [INF] Hosting environment: Development {"SourceContext":"Microsoft.Hosting.Lifetime","Application":"MiniJira"}
2025-10-05 17:15:44.111 +02:00 [INF] Content root path: D:\KimiAi\MiniJira\MiniJira\MiniJira {"SourceContext":"Microsoft.Hosting.Lifetime","Application":"MiniJira"}
2025-10-05 17:15:45.286 +02:00 [INF] Retrieving all tasks {"SourceContext":"MiniJira.Services.TaskService","ActionId":"9400774d-d0f2-41be-b141-1fb72abb07fd","ActionName":"/_Host","RequestId":"0HNG4486VRFAI:00000001","RequestPath":"/","ConnectionId":"0HNG4486VRFAI","Application":"MiniJira"}
2025-10-05 17:15:46.086 +02:00 [INF] Retrieving all tasks {"SourceContext":"MiniJira.Services.TaskService","TransportConnectionId":"_j8BxH-q0NMpcvYatuWAoQ","RequestId":"0HNG4486VRFAI:0000000F","RequestPath":"/_blazor","ConnectionId":"0HNG4486VRFAI","Application":"MiniJira"}
2025-10-05 17:20:13.677 +02:00 [INF] Applying database migrations... {"SourceContext":"Program","Application":"MiniJira"}
2025-10-05 17:20:14.080 +02:00 [WRN] The 'TaskPriority' property 'Priority' on entity type 'Task' is configured with a database-generated default, but has no configured sentinel value. The database-generated default will always be used for inserts when the property has the value 'Low', since this is the CLR default for the 'TaskPriority' type. Consider using a nullable type, using a nullable backing field, or setting the sentinel value for the property to ensure the database default is used when, and only when, appropriate. See https://aka.ms/efcore-docs-default-values for more information. {"EventId":{"Id":20601,"Name":"Microsoft.EntityFrameworkCore.Model.Validation.BoolWithDefaultWarning"},"SourceContext":"Microsoft.EntityFrameworkCore.Model.Validation","Application":"MiniJira"}
2025-10-05 17:20:14.286 +02:00 [INF] Acquiring an exclusive lock for migration application. See https://aka.ms/efcore-docs-migrations-lock for more information if this takes too long. {"EventId":{"Id":20411,"Name":"Microsoft.EntityFrameworkCore.Migrations.AcquiringMigrationLock"},"SourceContext":"Microsoft.EntityFrameworkCore.Migrations","Application":"MiniJira"}
2025-10-05 17:20:14.383 +02:00 [INF] No migrations were applied. The database is already up to date. {"EventId":{"Id":20405,"Name":"Microsoft.EntityFrameworkCore.Migrations.MigrationsNotApplied"},"SourceContext":"Microsoft.EntityFrameworkCore.Migrations","Application":"MiniJira"}
2025-10-05 17:20:14.394 +02:00 [INF] Database migrations applied successfully {"SourceContext":"Program","Application":"MiniJira"}
2025-10-05 17:20:14.820 +02:00 [INF] Now listening on: https://localhost:7105 {"EventId":{"Id":14,"Name":"ListeningOnAddress"},"SourceContext":"Microsoft.Hosting.Lifetime","Application":"MiniJira"}
2025-10-05 17:20:14.827 +02:00 [INF] Now listening on: http://localhost:5194 {"EventId":{"Id":14,"Name":"ListeningOnAddress"},"SourceContext":"Microsoft.Hosting.Lifetime","Application":"MiniJira"}
2025-10-05 17:20:14.888 +02:00 [INF] Application started. Press Ctrl+C to shut down. {"SourceContext":"Microsoft.Hosting.Lifetime","Application":"MiniJira"}
2025-10-05 17:20:14.893 +02:00 [INF] Hosting environment: Development {"SourceContext":"Microsoft.Hosting.Lifetime","Application":"MiniJira"}
2025-10-05 17:20:14.896 +02:00 [INF] Content root path: D:\KimiAi\MiniJira\MiniJira\MiniJira {"SourceContext":"Microsoft.Hosting.Lifetime","Application":"MiniJira"}
2025-10-05 17:20:15.919 +02:00 [INF] Retrieving all tasks {"SourceContext":"MiniJira.Services.TaskService","ActionId":"65c33b22-6d93-41a9-a4e1-41c2cf8bc7fa","ActionName":"/_Host","RequestId":"0HNG44ANM1MVJ:00000001","RequestPath":"/","ConnectionId":"0HNG44ANM1MVJ","Application":"MiniJira"}
2025-10-05 17:20:16.679 +02:00 [INF] Retrieving all tasks {"SourceContext":"MiniJira.Services.TaskService","TransportConnectionId":"XH_ctXkrGwQJMWC4hJKjDg","RequestId":"0HNG44ANM1MVJ:0000000F","RequestPath":"/_blazor","ConnectionId":"0HNG44ANM1MVJ","Application":"MiniJira"}
2025-10-05 19:38:05.551 +02:00 [INF] Applying database migrations... {"SourceContext":"Program","Application":"MiniJira"}
2025-10-05 19:38:05.945 +02:00 [WRN] The 'TaskPriority' property 'Priority' on entity type 'Task' is configured with a database-generated default, but has no configured sentinel value. The database-generated default will always be used for inserts when the property has the value 'Low', since this is the CLR default for the 'TaskPriority' type. Consider using a nullable type, using a nullable backing field, or setting the sentinel value for the property to ensure the database default is used when, and only when, appropriate. See https://aka.ms/efcore-docs-default-values for more information. {"EventId":{"Id":20601,"Name":"Microsoft.EntityFrameworkCore.Model.Validation.BoolWithDefaultWarning"},"SourceContext":"Microsoft.EntityFrameworkCore.Model.Validation","Application":"MiniJira"}
2025-10-05 19:38:06.116 +02:00 [INF] Acquiring an exclusive lock for migration application. See https://aka.ms/efcore-docs-migrations-lock for more information if this takes too long. {"EventId":{"Id":20411,"Name":"Microsoft.EntityFrameworkCore.Migrations.AcquiringMigrationLock"},"SourceContext":"Microsoft.EntityFrameworkCore.Migrations","Application":"MiniJira"}
2025-10-05 19:38:06.208 +02:00 [INF] No migrations were applied. The database is already up to date. {"EventId":{"Id":20405,"Name":"Microsoft.EntityFrameworkCore.Migrations.MigrationsNotApplied"},"SourceContext":"Microsoft.EntityFrameworkCore.Migrations","Application":"MiniJira"}
2025-10-05 19:38:06.218 +02:00 [INF] Database migrations applied successfully {"SourceContext":"Program","Application":"MiniJira"}
2025-10-05 19:38:06.712 +02:00 [INF] Now listening on: https://localhost:7105 {"EventId":{"Id":14,"Name":"ListeningOnAddress"},"SourceContext":"Microsoft.Hosting.Lifetime","Application":"MiniJira"}
2025-10-05 19:38:06.719 +02:00 [INF] Now listening on: http://localhost:5194 {"EventId":{"Id":14,"Name":"ListeningOnAddress"},"SourceContext":"Microsoft.Hosting.Lifetime","Application":"MiniJira"}
2025-10-05 19:38:06.787 +02:00 [INF] Application started. Press Ctrl+C to shut down. {"SourceContext":"Microsoft.Hosting.Lifetime","Application":"MiniJira"}
2025-10-05 19:38:06.803 +02:00 [INF] Hosting environment: Development {"SourceContext":"Microsoft.Hosting.Lifetime","Application":"MiniJira"}
2025-10-05 19:38:06.807 +02:00 [INF] Content root path: D:\KimiAi\MiniJira\MiniJira\MiniJira {"SourceContext":"Microsoft.Hosting.Lifetime","Application":"MiniJira"}
2025-10-05 19:38:07.659 +02:00 [INF] Retrieving all tasks {"SourceContext":"MiniJira.Services.TaskService","ActionId":"353d8cb3-8e3e-4c19-9d6c-bdd1a6300e1c","ActionName":"/_Host","RequestId":"0HNG46NOQSO3O:00000001","RequestPath":"/","ConnectionId":"0HNG46NOQSO3O","Application":"MiniJira"}
2025-10-05 19:38:08.421 +02:00 [INF] Retrieving all tasks {"SourceContext":"MiniJira.Services.TaskService","TransportConnectionId":"oFkc4PlYvfabn1SXCIsmXw","RequestId":"0HNG46NOQSO3P:00000015","RequestPath":"/_blazor","ConnectionId":"0HNG46NOQSO3P","Application":"MiniJira"}
2025-10-05 20:15:52.780 +02:00 [WRN] The 'TaskPriority' property 'Priority' on entity type 'Task' is configured with a database-generated default, but has no configured sentinel value. The database-generated default will always be used for inserts when the property has the value 'Low', since this is the CLR default for the 'TaskPriority' type. Consider using a nullable type, using a nullable backing field, or setting the sentinel value for the property to ensure the database default is used when, and only when, appropriate. See https://aka.ms/efcore-docs-default-values for more information. {"EventId":{"Id":20601,"Name":"Microsoft.EntityFrameworkCore.Model.Validation.BoolWithDefaultWarning"},"SourceContext":"Microsoft.EntityFrameworkCore.Model.Validation","Application":"MiniJira"}
2025-10-05 20:22:48.786 +02:00 [WRN] The 'TaskPriority' property 'Priority' on entity type 'Task' is configured with a database-generated default, but has no configured sentinel value. The database-generated default will always be used for inserts when the property has the value 'Low', since this is the CLR default for the 'TaskPriority' type. Consider using a nullable type, using a nullable backing field, or setting the sentinel value for the property to ensure the database default is used when, and only when, appropriate. See https://aka.ms/efcore-docs-default-values for more information. {"EventId":{"Id":20601,"Name":"Microsoft.EntityFrameworkCore.Model.Validation.BoolWithDefaultWarning"},"SourceContext":"Microsoft.EntityFrameworkCore.Model.Validation","Application":"MiniJira"}
2025-10-05 20:22:48.969 +02:00 [INF] Acquiring an exclusive lock for migration application. See https://aka.ms/efcore-docs-migrations-lock for more information if this takes too long. {"EventId":{"Id":20411,"Name":"Microsoft.EntityFrameworkCore.Migrations.AcquiringMigrationLock"},"SourceContext":"Microsoft.EntityFrameworkCore.Migrations","Application":"MiniJira"}
2025-10-05 20:22:49.056 +02:00 [INF] Applying migration '20251005181554_AddDynamicColumns'. {"EventId":{"Id":20402,"Name":"Microsoft.EntityFrameworkCore.Migrations.MigrationApplying"},"SourceContext":"Microsoft.EntityFrameworkCore.Migrations","Application":"MiniJira"}
2025-10-05 20:22:49.077 +02:00 [WRN] An operation of type 'SqlOperation' will be attempted while a rebuild of table 'Tasks' is pending. The database may not be in an expected state. Review the SQL generated by this migration to help diagnose any failures. Consider moving these operations to a subsequent migration. {"EventId":{"Id":30200,"Name":"Microsoft.EntityFrameworkCore.Migrations.TableRebuildPendingWarning"},"SourceContext":"Microsoft.EntityFrameworkCore.Migrations","Application":"MiniJira"}
2025-10-05 20:22:49.091 +02:00 [WRN] The migration operation 'PRAGMA foreign_keys = 0;
' from migration 'AddDynamicColumns' cannot be executed in a transaction. If the app is terminated or an unrecoverable error occurs while this operation is being executed then the migration will be left in a partially applied state and would need to be reverted manually before it can be applied again. Create a separate migration that contains just this operation. {"EventId":{"Id":20410,"Name":"Microsoft.EntityFrameworkCore.Migrations.NonTransactionalMigrationOperationWarning"},"SourceContext":"Microsoft.EntityFrameworkCore.Migrations","Application":"MiniJira"}
2025-10-05 20:27:33.835 +02:00 [INF] Applying database migrations... {"SourceContext":"Program","Application":"MiniJira"}
2025-10-05 20:27:34.249 +02:00 [WRN] The 'TaskPriority' property 'Priority' on entity type 'Task' is configured with a database-generated default, but has no configured sentinel value. The database-generated default will always be used for inserts when the property has the value 'Low', since this is the CLR default for the 'TaskPriority' type. Consider using a nullable type, using a nullable backing field, or setting the sentinel value for the property to ensure the database default is used when, and only when, appropriate. See https://aka.ms/efcore-docs-default-values for more information. {"EventId":{"Id":20601,"Name":"Microsoft.EntityFrameworkCore.Model.Validation.BoolWithDefaultWarning"},"SourceContext":"Microsoft.EntityFrameworkCore.Model.Validation","Application":"MiniJira"}
2025-10-05 20:27:34.410 +02:00 [INF] Acquiring an exclusive lock for migration application. See https://aka.ms/efcore-docs-migrations-lock for more information if this takes too long. {"EventId":{"Id":20411,"Name":"Microsoft.EntityFrameworkCore.Migrations.AcquiringMigrationLock"},"SourceContext":"Microsoft.EntityFrameworkCore.Migrations","Application":"MiniJira"}
2025-10-05 20:27:34.497 +02:00 [INF] No migrations were applied. The database is already up to date. {"EventId":{"Id":20405,"Name":"Microsoft.EntityFrameworkCore.Migrations.MigrationsNotApplied"},"SourceContext":"Microsoft.EntityFrameworkCore.Migrations","Application":"MiniJira"}
2025-10-05 20:27:34.501 +02:00 [INF] Database migrations applied successfully {"SourceContext":"Program","Application":"MiniJira"}
2025-10-05 20:27:34.753 +02:00 [INF] Now listening on: https://localhost:7105 {"EventId":{"Id":14,"Name":"ListeningOnAddress"},"SourceContext":"Microsoft.Hosting.Lifetime","Application":"MiniJira"}
2025-10-05 20:27:34.754 +02:00 [INF] Now listening on: http://localhost:5194 {"EventId":{"Id":14,"Name":"ListeningOnAddress"},"SourceContext":"Microsoft.Hosting.Lifetime","Application":"MiniJira"}
2025-10-05 20:27:34.754 +02:00 [INF] Application started. Press Ctrl+C to shut down. {"SourceContext":"Microsoft.Hosting.Lifetime","Application":"MiniJira"}
2025-10-05 20:27:34.755 +02:00 [INF] Hosting environment: Development {"SourceContext":"Microsoft.Hosting.Lifetime","Application":"MiniJira"}
2025-10-05 20:27:34.755 +02:00 [INF] Content root path: D:\KimiAi\MiniJira\MiniJira\MiniJira {"SourceContext":"Microsoft.Hosting.Lifetime","Application":"MiniJira"}
2025-10-05 20:48:34.351 +02:00 [INF] Applying database migrations... {"SourceContext":"Program","Application":"MiniJira"}
2025-10-05 20:48:34.891 +02:00 [WRN] The 'TaskPriority' property 'Priority' on entity type 'Task' is configured with a database-generated default, but has no configured sentinel value. The database-generated default will always be used for inserts when the property has the value 'Low', since this is the CLR default for the 'TaskPriority' type. Consider using a nullable type, using a nullable backing field, or setting the sentinel value for the property to ensure the database default is used when, and only when, appropriate. See https://aka.ms/efcore-docs-default-values for more information. {"EventId":{"Id":20601,"Name":"Microsoft.EntityFrameworkCore.Model.Validation.BoolWithDefaultWarning"},"SourceContext":"Microsoft.EntityFrameworkCore.Model.Validation","Application":"MiniJira"}
2025-10-05 20:48:35.075 +02:00 [INF] Acquiring an exclusive lock for migration application. See https://aka.ms/efcore-docs-migrations-lock for more information if this takes too long. {"EventId":{"Id":20411,"Name":"Microsoft.EntityFrameworkCore.Migrations.AcquiringMigrationLock"},"SourceContext":"Microsoft.EntityFrameworkCore.Migrations","Application":"MiniJira"}
2025-10-05 20:48:35.184 +02:00 [INF] No migrations were applied. The database is already up to date. {"EventId":{"Id":20405,"Name":"Microsoft.EntityFrameworkCore.Migrations.MigrationsNotApplied"},"SourceContext":"Microsoft.EntityFrameworkCore.Migrations","Application":"MiniJira"}
2025-10-05 20:48:35.194 +02:00 [INF] Database migrations applied successfully {"SourceContext":"Program","Application":"MiniJira"}
2025-10-05 20:48:35.668 +02:00 [INF] Now listening on: https://localhost:7105 {"EventId":{"Id":14,"Name":"ListeningOnAddress"},"SourceContext":"Microsoft.Hosting.Lifetime","Application":"MiniJira"}
2025-10-05 20:48:35.674 +02:00 [INF] Now listening on: http://localhost:5194 {"EventId":{"Id":14,"Name":"ListeningOnAddress"},"SourceContext":"Microsoft.Hosting.Lifetime","Application":"MiniJira"}
2025-10-05 20:48:35.750 +02:00 [INF] Application started. Press Ctrl+C to shut down. {"SourceContext":"Microsoft.Hosting.Lifetime","Application":"MiniJira"}
2025-10-05 20:48:35.755 +02:00 [INF] Hosting environment: Development {"SourceContext":"Microsoft.Hosting.Lifetime","Application":"MiniJira"}
2025-10-05 20:48:35.757 +02:00 [INF] Content root path: D:\KimiAi\MiniJira\MiniJira\MiniJira {"SourceContext":"Microsoft.Hosting.Lifetime","Application":"MiniJira"}
2025-10-05 20:48:36.719 +02:00 [INF] Retrieving all columns for culture en-US {"SourceContext":"MiniJira.Services.ColumnService","ActionId":"8b5aa8c3-b561-4fd7-bc47-8f0f5236f96a","ActionName":"/_Host","RequestId":"0HNG47V566DL3:00000001","RequestPath":"/","ConnectionId":"0HNG47V566DL3","Application":"MiniJira"}
2025-10-05 20:48:37.014 +02:00 [WRN] Compiling a query which loads related collections for more than one collection navigation, either via 'Include' or through projection, but no 'QuerySplittingBehavior' has been configured. By default, Entity Framework will use 'QuerySplittingBehavior.SingleQuery', which can potentially result in slow query performance. See https://go.microsoft.com/fwlink/?linkid=2134277 for more information. To identify the query that's triggering this warning call 'ConfigureWarnings(w => w.Throw(RelationalEventId.MultipleCollectionIncludeWarning))'. {"EventId":{"Id":20504,"Name":"Microsoft.EntityFrameworkCore.Query.MultipleCollectionIncludeWarning"},"SourceContext":"Microsoft.EntityFrameworkCore.Query","ActionId":"8b5aa8c3-b561-4fd7-bc47-8f0f5236f96a","ActionName":"/_Host","RequestId":"0HNG47V566DL3:00000001","RequestPath":"/","ConnectionId":"0HNG47V566DL3","Application":"MiniJira"}
2025-10-05 20:48:37.101 +02:00 [INF] Retrieving all tasks {"SourceContext":"MiniJira.Services.TaskService","ActionId":"8b5aa8c3-b561-4fd7-bc47-8f0f5236f96a","ActionName":"/_Host","RequestId":"0HNG47V566DL3:00000001","RequestPath":"/","ConnectionId":"0HNG47V566DL3","Application":"MiniJira"}
2025-10-05 20:48:37.605 +02:00 [INF] Retrieving all columns for culture en-US {"SourceContext":"MiniJira.Services.ColumnService","TransportConnectionId":"JfF1FVSXW9tUK9RQjx-0fg","RequestId":"0HNG47V566DL3:00000017","RequestPath":"/_blazor","ConnectionId":"0HNG47V566DL3","Application":"MiniJira"}
2025-10-05 20:48:37.653 +02:00 [INF] Retrieving all tasks {"SourceContext":"MiniJira.Services.TaskService","TransportConnectionId":"JfF1FVSXW9tUK9RQjx-0fg","RequestId":"0HNG47V566DL3:00000017","RequestPath":"/_blazor","ConnectionId":"0HNG47V566DL3","Application":"MiniJira"}
2025-10-05 20:48:55.768 +02:00 [INF] Retrieving all columns for culture en-US {"SourceContext":"MiniJira.Services.ColumnService","TransportConnectionId":"JfF1FVSXW9tUK9RQjx-0fg","RequestId":"0HNG47V566DL3:00000017","RequestPath":"/_blazor","ConnectionId":"0HNG47V566DL3","Application":"MiniJira"}
2025-10-05 20:49:46.753 +02:00 [INF] Creating new column {"SourceContext":"MiniJira.Services.ColumnService","TransportConnectionId":"JfF1FVSXW9tUK9RQjx-0fg","RequestId":"0HNG47V566DL3:00000017","RequestPath":"/_blazor","ConnectionId":"0HNG47V566DL3","Application":"MiniJira"}
2025-10-05 20:49:47.076 +02:00 [INF] Column created successfully with ID "587f0cd0-f3f9-4cdf-b1ee-db76561caaf5" {"SourceContext":"MiniJira.Services.ColumnService","TransportConnectionId":"JfF1FVSXW9tUK9RQjx-0fg","RequestId":"0HNG47V566DL3:00000017","RequestPath":"/_blazor","ConnectionId":"0HNG47V566DL3","Application":"MiniJira"}
2025-10-05 20:49:47.086 +02:00 [INF] Retrieving column "587f0cd0-f3f9-4cdf-b1ee-db76561caaf5" for culture en-US {"SourceContext":"MiniJira.Services.ColumnService","TransportConnectionId":"JfF1FVSXW9tUK9RQjx-0fg","RequestId":"0HNG47V566DL3:00000017","RequestPath":"/_blazor","ConnectionId":"0HNG47V566DL3","Application":"MiniJira"}
2025-10-05 20:49:47.112 +02:00 [WRN] Compiling a query which loads related collections for more than one collection navigation, either via 'Include' or through projection, but no 'QuerySplittingBehavior' has been configured. By default, Entity Framework will use 'QuerySplittingBehavior.SingleQuery', which can potentially result in slow query performance. See https://go.microsoft.com/fwlink/?linkid=2134277 for more information. To identify the query that's triggering this warning call 'ConfigureWarnings(w => w.Throw(RelationalEventId.MultipleCollectionIncludeWarning))'. {"EventId":{"Id":20504,"Name":"Microsoft.EntityFrameworkCore.Query.MultipleCollectionIncludeWarning"},"SourceContext":"Microsoft.EntityFrameworkCore.Query","TransportConnectionId":"JfF1FVSXW9tUK9RQjx-0fg","RequestId":"0HNG47V566DL3:00000017","RequestPath":"/_blazor","ConnectionId":"0HNG47V566DL3","Application":"MiniJira"}
2025-10-05 20:49:47.147 +02:00 [INF] Retrieving all columns for culture en-US {"SourceContext":"MiniJira.Services.ColumnService","TransportConnectionId":"JfF1FVSXW9tUK9RQjx-0fg","RequestId":"0HNG47V566DL3:00000017","RequestPath":"/_blazor","ConnectionId":"0HNG47V566DL3","Application":"MiniJira"}
2025-10-05 20:52:42.392 +02:00 [INF] Applying database migrations... {"SourceContext":"Program","Application":"MiniJira"}
2025-10-05 20:52:43.025 +02:00 [WRN] The 'TaskPriority' property 'Priority' on entity type 'Task' is configured with a database-generated default, but has no configured sentinel value. The database-generated default will always be used for inserts when the property has the value 'Low', since this is the CLR default for the 'TaskPriority' type. Consider using a nullable type, using a nullable backing field, or setting the sentinel value for the property to ensure the database default is used when, and only when, appropriate. See https://aka.ms/efcore-docs-default-values for more information. {"EventId":{"Id":20601,"Name":"Microsoft.EntityFrameworkCore.Model.Validation.BoolWithDefaultWarning"},"SourceContext":"Microsoft.EntityFrameworkCore.Model.Validation","Application":"MiniJira"}
2025-10-05 20:52:43.246 +02:00 [INF] Acquiring an exclusive lock for migration application. See https://aka.ms/efcore-docs-migrations-lock for more information if this takes too long. {"EventId":{"Id":20411,"Name":"Microsoft.EntityFrameworkCore.Migrations.AcquiringMigrationLock"},"SourceContext":"Microsoft.EntityFrameworkCore.Migrations","Application":"MiniJira"}
2025-10-05 20:52:43.379 +02:00 [INF] No migrations were applied. The database is already up to date. {"EventId":{"Id":20405,"Name":"Microsoft.EntityFrameworkCore.Migrations.MigrationsNotApplied"},"SourceContext":"Microsoft.EntityFrameworkCore.Migrations","Application":"MiniJira"}
2025-10-05 20:52:43.392 +02:00 [INF] Database migrations applied successfully {"SourceContext":"Program","Application":"MiniJira"}
2025-10-05 20:52:43.892 +02:00 [INF] Now listening on: https://localhost:7105 {"EventId":{"Id":14,"Name":"ListeningOnAddress"},"SourceContext":"Microsoft.Hosting.Lifetime","Application":"MiniJira"}
2025-10-05 20:52:43.899 +02:00 [INF] Now listening on: http://localhost:5194 {"EventId":{"Id":14,"Name":"ListeningOnAddress"},"SourceContext":"Microsoft.Hosting.Lifetime","Application":"MiniJira"}
2025-10-05 20:52:43.984 +02:00 [INF] Application started. Press Ctrl+C to shut down. {"SourceContext":"Microsoft.Hosting.Lifetime","Application":"MiniJira"}
2025-10-05 20:52:43.988 +02:00 [INF] Hosting environment: Development {"SourceContext":"Microsoft.Hosting.Lifetime","Application":"MiniJira"}
2025-10-05 20:52:43.990 +02:00 [INF] Content root path: D:\KimiAi\MiniJira\MiniJira\MiniJira {"SourceContext":"Microsoft.Hosting.Lifetime","Application":"MiniJira"}
2025-10-05 20:52:45.112 +02:00 [INF] Retrieving all columns for culture en-US {"SourceContext":"MiniJira.Services.ColumnService","ActionId":"d8a8edb3-2fb2-450c-ba50-86076ddf353a","ActionName":"/_Host","RequestId":"0HNG481F76N66:00000001","RequestPath":"/","ConnectionId":"0HNG481F76N66","Application":"MiniJira"}
2025-10-05 20:52:45.430 +02:00 [WRN] Compiling a query which loads related collections for more than one collection navigation, either via 'Include' or through projection, but no 'QuerySplittingBehavior' has been configured. By default, Entity Framework will use 'QuerySplittingBehavior.SingleQuery', which can potentially result in slow query performance. See https://go.microsoft.com/fwlink/?linkid=2134277 for more information. To identify the query that's triggering this warning call 'ConfigureWarnings(w => w.Throw(RelationalEventId.MultipleCollectionIncludeWarning))'. {"EventId":{"Id":20504,"Name":"Microsoft.EntityFrameworkCore.Query.MultipleCollectionIncludeWarning"},"SourceContext":"Microsoft.EntityFrameworkCore.Query","ActionId":"d8a8edb3-2fb2-450c-ba50-86076ddf353a","ActionName":"/_Host","RequestId":"0HNG481F76N66:00000001","RequestPath":"/","ConnectionId":"0HNG481F76N66","Application":"MiniJira"}
2025-10-05 20:52:45.517 +02:00 [INF] Retrieving all tasks {"SourceContext":"MiniJira.Services.TaskService","ActionId":"d8a8edb3-2fb2-450c-ba50-86076ddf353a","ActionName":"/_Host","RequestId":"0HNG481F76N66:00000001","RequestPath":"/","ConnectionId":"0HNG481F76N66","Application":"MiniJira"}
2025-10-05 20:52:46.088 +02:00 [INF] Retrieving all columns for culture en-US {"SourceContext":"MiniJira.Services.ColumnService","TransportConnectionId":"f47-voUAtHdp_FkvF22clw","RequestId":"0HNG481F76N66:00000017","RequestPath":"/_blazor","ConnectionId":"0HNG481F76N66","Application":"MiniJira"}
2025-10-05 20:52:46.141 +02:00 [INF] Retrieving all tasks {"SourceContext":"MiniJira.Services.TaskService","TransportConnectionId":"f47-voUAtHdp_FkvF22clw","RequestId":"0HNG481F76N66:00000017","RequestPath":"/_blazor","ConnectionId":"0HNG481F76N66","Application":"MiniJira"}
2025-10-05 20:54:17.807 +02:00 [INF] Retrieving all columns for culture en-US {"SourceContext":"MiniJira.Services.ColumnService","TransportConnectionId":"f47-voUAtHdp_FkvF22clw","RequestId":"0HNG481F76N66:00000017","RequestPath":"/_blazor","ConnectionId":"0HNG481F76N66","Application":"MiniJira"}
2025-10-05 21:00:27.532 +02:00 [WRN] The 'TaskPriority' property 'Priority' on entity type 'Task' is configured with a database-generated default, but has no configured sentinel value. The database-generated default will always be used for inserts when the property has the value 'Low', since this is the CLR default for the 'TaskPriority' type. Consider using a nullable type, using a nullable backing field, or setting the sentinel value for the property to ensure the database default is used when, and only when, appropriate. See https://aka.ms/efcore-docs-default-values for more information. {"EventId":{"Id":20601,"Name":"Microsoft.EntityFrameworkCore.Model.Validation.BoolWithDefaultWarning"},"SourceContext":"Microsoft.EntityFrameworkCore.Model.Validation","Application":"MiniJira"}
2025-10-05 21:00:27.741 +02:00 [INF] Acquiring an exclusive lock for migration application. See https://aka.ms/efcore-docs-migrations-lock for more information if this takes too long. {"EventId":{"Id":20411,"Name":"Microsoft.EntityFrameworkCore.Migrations.AcquiringMigrationLock"},"SourceContext":"Microsoft.EntityFrameworkCore.Migrations","Application":"MiniJira"}
2025-10-05 21:00:27.840 +02:00 [INF] Applying migration '20251005000000_MakeInProgressNonSystem'. {"EventId":{"Id":20402,"Name":"Microsoft.EntityFrameworkCore.Migrations.MigrationApplying"},"SourceContext":"Microsoft.EntityFrameworkCore.Migrations","Application":"MiniJira"}
2025-10-05 21:08:28.484 +02:00 [WRN] The 'TaskPriority' property 'Priority' on entity type 'Task' is configured with a database-generated default, but has no configured sentinel value. The database-generated default will always be used for inserts when the property has the value 'Low', since this is the CLR default for the 'TaskPriority' type. Consider using a nullable type, using a nullable backing field, or setting the sentinel value for the property to ensure the database default is used when, and only when, appropriate. See https://aka.ms/efcore-docs-default-values for more information. {"EventId":{"Id":20601,"Name":"Microsoft.EntityFrameworkCore.Model.Validation.BoolWithDefaultWarning"},"SourceContext":"Microsoft.EntityFrameworkCore.Model.Validation","Application":"MiniJira"}
2025-10-05 21:08:48.183 +02:00 [WRN] The 'TaskPriority' property 'Priority' on entity type 'Task' is configured with a database-generated default, but has no configured sentinel value. The database-generated default will always be used for inserts when the property has the value 'Low', since this is the CLR default for the 'TaskPriority' type. Consider using a nullable type, using a nullable backing field, or setting the sentinel value for the property to ensure the database default is used when, and only when, appropriate. See https://aka.ms/efcore-docs-default-values for more information. {"EventId":{"Id":20601,"Name":"Microsoft.EntityFrameworkCore.Model.Validation.BoolWithDefaultWarning"},"SourceContext":"Microsoft.EntityFrameworkCore.Model.Validation","Application":"MiniJira"}
2025-10-05 21:08:48.383 +02:00 [INF] Acquiring an exclusive lock for migration application. See https://aka.ms/efcore-docs-migrations-lock for more information if this takes too long. {"EventId":{"Id":20411,"Name":"Microsoft.EntityFrameworkCore.Migrations.AcquiringMigrationLock"},"SourceContext":"Microsoft.EntityFrameworkCore.Migrations","Application":"MiniJira"}
2025-10-05 21:08:48.483 +02:00 [INF] Applying migration '20251005190828_AddTaskColumnHistory'. {"EventId":{"Id":20402,"Name":"Microsoft.EntityFrameworkCore.Migrations.MigrationApplying"},"SourceContext":"Microsoft.EntityFrameworkCore.Migrations","Application":"MiniJira"}
2025-10-05 21:20:58.302 +02:00 [INF] Applying database migrations... {"SourceContext":"Program","Application":"MiniJira"}
2025-10-05 21:20:58.857 +02:00 [WRN] The 'TaskPriority' property 'Priority' on entity type 'Task' is configured with a database-generated default, but has no configured sentinel value. The database-generated default will always be used for inserts when the property has the value 'Low', since this is the CLR default for the 'TaskPriority' type. Consider using a nullable type, using a nullable backing field, or setting the sentinel value for the property to ensure the database default is used when, and only when, appropriate. See https://aka.ms/efcore-docs-default-values for more information. {"EventId":{"Id":20601,"Name":"Microsoft.EntityFrameworkCore.Model.Validation.BoolWithDefaultWarning"},"SourceContext":"Microsoft.EntityFrameworkCore.Model.Validation","Application":"MiniJira"}
2025-10-05 21:20:59.072 +02:00 [INF] Acquiring an exclusive lock for migration application. See https://aka.ms/efcore-docs-migrations-lock for more information if this takes too long. {"EventId":{"Id":20411,"Name":"Microsoft.EntityFrameworkCore.Migrations.AcquiringMigrationLock"},"SourceContext":"Microsoft.EntityFrameworkCore.Migrations","Application":"MiniJira"}
2025-10-05 21:20:59.179 +02:00 [INF] No migrations were applied. The database is already up to date. {"EventId":{"Id":20405,"Name":"Microsoft.EntityFrameworkCore.Migrations.MigrationsNotApplied"},"SourceContext":"Microsoft.EntityFrameworkCore.Migrations","Application":"MiniJira"}
2025-10-05 21:20:59.189 +02:00 [INF] Database migrations applied successfully {"SourceContext":"Program","Application":"MiniJira"}
2025-10-05 21:20:59.690 +02:00 [INF] Now listening on: https://localhost:7105 {"EventId":{"Id":14,"Name":"ListeningOnAddress"},"SourceContext":"Microsoft.Hosting.Lifetime","Application":"MiniJira"}
2025-10-05 21:20:59.697 +02:00 [INF] Now listening on: http://localhost:5194 {"EventId":{"Id":14,"Name":"ListeningOnAddress"},"SourceContext":"Microsoft.Hosting.Lifetime","Application":"MiniJira"}
2025-10-05 21:20:59.774 +02:00 [INF] Application started. Press Ctrl+C to shut down. {"SourceContext":"Microsoft.Hosting.Lifetime","Application":"MiniJira"}
2025-10-05 21:20:59.777 +02:00 [INF] Hosting environment: Development {"SourceContext":"Microsoft.Hosting.Lifetime","Application":"MiniJira"}
2025-10-05 21:20:59.780 +02:00 [INF] Content root path: D:\KimiAi\MiniJira\MiniJira\MiniJira {"SourceContext":"Microsoft.Hosting.Lifetime","Application":"MiniJira"}
2025-10-05 21:21:01.031 +02:00 [INF] Retrieving all columns for culture en-US {"SourceContext":"MiniJira.Services.ColumnService","ActionId":"3c6761a4-75d4-4035-be34-341de9c2d856","ActionName":"/_Host","RequestId":"0HNG48H8KHBRQ:00000001","RequestPath":"/","ConnectionId":"0HNG48H8KHBRQ","Application":"MiniJira"}
2025-10-05 21:21:01.331 +02:00 [WRN] Compiling a query which loads related collections for more than one collection navigation, either via 'Include' or through projection, but no 'QuerySplittingBehavior' has been configured. By default, Entity Framework will use 'QuerySplittingBehavior.SingleQuery', which can potentially result in slow query performance. See https://go.microsoft.com/fwlink/?linkid=2134277 for more information. To identify the query that's triggering this warning call 'ConfigureWarnings(w => w.Throw(RelationalEventId.MultipleCollectionIncludeWarning))'. {"EventId":{"Id":20504,"Name":"Microsoft.EntityFrameworkCore.Query.MultipleCollectionIncludeWarning"},"SourceContext":"Microsoft.EntityFrameworkCore.Query","ActionId":"3c6761a4-75d4-4035-be34-341de9c2d856","ActionName":"/_Host","RequestId":"0HNG48H8KHBRQ:00000001","RequestPath":"/","ConnectionId":"0HNG48H8KHBRQ","Application":"MiniJira"}
2025-10-05 21:21:01.411 +02:00 [INF] Retrieving all tasks {"SourceContext":"MiniJira.Services.TaskService","ActionId":"3c6761a4-75d4-4035-be34-341de9c2d856","ActionName":"/_Host","RequestId":"0HNG48H8KHBRQ:00000001","RequestPath":"/","ConnectionId":"0HNG48H8KHBRQ","Application":"MiniJira"}
2025-10-05 21:21:01.941 +02:00 [INF] Retrieving all columns for culture en-US {"SourceContext":"MiniJira.Services.ColumnService","TransportConnectionId":"bVMmxZPjnDmbrEIQlHr0LA","RequestId":"0HNG48H8KHBRQ:00000011","RequestPath":"/_blazor","ConnectionId":"0HNG48H8KHBRQ","Application":"MiniJira"}
2025-10-05 21:21:01.993 +02:00 [INF] Retrieving all tasks {"SourceContext":"MiniJira.Services.TaskService","TransportConnectionId":"bVMmxZPjnDmbrEIQlHr0LA","RequestId":"0HNG48H8KHBRQ:00000011","RequestPath":"/_blazor","ConnectionId":"0HNG48H8KHBRQ","Application":"MiniJira"}
2025-10-05 21:21:32.553 +02:00 [INF] Retrieving all columns for culture en-US {"SourceContext":"MiniJira.Services.ColumnService","TransportConnectionId":"bVMmxZPjnDmbrEIQlHr0LA","RequestId":"0HNG48H8KHBRQ:00000011","RequestPath":"/_blazor","ConnectionId":"0HNG48H8KHBRQ","Application":"MiniJira"}
2025-10-05 21:21:52.322 +02:00 [INF] Deleting column "587f0cd0-f3f9-4cdf-b1ee-db76561caaf5" {"SourceContext":"MiniJira.Services.ColumnService","TransportConnectionId":"bVMmxZPjnDmbrEIQlHr0LA","RequestId":"0HNG48H8KHBRQ:00000011","RequestPath":"/_blazor","ConnectionId":"0HNG48H8KHBRQ","Application":"MiniJira"}
2025-10-05 21:21:52.545 +02:00 [INF] Column "587f0cd0-f3f9-4cdf-b1ee-db76561caaf5" deleted successfully {"SourceContext":"MiniJira.Services.ColumnService","TransportConnectionId":"bVMmxZPjnDmbrEIQlHr0LA","RequestId":"0HNG48H8KHBRQ:00000011","RequestPath":"/_blazor","ConnectionId":"0HNG48H8KHBRQ","Application":"MiniJira"}
2025-10-05 21:21:52.553 +02:00 [INF] Retrieving all columns for culture en-US {"SourceContext":"MiniJira.Services.ColumnService","TransportConnectionId":"bVMmxZPjnDmbrEIQlHr0LA","RequestId":"0HNG48H8KHBRQ:00000011","RequestPath":"/_blazor","ConnectionId":"0HNG48H8KHBRQ","Application":"MiniJira"}
2025-10-05 21:22:11.604 +02:00 [INF] Creating new column {"SourceContext":"MiniJira.Services.ColumnService","TransportConnectionId":"bVMmxZPjnDmbrEIQlHr0LA","RequestId":"0HNG48H8KHBRQ:00000011","RequestPath":"/_blazor","ConnectionId":"0HNG48H8KHBRQ","Application":"MiniJira"}
2025-10-05 21:22:11.722 +02:00 [INF] Column created successfully with ID "d2762dc1-d77e-4da7-963b-9aba134c3250" {"SourceContext":"MiniJira.Services.ColumnService","TransportConnectionId":"bVMmxZPjnDmbrEIQlHr0LA","RequestId":"0HNG48H8KHBRQ:00000011","RequestPath":"/_blazor","ConnectionId":"0HNG48H8KHBRQ","Application":"MiniJira"}
2025-10-05 21:22:11.731 +02:00 [INF] Retrieving column "d2762dc1-d77e-4da7-963b-9aba134c3250" for culture en-US {"SourceContext":"MiniJira.Services.ColumnService","TransportConnectionId":"bVMmxZPjnDmbrEIQlHr0LA","RequestId":"0HNG48H8KHBRQ:00000011","RequestPath":"/_blazor","ConnectionId":"0HNG48H8KHBRQ","Application":"MiniJira"}
2025-10-05 21:22:11.752 +02:00 [WRN] Compiling a query which loads related collections for more than one collection navigation, either via 'Include' or through projection, but no 'QuerySplittingBehavior' has been configured. By default, Entity Framework will use 'QuerySplittingBehavior.SingleQuery', which can potentially result in slow query performance. See https://go.microsoft.com/fwlink/?linkid=2134277 for more information. To identify the query that's triggering this warning call 'ConfigureWarnings(w => w.Throw(RelationalEventId.MultipleCollectionIncludeWarning))'. {"EventId":{"Id":20504,"Name":"Microsoft.EntityFrameworkCore.Query.MultipleCollectionIncludeWarning"},"SourceContext":"Microsoft.EntityFrameworkCore.Query","TransportConnectionId":"bVMmxZPjnDmbrEIQlHr0LA","RequestId":"0HNG48H8KHBRQ:00000011","RequestPath":"/_blazor","ConnectionId":"0HNG48H8KHBRQ","Application":"MiniJira"}
2025-10-05 21:22:11.787 +02:00 [INF] Retrieving all columns for culture en-US {"SourceContext":"MiniJira.Services.ColumnService","TransportConnectionId":"bVMmxZPjnDmbrEIQlHr0LA","RequestId":"0HNG48H8KHBRQ:00000011","RequestPath":"/_blazor","ConnectionId":"0HNG48H8KHBRQ","Application":"MiniJira"}
2025-10-05 21:22:43.703 +02:00 [INF] Retrieving all columns for culture en-US {"SourceContext":"MiniJira.Services.ColumnService","TransportConnectionId":"bVMmxZPjnDmbrEIQlHr0LA","RequestId":"0HNG48H8KHBRQ:00000011","RequestPath":"/_blazor","ConnectionId":"0HNG48H8KHBRQ","Application":"MiniJira"}
2025-10-05 21:22:43.716 +02:00 [INF] Retrieving all tasks {"SourceContext":"MiniJira.Services.TaskService","TransportConnectionId":"bVMmxZPjnDmbrEIQlHr0LA","RequestId":"0HNG48H8KHBRQ:00000011","RequestPath":"/_blazor","ConnectionId":"0HNG48H8KHBRQ","Application":"MiniJira"}
2025-10-05 21:22:46.530 +02:00 [INF] Updating status for task "1b727d35-f4ff-4332-adff-90c224f2e49a" to "ToDo" {"SourceContext":"MiniJira.Services.TaskService","TransportConnectionId":"bVMmxZPjnDmbrEIQlHr0LA","RequestId":"0HNG48H8KHBRQ:00000011","RequestPath":"/_blazor","ConnectionId":"0HNG48H8KHBRQ","Application":"MiniJira"}
2025-10-05 21:22:46.652 +02:00 [INF] Task "1b727d35-f4ff-4332-adff-90c224f2e49a" status updated successfully to "ToDo" {"SourceContext":"MiniJira.Services.TaskService","TransportConnectionId":"bVMmxZPjnDmbrEIQlHr0LA","RequestId":"0HNG48H8KHBRQ:00000011","RequestPath":"/_blazor","ConnectionId":"0HNG48H8KHBRQ","Application":"MiniJira"}
2025-10-05 21:22:47.839 +02:00 [INF] Retrieving task with ID "1b727d35-f4ff-4332-adff-90c224f2e49a" {"SourceContext":"MiniJira.Services.TaskService","TransportConnectionId":"bVMmxZPjnDmbrEIQlHr0LA","RequestId":"0HNG48H8KHBRQ:00000011","RequestPath":"/_blazor","ConnectionId":"0HNG48H8KHBRQ","Application":"MiniJira"}
2025-10-05 21:35:38.238 +02:00 [WRN] The 'TaskPriority' property 'Priority' on entity type 'Task' is configured with a database-generated default, but has no configured sentinel value. The database-generated default will always be used for inserts when the property has the value 'Low', since this is the CLR default for the 'TaskPriority' type. Consider using a nullable type, using a nullable backing field, or setting the sentinel value for the property to ensure the database default is used when, and only when, appropriate. See https://aka.ms/efcore-docs-default-values for more information. {"EventId":{"Id":20601,"Name":"Microsoft.EntityFrameworkCore.Model.Validation.BoolWithDefaultWarning"},"SourceContext":"Microsoft.EntityFrameworkCore.Model.Validation","Application":"MiniJira"}
2025-10-05 21:37:09.720 +02:00 [INF] Applying database migrations... {"SourceContext":"Program","Application":"MiniJira"}
2025-10-05 21:37:10.231 +02:00 [WRN] The 'TaskPriority' property 'Priority' on entity type 'Task' is configured with a database-generated default, but has no configured sentinel value. The database-generated default will always be used for inserts when the property has the value 'Low', since this is the CLR default for the 'TaskPriority' type. Consider using a nullable type, using a nullable backing field, or setting the sentinel value for the property to ensure the database default is used when, and only when, appropriate. See https://aka.ms/efcore-docs-default-values for more information. {"EventId":{"Id":20601,"Name":"Microsoft.EntityFrameworkCore.Model.Validation.BoolWithDefaultWarning"},"SourceContext":"Microsoft.EntityFrameworkCore.Model.Validation","Application":"MiniJira"}
2025-10-05 21:37:10.459 +02:00 [INF] Acquiring an exclusive lock for migration application. See https://aka.ms/efcore-docs-migrations-lock for more information if this takes too long. {"EventId":{"Id":20411,"Name":"Microsoft.EntityFrameworkCore.Migrations.AcquiringMigrationLock"},"SourceContext":"Microsoft.EntityFrameworkCore.Migrations","Application":"MiniJira"}
2025-10-05 21:37:10.604 +02:00 [INF] Applying migration '20251005193538_AddTaskAttachments'. {"EventId":{"Id":20402,"Name":"Microsoft.EntityFrameworkCore.Migrations.MigrationApplying"},"SourceContext":"Microsoft.EntityFrameworkCore.Migrations","Application":"MiniJira"}
2025-10-05 21:37:10.630 +02:00 [INF] Database migrations applied successfully {"SourceContext":"Program","Application":"MiniJira"}
2025-10-05 21:37:11.073 +02:00 [INF] Now listening on: https://localhost:7105 {"EventId":{"Id":14,"Name":"ListeningOnAddress"},"SourceContext":"Microsoft.Hosting.Lifetime","Application":"MiniJira"}
2025-10-05 21:37:11.079 +02:00 [INF] Now listening on: http://localhost:5194 {"EventId":{"Id":14,"Name":"ListeningOnAddress"},"SourceContext":"Microsoft.Hosting.Lifetime","Application":"MiniJira"}
2025-10-05 21:37:11.160 +02:00 [INF] Application started. Press Ctrl+C to shut down. {"SourceContext":"Microsoft.Hosting.Lifetime","Application":"MiniJira"}
2025-10-05 21:37:11.165 +02:00 [INF] Hosting environment: Development {"SourceContext":"Microsoft.Hosting.Lifetime","Application":"MiniJira"}
2025-10-05 21:37:11.168 +02:00 [INF] Content root path: D:\KimiAi\MiniJira\MiniJira\MiniJira {"SourceContext":"Microsoft.Hosting.Lifetime","Application":"MiniJira"}
2025-10-05 21:37:12.315 +02:00 [INF] Retrieving all columns for culture en-US {"SourceContext":"MiniJira.Services.ColumnService","ActionId":"b54f8a6c-2280-47c2-93f6-e2894f2c714f","ActionName":"/_Host","RequestId":"0HNG48QA3CM17:00000001","RequestPath":"/","ConnectionId":"0HNG48QA3CM17","Application":"MiniJira"}
2025-10-05 21:37:12.608 +02:00 [WRN] Compiling a query which loads related collections for more than one collection navigation, either via 'Include' or through projection, but no 'QuerySplittingBehavior' has been configured. By default, Entity Framework will use 'QuerySplittingBehavior.SingleQuery', which can potentially result in slow query performance. See https://go.microsoft.com/fwlink/?linkid=2134277 for more information. To identify the query that's triggering this warning call 'ConfigureWarnings(w => w.Throw(RelationalEventId.MultipleCollectionIncludeWarning))'. {"EventId":{"Id":20504,"Name":"Microsoft.EntityFrameworkCore.Query.MultipleCollectionIncludeWarning"},"SourceContext":"Microsoft.EntityFrameworkCore.Query","ActionId":"b54f8a6c-2280-47c2-93f6-e2894f2c714f","ActionName":"/_Host","RequestId":"0HNG48QA3CM17:00000001","RequestPath":"/","ConnectionId":"0HNG48QA3CM17","Application":"MiniJira"}
2025-10-05 21:37:12.694 +02:00 [INF] Retrieving all tasks {"SourceContext":"MiniJira.Services.TaskService","ActionId":"b54f8a6c-2280-47c2-93f6-e2894f2c714f","ActionName":"/_Host","RequestId":"0HNG48QA3CM17:00000001","RequestPath":"/","ConnectionId":"0HNG48QA3CM17","Application":"MiniJira"}
2025-10-05 21:37:13.179 +02:00 [INF] Retrieving all columns for culture en-US {"SourceContext":"MiniJira.Services.ColumnService","TransportConnectionId":"NQsyHPBfi1eHGWiLzdzW4g","RequestId":"0HNG48QA3CM17:00000013","RequestPath":"/_blazor","ConnectionId":"0HNG48QA3CM17","Application":"MiniJira"}
2025-10-05 21:37:13.234 +02:00 [INF] Retrieving all tasks {"SourceContext":"MiniJira.Services.TaskService","TransportConnectionId":"NQsyHPBfi1eHGWiLzdzW4g","RequestId":"0HNG48QA3CM17:00000013","RequestPath":"/_blazor","ConnectionId":"0HNG48QA3CM17","Application":"MiniJira"}
2025-10-05 21:37:20.949 +02:00 [INF] Retrieving task with ID "114053c3-52b3-46c7-8bc1-a05ec3f635fa" {"SourceContext":"MiniJira.Services.TaskService","TransportConnectionId":"NQsyHPBfi1eHGWiLzdzW4g","RequestId":"0HNG48QA3CM17:00000013","RequestPath":"/_blazor","ConnectionId":"0HNG48QA3CM17","Application":"MiniJira"}
2025-10-05 21:37:20.992 +02:00 [INF] Retrieving all columns for culture en-US {"SourceContext":"MiniJira.Services.ColumnService","TransportConnectionId":"NQsyHPBfi1eHGWiLzdzW4g","RequestId":"0HNG48QA3CM17:00000013","RequestPath":"/_blazor","ConnectionId":"0HNG48QA3CM17","Application":"MiniJira"}
2025-10-05 21:37:21.075 +02:00 [WRN] Unhandled exception rendering component: Cannot provide a value for property 'HttpClient' on type 'MiniJira.Components.FileAttachments'. There is no registered service of type 'System.Net.Http.HttpClient'. {"EventId":{"Id":100,"Name":"ExceptionRenderingComponent"},"SourceContext":"Microsoft.AspNetCore.Components.Server.Circuits.RemoteRenderer","TransportConnectionId":"NQsyHPBfi1eHGWiLzdzW4g","RequestId":"0HNG48QA3CM17:00000013","RequestPath":"/_blazor","ConnectionId":"0HNG48QA3CM17","Application":"MiniJira"}
System.InvalidOperationException: Cannot provide a value for property 'HttpClient' on type 'MiniJira.Components.FileAttachments'. There is no registered service of type 'System.Net.Http.HttpClient'.
   at Microsoft.AspNetCore.Components.ComponentFactory.<>c__DisplayClass9_0.<CreatePropertyInjector>g__Initialize|1(IServiceProvider serviceProvider, IComponent component)
   at Microsoft.AspNetCore.Components.ComponentFactory.InstantiateComponent(IServiceProvider serviceProvider, Type componentType, IComponentRenderMode callerSpecifiedRenderMode, Nullable`1 parentComponentId)
   at Microsoft.AspNetCore.Components.RenderTree.Renderer.InstantiateChildComponentOnFrame(RenderTreeFrame[] frames, Int32 frameIndex, Int32 parentComponentId)
   at Microsoft.AspNetCore.Components.RenderTree.RenderTreeDiffBuilder.InitializeNewComponentFrame(DiffContext& diffContext, Int32 frameIndex)
   at Microsoft.AspNetCore.Components.RenderTree.RenderTreeDiffBuilder.InitializeNewSubtree(DiffContext& diffContext, Int32 frameIndex)
   at Microsoft.AspNetCore.Components.RenderTree.RenderTreeDiffBuilder.InsertNewFrame(DiffContext& diffContext, Int32 newFrameIndex)
   at Microsoft.AspNetCore.Components.RenderTree.RenderTreeDiffBuilder.AppendDiffEntriesForRange(DiffContext& diffContext, Int32 oldStartIndex, Int32 oldEndIndexExcl, Int32 newStartIndex, Int32 newEndIndexExcl)
   at Microsoft.AspNetCore.Components.RenderTree.RenderTreeDiffBuilder.ComputeDiff(Renderer renderer, RenderBatchBuilder batchBuilder, Int32 componentId, ArrayRange`1 oldTree, ArrayRange`1 newTree)
   at Microsoft.AspNetCore.Components.Rendering.ComponentState.RenderIntoBatch(RenderBatchBuilder batchBuilder, RenderFragment renderFragment, Exception& renderFragmentException)
   at Microsoft.AspNetCore.Components.RenderTree.Renderer.ProcessRenderQueue()
2025-10-05 21:37:21.108 +02:00 [ERR] Unhandled exception in circuit 'GqQndG5TqIA9bZKRL8QiGtNHC4VpXU839iGwGAGYoLs'. {"EventId":{"Id":111,"Name":"CircuitUnhandledException"},"SourceContext":"Microsoft.AspNetCore.Components.Server.Circuits.CircuitHost","TransportConnectionId":"NQsyHPBfi1eHGWiLzdzW4g","RequestId":"0HNG48QA3CM17:00000013","RequestPath":"/_blazor","ConnectionId":"0HNG48QA3CM17","Application":"MiniJira"}
System.InvalidOperationException: Cannot provide a value for property 'HttpClient' on type 'MiniJira.Components.FileAttachments'. There is no registered service of type 'System.Net.Http.HttpClient'.
   at Microsoft.AspNetCore.Components.ComponentFactory.<>c__DisplayClass9_0.<CreatePropertyInjector>g__Initialize|1(IServiceProvider serviceProvider, IComponent component)
   at Microsoft.AspNetCore.Components.ComponentFactory.InstantiateComponent(IServiceProvider serviceProvider, Type componentType, IComponentRenderMode callerSpecifiedRenderMode, Nullable`1 parentComponentId)
   at Microsoft.AspNetCore.Components.RenderTree.Renderer.InstantiateChildComponentOnFrame(RenderTreeFrame[] frames, Int32 frameIndex, Int32 parentComponentId)
   at Microsoft.AspNetCore.Components.RenderTree.RenderTreeDiffBuilder.InitializeNewComponentFrame(DiffContext& diffContext, Int32 frameIndex)
   at Microsoft.AspNetCore.Components.RenderTree.RenderTreeDiffBuilder.InitializeNewSubtree(DiffContext& diffContext, Int32 frameIndex)
   at Microsoft.AspNetCore.Components.RenderTree.RenderTreeDiffBuilder.InsertNewFrame(DiffContext& diffContext, Int32 newFrameIndex)
   at Microsoft.AspNetCore.Components.RenderTree.RenderTreeDiffBuilder.AppendDiffEntriesForRange(DiffContext& diffContext, Int32 oldStartIndex, Int32 oldEndIndexExcl, Int32 newStartIndex, Int32 newEndIndexExcl)
   at Microsoft.AspNetCore.Components.RenderTree.RenderTreeDiffBuilder.ComputeDiff(Renderer renderer, RenderBatchBuilder batchBuilder, Int32 componentId, ArrayRange`1 oldTree, ArrayRange`1 newTree)
   at Microsoft.AspNetCore.Components.Rendering.ComponentState.RenderIntoBatch(RenderBatchBuilder batchBuilder, RenderFragment renderFragment, Exception& renderFragmentException)
   at Microsoft.AspNetCore.Components.RenderTree.Renderer.ProcessRenderQueue()
2025-10-05 21:38:21.095 +02:00 [WRN] Unhandled exception rendering component: A task was canceled. {"EventId":{"Id":100,"Name":"ExceptionRenderingComponent"},"SourceContext":"Microsoft.AspNetCore.Components.Server.Circuits.RemoteRenderer","TransportConnectionId":"NQsyHPBfi1eHGWiLzdzW4g","RequestId":"0HNG48QA3CM17:00000013","RequestPath":"/_blazor","ConnectionId":"0HNG48QA3CM17","Application":"MiniJira"}
System.Threading.Tasks.TaskCanceledException: A task was canceled.
   at Microsoft.JSInterop.JSRuntime.InvokeAsync[TValue](Int64 targetInstanceId, String identifier, Object[] args)
   at Microsoft.JSInterop.JSRuntimeExtensions.InvokeVoidAsync(IJSRuntime jsRuntime, String identifier, Object[] args)
   at MiniJira.Components.Pages.Index.DisposeAsync() in D:\KimiAi\MiniJira\MiniJira\MiniJira\Components\Pages\Index.razor.cs:line 254
   at Microsoft.AspNetCore.Components.RenderTree.Renderer.<ProcessDisposalQueueInExistingBatch>g__GetHandledAsynchronousDisposalErrorsTask|79_0(Task result)
2025-10-05 21:38:21.124 +02:00 [ERR] Unhandled exception in circuit 'GqQndG5TqIA9bZKRL8QiGtNHC4VpXU839iGwGAGYoLs'. {"EventId":{"Id":111,"Name":"CircuitUnhandledException"},"SourceContext":"Microsoft.AspNetCore.Components.Server.Circuits.CircuitHost","TransportConnectionId":"NQsyHPBfi1eHGWiLzdzW4g","RequestId":"0HNG48QA3CM17:00000013","RequestPath":"/_blazor","ConnectionId":"0HNG48QA3CM17","Application":"MiniJira"}
System.Threading.Tasks.TaskCanceledException: A task was canceled.
   at Microsoft.JSInterop.JSRuntime.InvokeAsync[TValue](Int64 targetInstanceId, String identifier, Object[] args)
   at Microsoft.JSInterop.JSRuntimeExtensions.InvokeVoidAsync(IJSRuntime jsRuntime, String identifier, Object[] args)
   at MiniJira.Components.Pages.Index.DisposeAsync() in D:\KimiAi\MiniJira\MiniJira\MiniJira\Components\Pages\Index.razor.cs:line 254
   at Microsoft.AspNetCore.Components.RenderTree.Renderer.<ProcessDisposalQueueInExistingBatch>g__GetHandledAsynchronousDisposalErrorsTask|79_0(Task result)
2025-10-05 21:44:07.824 +02:00 [INF] Applying database migrations... {"SourceContext":"Program","Application":"MiniJira"}
2025-10-05 21:44:08.371 +02:00 [WRN] The 'TaskPriority' property 'Priority' on entity type 'Task' is configured with a database-generated default, but has no configured sentinel value. The database-generated default will always be used for inserts when the property has the value 'Low', since this is the CLR default for the 'TaskPriority' type. Consider using a nullable type, using a nullable backing field, or setting the sentinel value for the property to ensure the database default is used when, and only when, appropriate. See https://aka.ms/efcore-docs-default-values for more information. {"EventId":{"Id":20601,"Name":"Microsoft.EntityFrameworkCore.Model.Validation.BoolWithDefaultWarning"},"SourceContext":"Microsoft.EntityFrameworkCore.Model.Validation","Application":"MiniJira"}
2025-10-05 21:44:08.585 +02:00 [INF] Acquiring an exclusive lock for migration application. See https://aka.ms/efcore-docs-migrations-lock for more information if this takes too long. {"EventId":{"Id":20411,"Name":"Microsoft.EntityFrameworkCore.Migrations.AcquiringMigrationLock"},"SourceContext":"Microsoft.EntityFrameworkCore.Migrations","Application":"MiniJira"}
2025-10-05 21:44:08.687 +02:00 [INF] No migrations were applied. The database is already up to date. {"EventId":{"Id":20405,"Name":"Microsoft.EntityFrameworkCore.Migrations.MigrationsNotApplied"},"SourceContext":"Microsoft.EntityFrameworkCore.Migrations","Application":"MiniJira"}
2025-10-05 21:44:08.697 +02:00 [INF] Database migrations applied successfully {"SourceContext":"Program","Application":"MiniJira"}
2025-10-05 21:44:09.198 +02:00 [INF] Now listening on: https://localhost:7105 {"EventId":{"Id":14,"Name":"ListeningOnAddress"},"SourceContext":"Microsoft.Hosting.Lifetime","Application":"MiniJira"}
2025-10-05 21:44:09.205 +02:00 [INF] Now listening on: http://localhost:5194 {"EventId":{"Id":14,"Name":"ListeningOnAddress"},"SourceContext":"Microsoft.Hosting.Lifetime","Application":"MiniJira"}
2025-10-05 21:44:09.299 +02:00 [INF] Application started. Press Ctrl+C to shut down. {"SourceContext":"Microsoft.Hosting.Lifetime","Application":"MiniJira"}
2025-10-05 21:44:09.302 +02:00 [INF] Hosting environment: Development {"SourceContext":"Microsoft.Hosting.Lifetime","Application":"MiniJira"}
2025-10-05 21:44:09.305 +02:00 [INF] Content root path: D:\KimiAi\MiniJira\MiniJira\MiniJira {"SourceContext":"Microsoft.Hosting.Lifetime","Application":"MiniJira"}
2025-10-05 21:44:10.348 +02:00 [INF] Retrieving all columns for culture en-US {"SourceContext":"MiniJira.Services.ColumnService","ActionId":"cf13fd21-26e0-4c53-a161-2a5acc982c71","ActionName":"/_Host","RequestId":"0HNG48U6LMRHG:00000001","RequestPath":"/","ConnectionId":"0HNG48U6LMRHG","Application":"MiniJira"}
2025-10-05 21:44:10.683 +02:00 [WRN] Compiling a query which loads related collections for more than one collection navigation, either via 'Include' or through projection, but no 'QuerySplittingBehavior' has been configured. By default, Entity Framework will use 'QuerySplittingBehavior.SingleQuery', which can potentially result in slow query performance. See https://go.microsoft.com/fwlink/?linkid=2134277 for more information. To identify the query that's triggering this warning call 'ConfigureWarnings(w => w.Throw(RelationalEventId.MultipleCollectionIncludeWarning))'. {"EventId":{"Id":20504,"Name":"Microsoft.EntityFrameworkCore.Query.MultipleCollectionIncludeWarning"},"SourceContext":"Microsoft.EntityFrameworkCore.Query","ActionId":"cf13fd21-26e0-4c53-a161-2a5acc982c71","ActionName":"/_Host","RequestId":"0HNG48U6LMRHG:00000001","RequestPath":"/","ConnectionId":"0HNG48U6LMRHG","Application":"MiniJira"}
2025-10-05 21:44:10.777 +02:00 [INF] Retrieving all tasks {"SourceContext":"MiniJira.Services.TaskService","ActionId":"cf13fd21-26e0-4c53-a161-2a5acc982c71","ActionName":"/_Host","RequestId":"0HNG48U6LMRHG:00000001","RequestPath":"/","ConnectionId":"0HNG48U6LMRHG","Application":"MiniJira"}
2025-10-05 21:44:11.289 +02:00 [INF] Retrieving all columns for culture en-US {"SourceContext":"MiniJira.Services.ColumnService","TransportConnectionId":"mKb66inbcwhQY_cCNVv_qQ","RequestId":"0HNG48U6LMRHG:0000000F","RequestPath":"/_blazor","ConnectionId":"0HNG48U6LMRHG","Application":"MiniJira"}
2025-10-05 21:44:11.343 +02:00 [INF] Retrieving all tasks {"SourceContext":"MiniJira.Services.TaskService","TransportConnectionId":"mKb66inbcwhQY_cCNVv_qQ","RequestId":"0HNG48U6LMRHG:0000000F","RequestPath":"/_blazor","ConnectionId":"0HNG48U6LMRHG","Application":"MiniJira"}
2025-10-05 21:44:12.580 +02:00 [INF] Retrieving task with ID "1b727d35-f4ff-4332-adff-90c224f2e49a" {"SourceContext":"MiniJira.Services.TaskService","TransportConnectionId":"mKb66inbcwhQY_cCNVv_qQ","RequestId":"0HNG48U6LMRHG:0000000F","RequestPath":"/_blazor","ConnectionId":"0HNG48U6LMRHG","Application":"MiniJira"}
2025-10-05 21:44:12.619 +02:00 [INF] Retrieving all columns for culture en-US {"SourceContext":"MiniJira.Services.ColumnService","TransportConnectionId":"mKb66inbcwhQY_cCNVv_qQ","RequestId":"0HNG48U6LMRHG:0000000F","RequestPath":"/_blazor","ConnectionId":"0HNG48U6LMRHG","Application":"MiniJira"}
2025-10-05 21:48:48.411 +02:00 [INF] Applying database migrations... {"SourceContext":"Program","Application":"MiniJira"}
2025-10-05 21:48:48.952 +02:00 [WRN] The 'TaskPriority' property 'Priority' on entity type 'Task' is configured with a database-generated default, but has no configured sentinel value. The database-generated default will always be used for inserts when the property has the value 'Low', since this is the CLR default for the 'TaskPriority' type. Consider using a nullable type, using a nullable backing field, or setting the sentinel value for the property to ensure the database default is used when, and only when, appropriate. See https://aka.ms/efcore-docs-default-values for more information. {"EventId":{"Id":20601,"Name":"Microsoft.EntityFrameworkCore.Model.Validation.BoolWithDefaultWarning"},"SourceContext":"Microsoft.EntityFrameworkCore.Model.Validation","Application":"MiniJira"}
2025-10-05 21:48:49.171 +02:00 [INF] Acquiring an exclusive lock for migration application. See https://aka.ms/efcore-docs-migrations-lock for more information if this takes too long. {"EventId":{"Id":20411,"Name":"Microsoft.EntityFrameworkCore.Migrations.AcquiringMigrationLock"},"SourceContext":"Microsoft.EntityFrameworkCore.Migrations","Application":"MiniJira"}
2025-10-05 21:48:49.315 +02:00 [INF] No migrations were applied. The database is already up to date. {"EventId":{"Id":20405,"Name":"Microsoft.EntityFrameworkCore.Migrations.MigrationsNotApplied"},"SourceContext":"Microsoft.EntityFrameworkCore.Migrations","Application":"MiniJira"}
2025-10-05 21:48:49.325 +02:00 [INF] Database migrations applied successfully {"SourceContext":"Program","Application":"MiniJira"}
2025-10-05 21:48:49.789 +02:00 [INF] Now listening on: https://localhost:7105 {"EventId":{"Id":14,"Name":"ListeningOnAddress"},"SourceContext":"Microsoft.Hosting.Lifetime","Application":"MiniJira"}
2025-10-05 21:48:49.794 +02:00 [INF] Now listening on: http://localhost:5194 {"EventId":{"Id":14,"Name":"ListeningOnAddress"},"SourceContext":"Microsoft.Hosting.Lifetime","Application":"MiniJira"}
2025-10-05 21:48:49.876 +02:00 [INF] Application started. Press Ctrl+C to shut down. {"SourceContext":"Microsoft.Hosting.Lifetime","Application":"MiniJira"}
2025-10-05 21:48:49.881 +02:00 [INF] Hosting environment: Development {"SourceContext":"Microsoft.Hosting.Lifetime","Application":"MiniJira"}
2025-10-05 21:48:49.883 +02:00 [INF] Content root path: D:\KimiAi\MiniJira\MiniJira\MiniJira {"SourceContext":"Microsoft.Hosting.Lifetime","Application":"MiniJira"}
2025-10-05 21:48:51.048 +02:00 [INF] Retrieving all columns for culture en-US {"SourceContext":"MiniJira.Services.ColumnService","ActionId":"e231e6c8-3b4a-4c84-9f49-1f0c2eddd061","ActionName":"/_Host","RequestId":"0HNG490QB2L4A:00000001","RequestPath":"/","ConnectionId":"0HNG490QB2L4A","Application":"MiniJira"}
2025-10-05 21:48:51.414 +02:00 [WRN] Compiling a query which loads related collections for more than one collection navigation, either via 'Include' or through projection, but no 'QuerySplittingBehavior' has been configured. By default, Entity Framework will use 'QuerySplittingBehavior.SingleQuery', which can potentially result in slow query performance. See https://go.microsoft.com/fwlink/?linkid=2134277 for more information. To identify the query that's triggering this warning call 'ConfigureWarnings(w => w.Throw(RelationalEventId.MultipleCollectionIncludeWarning))'. {"EventId":{"Id":20504,"Name":"Microsoft.EntityFrameworkCore.Query.MultipleCollectionIncludeWarning"},"SourceContext":"Microsoft.EntityFrameworkCore.Query","ActionId":"e231e6c8-3b4a-4c84-9f49-1f0c2eddd061","ActionName":"/_Host","RequestId":"0HNG490QB2L4A:00000001","RequestPath":"/","ConnectionId":"0HNG490QB2L4A","Application":"MiniJira"}
2025-10-05 21:48:51.497 +02:00 [INF] Retrieving all tasks {"SourceContext":"MiniJira.Services.TaskService","ActionId":"e231e6c8-3b4a-4c84-9f49-1f0c2eddd061","ActionName":"/_Host","RequestId":"0HNG490QB2L4A:00000001","RequestPath":"/","ConnectionId":"0HNG490QB2L4A","Application":"MiniJira"}
2025-10-05 21:48:52.032 +02:00 [INF] Retrieving all columns for culture en-US {"SourceContext":"MiniJira.Services.ColumnService","TransportConnectionId":"MUfgOXMqvQpwVgPnu7r12Q","RequestId":"0HNG490QB2L4A:0000000F","RequestPath":"/_blazor","ConnectionId":"0HNG490QB2L4A","Application":"MiniJira"}
2025-10-05 21:48:52.085 +02:00 [INF] Retrieving all tasks {"SourceContext":"MiniJira.Services.TaskService","TransportConnectionId":"MUfgOXMqvQpwVgPnu7r12Q","RequestId":"0HNG490QB2L4A:0000000F","RequestPath":"/_blazor","ConnectionId":"0HNG490QB2L4A","Application":"MiniJira"}
2025-10-05 21:48:55.329 +02:00 [INF] Updating status for task "114053c3-52b3-46c7-8bc1-a05ec3f635fa" to "InProgress" {"SourceContext":"MiniJira.Services.TaskService","TransportConnectionId":"MUfgOXMqvQpwVgPnu7r12Q","RequestId":"0HNG490QB2L4A:0000000F","RequestPath":"/_blazor","ConnectionId":"0HNG490QB2L4A","Application":"MiniJira"}
2025-10-05 21:48:55.631 +02:00 [INF] Task "114053c3-52b3-46c7-8bc1-a05ec3f635fa" status updated successfully to "InProgress" {"SourceContext":"MiniJira.Services.TaskService","TransportConnectionId":"MUfgOXMqvQpwVgPnu7r12Q","RequestId":"0HNG490QB2L4A:0000000F","RequestPath":"/_blazor","ConnectionId":"0HNG490QB2L4A","Application":"MiniJira"}
2025-10-05 21:48:56.546 +02:00 [INF] Retrieving task with ID "114053c3-52b3-46c7-8bc1-a05ec3f635fa" {"SourceContext":"MiniJira.Services.TaskService","TransportConnectionId":"MUfgOXMqvQpwVgPnu7r12Q","RequestId":"0HNG490QB2L4A:0000000F","RequestPath":"/_blazor","ConnectionId":"0HNG490QB2L4A","Application":"MiniJira"}
2025-10-05 21:48:56.567 +02:00 [INF] Retrieving all columns for culture en-US {"SourceContext":"MiniJira.Services.ColumnService","TransportConnectionId":"MUfgOXMqvQpwVgPnu7r12Q","RequestId":"0HNG490QB2L4A:0000000F","RequestPath":"/_blazor","ConnectionId":"0HNG490QB2L4A","Application":"MiniJira"}
2025-10-05 21:51:31.325 +02:00 [INF] Applying database migrations... {"SourceContext":"Program","Application":"MiniJira"}
2025-10-05 21:51:31.935 +02:00 [WRN] The 'TaskPriority' property 'Priority' on entity type 'Task' is configured with a database-generated default, but has no configured sentinel value. The database-generated default will always be used for inserts when the property has the value 'Low', since this is the CLR default for the 'TaskPriority' type. Consider using a nullable type, using a nullable backing field, or setting the sentinel value for the property to ensure the database default is used when, and only when, appropriate. See https://aka.ms/efcore-docs-default-values for more information. {"EventId":{"Id":20601,"Name":"Microsoft.EntityFrameworkCore.Model.Validation.BoolWithDefaultWarning"},"SourceContext":"Microsoft.EntityFrameworkCore.Model.Validation","Application":"MiniJira"}
2025-10-05 21:51:32.138 +02:00 [INF] Acquiring an exclusive lock for migration application. See https://aka.ms/efcore-docs-migrations-lock for more information if this takes too long. {"EventId":{"Id":20411,"Name":"Microsoft.EntityFrameworkCore.Migrations.AcquiringMigrationLock"},"SourceContext":"Microsoft.EntityFrameworkCore.Migrations","Application":"MiniJira"}
2025-10-05 21:51:32.244 +02:00 [INF] No migrations were applied. The database is already up to date. {"EventId":{"Id":20405,"Name":"Microsoft.EntityFrameworkCore.Migrations.MigrationsNotApplied"},"SourceContext":"Microsoft.EntityFrameworkCore.Migrations","Application":"MiniJira"}
2025-10-05 21:51:32.268 +02:00 [INF] Database migrations applied successfully {"SourceContext":"Program","Application":"MiniJira"}
2025-10-05 21:51:32.762 +02:00 [INF] Now listening on: https://localhost:7105 {"EventId":{"Id":14,"Name":"ListeningOnAddress"},"SourceContext":"Microsoft.Hosting.Lifetime","Application":"MiniJira"}
2025-10-05 21:51:32.769 +02:00 [INF] Now listening on: http://localhost:5194 {"EventId":{"Id":14,"Name":"ListeningOnAddress"},"SourceContext":"Microsoft.Hosting.Lifetime","Application":"MiniJira"}
2025-10-05 21:51:32.850 +02:00 [INF] Application started. Press Ctrl+C to shut down. {"SourceContext":"Microsoft.Hosting.Lifetime","Application":"MiniJira"}
2025-10-05 21:51:32.854 +02:00 [INF] Hosting environment: Development {"SourceContext":"Microsoft.Hosting.Lifetime","Application":"MiniJira"}
2025-10-05 21:51:32.857 +02:00 [INF] Content root path: D:\KimiAi\MiniJira\MiniJira\MiniJira {"SourceContext":"Microsoft.Hosting.Lifetime","Application":"MiniJira"}
2025-10-05 21:51:34.164 +02:00 [INF] Retrieving all columns for culture en-US {"SourceContext":"MiniJira.Services.ColumnService","ActionId":"93929a2b-87c0-4292-a5ed-20f9fa447c01","ActionName":"/_Host","RequestId":"0HNG492AUFVP1:00000001","RequestPath":"/","ConnectionId":"0HNG492AUFVP1","Application":"MiniJira"}
2025-10-05 21:51:34.491 +02:00 [WRN] Compiling a query which loads related collections for more than one collection navigation, either via 'Include' or through projection, but no 'QuerySplittingBehavior' has been configured. By default, Entity Framework will use 'QuerySplittingBehavior.SingleQuery', which can potentially result in slow query performance. See https://go.microsoft.com/fwlink/?linkid=2134277 for more information. To identify the query that's triggering this warning call 'ConfigureWarnings(w => w.Throw(RelationalEventId.MultipleCollectionIncludeWarning))'. {"EventId":{"Id":20504,"Name":"Microsoft.EntityFrameworkCore.Query.MultipleCollectionIncludeWarning"},"SourceContext":"Microsoft.EntityFrameworkCore.Query","ActionId":"93929a2b-87c0-4292-a5ed-20f9fa447c01","ActionName":"/_Host","RequestId":"0HNG492AUFVP1:00000001","RequestPath":"/","ConnectionId":"0HNG492AUFVP1","Application":"MiniJira"}
2025-10-05 21:51:34.583 +02:00 [INF] Retrieving all tasks {"SourceContext":"MiniJira.Services.TaskService","ActionId":"93929a2b-87c0-4292-a5ed-20f9fa447c01","ActionName":"/_Host","RequestId":"0HNG492AUFVP1:00000001","RequestPath":"/","ConnectionId":"0HNG492AUFVP1","Application":"MiniJira"}
2025-10-05 21:51:35.083 +02:00 [INF] Retrieving all columns for culture en-US {"SourceContext":"MiniJira.Services.ColumnService","TransportConnectionId":"h8RzpkDVfqzt-CWzW6CpCA","RequestId":"0HNG492AUFVP1:0000000F","RequestPath":"/_blazor","ConnectionId":"0HNG492AUFVP1","Application":"MiniJira"}
2025-10-05 21:51:35.131 +02:00 [INF] Retrieving all tasks {"SourceContext":"MiniJira.Services.TaskService","TransportConnectionId":"h8RzpkDVfqzt-CWzW6CpCA","RequestId":"0HNG492AUFVP1:0000000F","RequestPath":"/_blazor","ConnectionId":"0HNG492AUFVP1","Application":"MiniJira"}
2025-10-05 21:51:44.285 +02:00 [INF] Retrieving task with ID "114053c3-52b3-46c7-8bc1-a05ec3f635fa" {"SourceContext":"MiniJira.Services.TaskService","TransportConnectionId":"h8RzpkDVfqzt-CWzW6CpCA","RequestId":"0HNG492AUFVP1:0000000F","RequestPath":"/_blazor","ConnectionId":"0HNG492AUFVP1","Application":"MiniJira"}
2025-10-05 21:51:44.333 +02:00 [INF] Retrieving all columns for culture en-US {"SourceContext":"MiniJira.Services.ColumnService","TransportConnectionId":"h8RzpkDVfqzt-CWzW6CpCA","RequestId":"0HNG492AUFVP1:0000000F","RequestPath":"/_blazor","ConnectionId":"0HNG492AUFVP1","Application":"MiniJira"}
2025-10-05 21:51:44.402 +02:00 [WRN] Compiling a query which loads related collections for more than one collection navigation, either via 'Include' or through projection, but no 'QuerySplittingBehavior' has been configured. By default, Entity Framework will use 'QuerySplittingBehavior.SingleQuery', which can potentially result in slow query performance. See https://go.microsoft.com/fwlink/?linkid=2134277 for more information. To identify the query that's triggering this warning call 'ConfigureWarnings(w => w.Throw(RelationalEventId.MultipleCollectionIncludeWarning))'. {"EventId":{"Id":20504,"Name":"Microsoft.EntityFrameworkCore.Query.MultipleCollectionIncludeWarning"},"SourceContext":"Microsoft.EntityFrameworkCore.Query","TransportConnectionId":"h8RzpkDVfqzt-CWzW6CpCA","RequestId":"0HNG492AUFVP1:0000000F","RequestPath":"/_blazor","ConnectionId":"0HNG492AUFVP1","Application":"MiniJira"}
2025-10-05 21:58:44.152 +02:00 [INF] Applying database migrations... {"SourceContext":"Program","Application":"MiniJira"}
2025-10-05 21:58:44.752 +02:00 [WRN] The 'TaskPriority' property 'Priority' on entity type 'Task' is configured with a database-generated default, but has no configured sentinel value. The database-generated default will always be used for inserts when the property has the value 'Low', since this is the CLR default for the 'TaskPriority' type. Consider using a nullable type, using a nullable backing field, or setting the sentinel value for the property to ensure the database default is used when, and only when, appropriate. See https://aka.ms/efcore-docs-default-values for more information. {"EventId":{"Id":20601,"Name":"Microsoft.EntityFrameworkCore.Model.Validation.BoolWithDefaultWarning"},"SourceContext":"Microsoft.EntityFrameworkCore.Model.Validation","Application":"MiniJira"}
2025-10-05 21:58:44.959 +02:00 [WRN] The 'TaskPriority' property 'Priority' on entity type 'Task' is configured with a database-generated default, but has no configured sentinel value. The database-generated default will always be used for inserts when the property has the value 'Low', since this is the CLR default for the 'TaskPriority' type. Consider using a nullable type, using a nullable backing field, or setting the sentinel value for the property to ensure the database default is used when, and only when, appropriate. See https://aka.ms/efcore-docs-default-values for more information. {"EventId":{"Id":20601,"Name":"Microsoft.EntityFrameworkCore.Model.Validation.BoolWithDefaultWarning"},"SourceContext":"Microsoft.EntityFrameworkCore.Model.Validation","Application":"MiniJira"}
2025-10-05 21:58:45.020 +02:00 [ERR] An error occurred while migrating the database {"SourceContext":"Program","Application":"MiniJira"}
System.InvalidOperationException: An error was generated for warning 'Microsoft.EntityFrameworkCore.Migrations.PendingModelChangesWarning': The model for context 'ApplicationDbContext' has pending changes. Add a new migration before updating the database. See https://aka.ms/efcore-docs-pending-changes. This exception can be suppressed or logged by passing event ID 'RelationalEventId.PendingModelChangesWarning' to the 'ConfigureWarnings' method in 'DbContext.OnConfiguring' or 'AddDbContext'.
   at Microsoft.EntityFrameworkCore.Diagnostics.EventDefinition`1.Log[TLoggerCategory](IDiagnosticsLogger`1 logger, TParam arg)
   at Microsoft.EntityFrameworkCore.Diagnostics.RelationalLoggerExtensions.PendingModelChangesWarning(IDiagnosticsLogger`1 diagnostics, Type contextType)
   at Microsoft.EntityFrameworkCore.Migrations.Internal.Migrator.ValidateMigrations(Boolean useTransaction, String targetMigration)
   at Microsoft.EntityFrameworkCore.Migrations.Internal.Migrator.Migrate(String targetMigration)
   at Microsoft.EntityFrameworkCore.RelationalDatabaseFacadeExtensions.Migrate(DatabaseFacade databaseFacade)
   at Program.<Main>$(String[] args) in D:\KimiAi\MiniJira\MiniJira\MiniJira\Program.cs:line 76
2025-10-05 22:03:17.309 +02:00 [WRN] The 'TaskPriority' property 'Priority' on entity type 'Task' is configured with a database-generated default, but has no configured sentinel value. The database-generated default will always be used for inserts when the property has the value 'Low', since this is the CLR default for the 'TaskPriority' type. Consider using a nullable type, using a nullable backing field, or setting the sentinel value for the property to ensure the database default is used when, and only when, appropriate. See https://aka.ms/efcore-docs-default-values for more information. {"EventId":{"Id":20601,"Name":"Microsoft.EntityFrameworkCore.Model.Validation.BoolWithDefaultWarning"},"SourceContext":"Microsoft.EntityFrameworkCore.Model.Validation","Application":"MiniJira"}
2025-10-05 22:03:36.707 +02:00 [INF] Applying database migrations... {"SourceContext":"Program","Application":"MiniJira"}
2025-10-05 22:03:37.256 +02:00 [WRN] The 'TaskPriority' property 'Priority' on entity type 'Task' is configured with a database-generated default, but has no configured sentinel value. The database-generated default will always be used for inserts when the property has the value 'Low', since this is the CLR default for the 'TaskPriority' type. Consider using a nullable type, using a nullable backing field, or setting the sentinel value for the property to ensure the database default is used when, and only when, appropriate. See https://aka.ms/efcore-docs-default-values for more information. {"EventId":{"Id":20601,"Name":"Microsoft.EntityFrameworkCore.Model.Validation.BoolWithDefaultWarning"},"SourceContext":"Microsoft.EntityFrameworkCore.Model.Validation","Application":"MiniJira"}
2025-10-05 22:03:37.469 +02:00 [INF] Acquiring an exclusive lock for migration application. See https://aka.ms/efcore-docs-migrations-lock for more information if this takes too long. {"EventId":{"Id":20411,"Name":"Microsoft.EntityFrameworkCore.Migrations.AcquiringMigrationLock"},"SourceContext":"Microsoft.EntityFrameworkCore.Migrations","Application":"MiniJira"}
2025-10-05 22:03:37.578 +02:00 [INF] Applying migration '20251005200317_AddTaskComments'. {"EventId":{"Id":20402,"Name":"Microsoft.EntityFrameworkCore.Migrations.MigrationApplying"},"SourceContext":"Microsoft.EntityFrameworkCore.Migrations","Application":"MiniJira"}
2025-10-05 22:03:37.604 +02:00 [INF] Database migrations applied successfully {"SourceContext":"Program","Application":"MiniJira"}
2025-10-05 22:03:37.968 +02:00 [INF] Now listening on: https://localhost:7105 {"EventId":{"Id":14,"Name":"ListeningOnAddress"},"SourceContext":"Microsoft.Hosting.Lifetime","Application":"MiniJira"}
2025-10-05 22:03:37.969 +02:00 [INF] Now listening on: http://localhost:5194 {"EventId":{"Id":14,"Name":"ListeningOnAddress"},"SourceContext":"Microsoft.Hosting.Lifetime","Application":"MiniJira"}
2025-10-05 22:03:37.969 +02:00 [INF] Application started. Press Ctrl+C to shut down. {"SourceContext":"Microsoft.Hosting.Lifetime","Application":"MiniJira"}
2025-10-05 22:03:37.970 +02:00 [INF] Hosting environment: Development {"SourceContext":"Microsoft.Hosting.Lifetime","Application":"MiniJira"}
2025-10-05 22:03:37.970 +02:00 [INF] Content root path: D:\KimiAi\MiniJira\MiniJira\MiniJira {"SourceContext":"Microsoft.Hosting.Lifetime","Application":"MiniJira"}
2025-10-05 22:04:25.593 +02:00 [INF] Applying database migrations... {"SourceContext":"Program","Application":"MiniJira"}
2025-10-05 22:04:26.252 +02:00 [WRN] The 'TaskPriority' property 'Priority' on entity type 'Task' is configured with a database-generated default, but has no configured sentinel value. The database-generated default will always be used for inserts when the property has the value 'Low', since this is the CLR default for the 'TaskPriority' type. Consider using a nullable type, using a nullable backing field, or setting the sentinel value for the property to ensure the database default is used when, and only when, appropriate. See https://aka.ms/efcore-docs-default-values for more information. {"EventId":{"Id":20601,"Name":"Microsoft.EntityFrameworkCore.Model.Validation.BoolWithDefaultWarning"},"SourceContext":"Microsoft.EntityFrameworkCore.Model.Validation","Application":"MiniJira"}
2025-10-05 22:04:26.446 +02:00 [INF] Acquiring an exclusive lock for migration application. See https://aka.ms/efcore-docs-migrations-lock for more information if this takes too long. {"EventId":{"Id":20411,"Name":"Microsoft.EntityFrameworkCore.Migrations.AcquiringMigrationLock"},"SourceContext":"Microsoft.EntityFrameworkCore.Migrations","Application":"MiniJira"}
2025-10-05 22:04:26.558 +02:00 [INF] No migrations were applied. The database is already up to date. {"EventId":{"Id":20405,"Name":"Microsoft.EntityFrameworkCore.Migrations.MigrationsNotApplied"},"SourceContext":"Microsoft.EntityFrameworkCore.Migrations","Application":"MiniJira"}
2025-10-05 22:04:26.568 +02:00 [INF] Database migrations applied successfully {"SourceContext":"Program","Application":"MiniJira"}
2025-10-05 22:04:27.045 +02:00 [INF] Now listening on: https://localhost:7105 {"EventId":{"Id":14,"Name":"ListeningOnAddress"},"SourceContext":"Microsoft.Hosting.Lifetime","Application":"MiniJira"}
2025-10-05 22:04:27.053 +02:00 [INF] Now listening on: http://localhost:5194 {"EventId":{"Id":14,"Name":"ListeningOnAddress"},"SourceContext":"Microsoft.Hosting.Lifetime","Application":"MiniJira"}
2025-10-05 22:04:27.365 +02:00 [INF] Application started. Press Ctrl+C to shut down. {"SourceContext":"Microsoft.Hosting.Lifetime","Application":"MiniJira"}
2025-10-05 22:04:27.371 +02:00 [INF] Hosting environment: Development {"SourceContext":"Microsoft.Hosting.Lifetime","Application":"MiniJira"}
2025-10-05 22:04:27.376 +02:00 [INF] Content root path: D:\KimiAi\MiniJira\MiniJira\MiniJira {"SourceContext":"Microsoft.Hosting.Lifetime","Application":"MiniJira"}
2025-10-05 22:04:27.973 +02:00 [INF] Retrieving all columns for culture en-US {"SourceContext":"MiniJira.Services.ColumnService","ActionId":"9bca11c1-1d6d-4d45-9942-7d90896e2cac","ActionName":"/_Host","RequestId":"0HNG499HI61HH:00000001","RequestPath":"/","ConnectionId":"0HNG499HI61HH","Application":"MiniJira"}
2025-10-05 22:04:28.271 +02:00 [WRN] Compiling a query which loads related collections for more than one collection navigation, either via 'Include' or through projection, but no 'QuerySplittingBehavior' has been configured. By default, Entity Framework will use 'QuerySplittingBehavior.SingleQuery', which can potentially result in slow query performance. See https://go.microsoft.com/fwlink/?linkid=2134277 for more information. To identify the query that's triggering this warning call 'ConfigureWarnings(w => w.Throw(RelationalEventId.MultipleCollectionIncludeWarning))'. {"EventId":{"Id":20504,"Name":"Microsoft.EntityFrameworkCore.Query.MultipleCollectionIncludeWarning"},"SourceContext":"Microsoft.EntityFrameworkCore.Query","ActionId":"9bca11c1-1d6d-4d45-9942-7d90896e2cac","ActionName":"/_Host","RequestId":"0HNG499HI61HH:00000001","RequestPath":"/","ConnectionId":"0HNG499HI61HH","Application":"MiniJira"}
2025-10-05 22:04:28.349 +02:00 [INF] Retrieving all tasks {"SourceContext":"MiniJira.Services.TaskService","ActionId":"9bca11c1-1d6d-4d45-9942-7d90896e2cac","ActionName":"/_Host","RequestId":"0HNG499HI61HH:00000001","RequestPath":"/","ConnectionId":"0HNG499HI61HH","Application":"MiniJira"}
2025-10-05 22:04:28.829 +02:00 [INF] Retrieving all columns for culture en-US {"SourceContext":"MiniJira.Services.ColumnService","TransportConnectionId":"eJodX-zeucs-XzNpD2uzgQ","RequestId":"0HNG499HI61HH:00000015","RequestPath":"/_blazor","ConnectionId":"0HNG499HI61HH","Application":"MiniJira"}
2025-10-05 22:04:28.883 +02:00 [INF] Retrieving all tasks {"SourceContext":"MiniJira.Services.TaskService","TransportConnectionId":"eJodX-zeucs-XzNpD2uzgQ","RequestId":"0HNG499HI61HH:00000015","RequestPath":"/_blazor","ConnectionId":"0HNG499HI61HH","Application":"MiniJira"}
2025-10-05 22:04:32.130 +02:00 [INF] Retrieving task with ID "114053c3-52b3-46c7-8bc1-a05ec3f635fa" {"SourceContext":"MiniJira.Services.TaskService","TransportConnectionId":"eJodX-zeucs-XzNpD2uzgQ","RequestId":"0HNG499HI61HH:00000015","RequestPath":"/_blazor","ConnectionId":"0HNG499HI61HH","Application":"MiniJira"}
2025-10-05 22:04:32.166 +02:00 [INF] Retrieving all columns for culture en-US {"SourceContext":"MiniJira.Services.ColumnService","TransportConnectionId":"eJodX-zeucs-XzNpD2uzgQ","RequestId":"0HNG499HI61HH:00000015","RequestPath":"/_blazor","ConnectionId":"0HNG499HI61HH","Application":"MiniJira"}
2025-10-05 22:04:32.259 +02:00 [WRN] Compiling a query which loads related collections for more than one collection navigation, either via 'Include' or through projection, but no 'QuerySplittingBehavior' has been configured. By default, Entity Framework will use 'QuerySplittingBehavior.SingleQuery', which can potentially result in slow query performance. See https://go.microsoft.com/fwlink/?linkid=2134277 for more information. To identify the query that's triggering this warning call 'ConfigureWarnings(w => w.Throw(RelationalEventId.MultipleCollectionIncludeWarning))'. {"EventId":{"Id":20504,"Name":"Microsoft.EntityFrameworkCore.Query.MultipleCollectionIncludeWarning"},"SourceContext":"Microsoft.EntityFrameworkCore.Query","TransportConnectionId":"eJodX-zeucs-XzNpD2uzgQ","RequestId":"0HNG499HI61HH:00000015","RequestPath":"/_blazor","ConnectionId":"0HNG499HI61HH","Application":"MiniJira"}
2025-10-05 22:15:14.145 +02:00 [INF] Applying database migrations... {"SourceContext":"Program","Application":"MiniJira"}
2025-10-05 22:15:14.702 +02:00 [WRN] The 'TaskPriority' property 'Priority' on entity type 'Task' is configured with a database-generated default, but has no configured sentinel value. The database-generated default will always be used for inserts when the property has the value 'Low', since this is the CLR default for the 'TaskPriority' type. Consider using a nullable type, using a nullable backing field, or setting the sentinel value for the property to ensure the database default is used when, and only when, appropriate. See https://aka.ms/efcore-docs-default-values for more information. {"EventId":{"Id":20601,"Name":"Microsoft.EntityFrameworkCore.Model.Validation.BoolWithDefaultWarning"},"SourceContext":"Microsoft.EntityFrameworkCore.Model.Validation","Application":"MiniJira"}
2025-10-05 22:15:14.901 +02:00 [INF] Acquiring an exclusive lock for migration application. See https://aka.ms/efcore-docs-migrations-lock for more information if this takes too long. {"EventId":{"Id":20411,"Name":"Microsoft.EntityFrameworkCore.Migrations.AcquiringMigrationLock"},"SourceContext":"Microsoft.EntityFrameworkCore.Migrations","Application":"MiniJira"}
2025-10-05 22:15:14.992 +02:00 [INF] No migrations were applied. The database is already up to date. {"EventId":{"Id":20405,"Name":"Microsoft.EntityFrameworkCore.Migrations.MigrationsNotApplied"},"SourceContext":"Microsoft.EntityFrameworkCore.Migrations","Application":"MiniJira"}
2025-10-05 22:15:15.002 +02:00 [INF] Database migrations applied successfully {"SourceContext":"Program","Application":"MiniJira"}
2025-10-05 22:15:15.514 +02:00 [INF] Now listening on: https://localhost:7105 {"EventId":{"Id":14,"Name":"ListeningOnAddress"},"SourceContext":"Microsoft.Hosting.Lifetime","Application":"MiniJira"}
2025-10-05 22:15:15.519 +02:00 [INF] Now listening on: http://localhost:5194 {"EventId":{"Id":14,"Name":"ListeningOnAddress"},"SourceContext":"Microsoft.Hosting.Lifetime","Application":"MiniJira"}
2025-10-05 22:15:15.613 +02:00 [INF] Application started. Press Ctrl+C to shut down. {"SourceContext":"Microsoft.Hosting.Lifetime","Application":"MiniJira"}
2025-10-05 22:15:15.616 +02:00 [INF] Hosting environment: Development {"SourceContext":"Microsoft.Hosting.Lifetime","Application":"MiniJira"}
2025-10-05 22:15:15.619 +02:00 [INF] Content root path: D:\KimiAi\MiniJira\MiniJira\MiniJira {"SourceContext":"Microsoft.Hosting.Lifetime","Application":"MiniJira"}
2025-10-05 22:15:16.592 +02:00 [INF] Retrieving all columns for culture en-US {"SourceContext":"MiniJira.Services.ColumnService","ActionId":"7b06c085-7cd7-4064-9bf7-ec4d03a3d98d","ActionName":"/_Host","RequestId":"0HNG49FIREJ1N:00000001","RequestPath":"/","ConnectionId":"0HNG49FIREJ1N","Application":"MiniJira"}
2025-10-05 22:15:16.960 +02:00 [WRN] Compiling a query which loads related collections for more than one collection navigation, either via 'Include' or through projection, but no 'QuerySplittingBehavior' has been configured. By default, Entity Framework will use 'QuerySplittingBehavior.SingleQuery', which can potentially result in slow query performance. See https://go.microsoft.com/fwlink/?linkid=2134277 for more information. To identify the query that's triggering this warning call 'ConfigureWarnings(w => w.Throw(RelationalEventId.MultipleCollectionIncludeWarning))'. {"EventId":{"Id":20504,"Name":"Microsoft.EntityFrameworkCore.Query.MultipleCollectionIncludeWarning"},"SourceContext":"Microsoft.EntityFrameworkCore.Query","ActionId":"7b06c085-7cd7-4064-9bf7-ec4d03a3d98d","ActionName":"/_Host","RequestId":"0HNG49FIREJ1N:00000001","RequestPath":"/","ConnectionId":"0HNG49FIREJ1N","Application":"MiniJira"}
2025-10-05 22:15:17.063 +02:00 [INF] Retrieving all tasks {"SourceContext":"MiniJira.Services.TaskService","ActionId":"7b06c085-7cd7-4064-9bf7-ec4d03a3d98d","ActionName":"/_Host","RequestId":"0HNG49FIREJ1N:00000001","RequestPath":"/","ConnectionId":"0HNG49FIREJ1N","Application":"MiniJira"}
2025-10-05 22:15:17.616 +02:00 [INF] Retrieving all columns for culture en-US {"SourceContext":"MiniJira.Services.ColumnService","TransportConnectionId":"o-uDUvzdAxHMqjTmnKhDzg","RequestId":"0HNG49FIREJ1N:00000011","RequestPath":"/_blazor","ConnectionId":"0HNG49FIREJ1N","Application":"MiniJira"}
2025-10-05 22:15:17.667 +02:00 [INF] Retrieving all tasks {"SourceContext":"MiniJira.Services.TaskService","TransportConnectionId":"o-uDUvzdAxHMqjTmnKhDzg","RequestId":"0HNG49FIREJ1N:00000011","RequestPath":"/_blazor","ConnectionId":"0HNG49FIREJ1N","Application":"MiniJira"}
2025-10-05 22:15:21.948 +02:00 [INF] Retrieving task with ID "114053c3-52b3-46c7-8bc1-a05ec3f635fa" {"SourceContext":"MiniJira.Services.TaskService","TransportConnectionId":"o-uDUvzdAxHMqjTmnKhDzg","RequestId":"0HNG49FIREJ1N:00000011","RequestPath":"/_blazor","ConnectionId":"0HNG49FIREJ1N","Application":"MiniJira"}
2025-10-05 22:15:21.989 +02:00 [INF] Retrieving all columns for culture en-US {"SourceContext":"MiniJira.Services.ColumnService","TransportConnectionId":"o-uDUvzdAxHMqjTmnKhDzg","RequestId":"0HNG49FIREJ1N:00000011","RequestPath":"/_blazor","ConnectionId":"0HNG49FIREJ1N","Application":"MiniJira"}
2025-10-05 22:15:22.243 +02:00 [WRN] Compiling a query which loads related collections for more than one collection navigation, either via 'Include' or through projection, but no 'QuerySplittingBehavior' has been configured. By default, Entity Framework will use 'QuerySplittingBehavior.SingleQuery', which can potentially result in slow query performance. See https://go.microsoft.com/fwlink/?linkid=2134277 for more information. To identify the query that's triggering this warning call 'ConfigureWarnings(w => w.Throw(RelationalEventId.MultipleCollectionIncludeWarning))'. {"EventId":{"Id":20504,"Name":"Microsoft.EntityFrameworkCore.Query.MultipleCollectionIncludeWarning"},"SourceContext":"Microsoft.EntityFrameworkCore.Query","TransportConnectionId":"o-uDUvzdAxHMqjTmnKhDzg","RequestId":"0HNG49FIREJ1N:00000011","RequestPath":"/_blazor","ConnectionId":"0HNG49FIREJ1N","Application":"MiniJira"}
2025-10-05 22:30:13.886 +02:00 [INF] Applying database migrations... {"SourceContext":"Program","Application":"MiniJira"}
2025-10-05 22:30:14.435 +02:00 [WRN] The 'TaskPriority' property 'Priority' on entity type 'Task' is configured with a database-generated default, but has no configured sentinel value. The database-generated default will always be used for inserts when the property has the value 'Low', since this is the CLR default for the 'TaskPriority' type. Consider using a nullable type, using a nullable backing field, or setting the sentinel value for the property to ensure the database default is used when, and only when, appropriate. See https://aka.ms/efcore-docs-default-values for more information. {"EventId":{"Id":20601,"Name":"Microsoft.EntityFrameworkCore.Model.Validation.BoolWithDefaultWarning"},"SourceContext":"Microsoft.EntityFrameworkCore.Model.Validation","Application":"MiniJira"}
2025-10-05 22:30:14.633 +02:00 [INF] Acquiring an exclusive lock for migration application. See https://aka.ms/efcore-docs-migrations-lock for more information if this takes too long. {"EventId":{"Id":20411,"Name":"Microsoft.EntityFrameworkCore.Migrations.AcquiringMigrationLock"},"SourceContext":"Microsoft.EntityFrameworkCore.Migrations","Application":"MiniJira"}
2025-10-05 22:30:14.752 +02:00 [INF] No migrations were applied. The database is already up to date. {"EventId":{"Id":20405,"Name":"Microsoft.EntityFrameworkCore.Migrations.MigrationsNotApplied"},"SourceContext":"Microsoft.EntityFrameworkCore.Migrations","Application":"MiniJira"}
2025-10-05 22:30:14.762 +02:00 [INF] Database migrations applied successfully {"SourceContext":"Program","Application":"MiniJira"}
2025-10-05 22:30:15.238 +02:00 [INF] Now listening on: https://localhost:7105 {"EventId":{"Id":14,"Name":"ListeningOnAddress"},"SourceContext":"Microsoft.Hosting.Lifetime","Application":"MiniJira"}
2025-10-05 22:30:15.244 +02:00 [INF] Now listening on: http://localhost:5194 {"EventId":{"Id":14,"Name":"ListeningOnAddress"},"SourceContext":"Microsoft.Hosting.Lifetime","Application":"MiniJira"}
2025-10-05 22:30:15.332 +02:00 [INF] Application started. Press Ctrl+C to shut down. {"SourceContext":"Microsoft.Hosting.Lifetime","Application":"MiniJira"}
2025-10-05 22:30:15.336 +02:00 [INF] Hosting environment: Development {"SourceContext":"Microsoft.Hosting.Lifetime","Application":"MiniJira"}
2025-10-05 22:30:15.339 +02:00 [INF] Content root path: D:\KimiAi\MiniJira\MiniJira\MiniJira {"SourceContext":"Microsoft.Hosting.Lifetime","Application":"MiniJira"}
2025-10-05 22:30:21.666 +02:00 [INF] Retrieving all columns for culture en-US {"SourceContext":"MiniJira.Services.ColumnService","TransportConnectionId":"yz7CLpBBrRYLIu3bDHzhSA","RequestId":"0HNG49NV3809D:00000013","RequestPath":"/_blazor","ConnectionId":"0HNG49NV3809D","Application":"MiniJira"}
2025-10-05 22:30:22.020 +02:00 [WRN] Compiling a query which loads related collections for more than one collection navigation, either via 'Include' or through projection, but no 'QuerySplittingBehavior' has been configured. By default, Entity Framework will use 'QuerySplittingBehavior.SingleQuery', which can potentially result in slow query performance. See https://go.microsoft.com/fwlink/?linkid=2134277 for more information. To identify the query that's triggering this warning call 'ConfigureWarnings(w => w.Throw(RelationalEventId.MultipleCollectionIncludeWarning))'. {"EventId":{"Id":20504,"Name":"Microsoft.EntityFrameworkCore.Query.MultipleCollectionIncludeWarning"},"SourceContext":"Microsoft.EntityFrameworkCore.Query","TransportConnectionId":"yz7CLpBBrRYLIu3bDHzhSA","RequestId":"0HNG49NV3809D:00000013","RequestPath":"/_blazor","ConnectionId":"0HNG49NV3809D","Application":"MiniJira"}
2025-10-05 22:30:22.118 +02:00 [INF] Retrieving all tasks {"SourceContext":"MiniJira.Services.TaskService","TransportConnectionId":"yz7CLpBBrRYLIu3bDHzhSA","RequestId":"0HNG49NV3809D:00000013","RequestPath":"/_blazor","ConnectionId":"0HNG49NV3809D","Application":"MiniJira"}
2025-10-05 22:30:28.571 +02:00 [INF] Retrieving task with ID "1b727d35-f4ff-4332-adff-90c224f2e49a" {"SourceContext":"MiniJira.Services.TaskService","TransportConnectionId":"yz7CLpBBrRYLIu3bDHzhSA","RequestId":"0HNG49NV3809D:00000013","RequestPath":"/_blazor","ConnectionId":"0HNG49NV3809D","Application":"MiniJira"}
2025-10-05 22:30:28.622 +02:00 [INF] Retrieving all columns for culture en-US {"SourceContext":"MiniJira.Services.ColumnService","TransportConnectionId":"yz7CLpBBrRYLIu3bDHzhSA","RequestId":"0HNG49NV3809D:00000013","RequestPath":"/_blazor","ConnectionId":"0HNG49NV3809D","Application":"MiniJira"}
2025-10-05 22:30:28.800 +02:00 [WRN] Compiling a query which loads related collections for more than one collection navigation, either via 'Include' or through projection, but no 'QuerySplittingBehavior' has been configured. By default, Entity Framework will use 'QuerySplittingBehavior.SingleQuery', which can potentially result in slow query performance. See https://go.microsoft.com/fwlink/?linkid=2134277 for more information. To identify the query that's triggering this warning call 'ConfigureWarnings(w => w.Throw(RelationalEventId.MultipleCollectionIncludeWarning))'. {"EventId":{"Id":20504,"Name":"Microsoft.EntityFrameworkCore.Query.MultipleCollectionIncludeWarning"},"SourceContext":"Microsoft.EntityFrameworkCore.Query","TransportConnectionId":"yz7CLpBBrRYLIu3bDHzhSA","RequestId":"0HNG49NV3809D:00000013","RequestPath":"/_blazor","ConnectionId":"0HNG49NV3809D","Application":"MiniJira"}
2025-10-05 22:30:31.315 +02:00 [INF] Retrieving all columns for culture en-US {"SourceContext":"MiniJira.Services.ColumnService","TransportConnectionId":"yz7CLpBBrRYLIu3bDHzhSA","RequestId":"0HNG49NV3809D:00000013","RequestPath":"/_blazor","ConnectionId":"0HNG49NV3809D","Application":"MiniJira"}
2025-10-05 22:30:31.324 +02:00 [INF] Retrieving all tasks {"SourceContext":"MiniJira.Services.TaskService","TransportConnectionId":"yz7CLpBBrRYLIu3bDHzhSA","RequestId":"0HNG49NV3809D:00000013","RequestPath":"/_blazor","ConnectionId":"0HNG49NV3809D","Application":"MiniJira"}
2025-10-05 22:31:05.753 +02:00 [INF] Creating new task with title 'ferferf' {"SourceContext":"MiniJira.Services.TaskService","TransportConnectionId":"yz7CLpBBrRYLIu3bDHzhSA","RequestId":"0HNG49NV3809D:00000013","RequestPath":"/_blazor","ConnectionId":"0HNG49NV3809D","Application":"MiniJira"}
2025-10-05 22:31:05.953 +02:00 [INF] Task created successfully with ID "cc194bbd-f8a9-4f08-ad0a-03518d0388fd" {"SourceContext":"MiniJira.Services.TaskService","TransportConnectionId":"yz7CLpBBrRYLIu3bDHzhSA","RequestId":"0HNG49NV3809D:00000013","RequestPath":"/_blazor","ConnectionId":"0HNG49NV3809D","Application":"MiniJira"}
2025-10-05 22:31:14.104 +02:00 [INF] Retrieving all columns for culture en-US {"SourceContext":"MiniJira.Services.ColumnService","TransportConnectionId":"yz7CLpBBrRYLIu3bDHzhSA","RequestId":"0HNG49NV3809D:00000013","RequestPath":"/_blazor","ConnectionId":"0HNG49NV3809D","Application":"MiniJira"}
2025-10-05 22:31:14.113 +02:00 [INF] Retrieving all tasks {"SourceContext":"MiniJira.Services.TaskService","TransportConnectionId":"yz7CLpBBrRYLIu3bDHzhSA","RequestId":"0HNG49NV3809D:00000013","RequestPath":"/_blazor","ConnectionId":"0HNG49NV3809D","Application":"MiniJira"}
2025-10-05 22:31:36.866 +02:00 [INF] Creating new task with title 'aaaaaaaaaaaaaaaa' {"SourceContext":"MiniJira.Services.TaskService","TransportConnectionId":"yz7CLpBBrRYLIu3bDHzhSA","RequestId":"0HNG49NV3809D:00000013","RequestPath":"/_blazor","ConnectionId":"0HNG49NV3809D","Application":"MiniJira"}
2025-10-05 22:31:36.878 +02:00 [INF] Task created successfully with ID "b93754f7-233b-40fd-9bb2-5b5cf6cfb246" {"SourceContext":"MiniJira.Services.TaskService","TransportConnectionId":"yz7CLpBBrRYLIu3bDHzhSA","RequestId":"0HNG49NV3809D:00000013","RequestPath":"/_blazor","ConnectionId":"0HNG49NV3809D","Application":"MiniJira"}
2025-10-05 22:31:38.383 +02:00 [INF] Retrieving all columns for culture en-US {"SourceContext":"MiniJira.Services.ColumnService","TransportConnectionId":"yz7CLpBBrRYLIu3bDHzhSA","RequestId":"0HNG49NV3809D:00000013","RequestPath":"/_blazor","ConnectionId":"0HNG49NV3809D","Application":"MiniJira"}
2025-10-05 22:31:38.391 +02:00 [INF] Retrieving all tasks {"SourceContext":"MiniJira.Services.TaskService","TransportConnectionId":"yz7CLpBBrRYLIu3bDHzhSA","RequestId":"0HNG49NV3809D:00000013","RequestPath":"/_blazor","ConnectionId":"0HNG49NV3809D","Application":"MiniJira"}
2025-10-05 22:38:52.584 +02:00 [WRN] The 'TaskPriority' property 'Priority' on entity type 'Task' is configured with a database-generated default, but has no configured sentinel value. The database-generated default will always be used for inserts when the property has the value 'Low', since this is the CLR default for the 'TaskPriority' type. Consider using a nullable type, using a nullable backing field, or setting the sentinel value for the property to ensure the database default is used when, and only when, appropriate. See https://aka.ms/efcore-docs-default-values for more information. {"EventId":{"Id":20601,"Name":"Microsoft.EntityFrameworkCore.Model.Validation.BoolWithDefaultWarning"},"SourceContext":"Microsoft.EntityFrameworkCore.Model.Validation","Application":"MiniJira"}
2025-10-05 22:47:27.023 +02:00 [WRN] The 'TaskPriority' property 'Priority' on entity type 'Task' is configured with a database-generated default, but has no configured sentinel value. The database-generated default will always be used for inserts when the property has the value 'Low', since this is the CLR default for the 'TaskPriority' type. Consider using a nullable type, using a nullable backing field, or setting the sentinel value for the property to ensure the database default is used when, and only when, appropriate. See https://aka.ms/efcore-docs-default-values for more information. {"EventId":{"Id":20601,"Name":"Microsoft.EntityFrameworkCore.Model.Validation.BoolWithDefaultWarning"},"SourceContext":"Microsoft.EntityFrameworkCore.Model.Validation","Application":"MiniJira"}
2025-10-05 22:47:27.268 +02:00 [INF] Acquiring an exclusive lock for migration application. See https://aka.ms/efcore-docs-migrations-lock for more information if this takes too long. {"EventId":{"Id":20411,"Name":"Microsoft.EntityFrameworkCore.Migrations.AcquiringMigrationLock"},"SourceContext":"Microsoft.EntityFrameworkCore.Migrations","Application":"MiniJira"}
2025-10-05 22:47:27.395 +02:00 [INF] Applying migration '20251005203853_AddTaskAssignment'. {"EventId":{"Id":20402,"Name":"Microsoft.EntityFrameworkCore.Migrations.MigrationApplying"},"SourceContext":"Microsoft.EntityFrameworkCore.Migrations","Application":"MiniJira"}
2025-10-05 22:54:53.773 +02:00 [INF] Applying database migrations... {"SourceContext":"Program","Application":"MiniJira"}
2025-10-05 22:54:54.420 +02:00 [WRN] The 'TaskPriority' property 'Priority' on entity type 'Task' is configured with a database-generated default, but has no configured sentinel value. The database-generated default will always be used for inserts when the property has the value 'Low', since this is the CLR default for the 'TaskPriority' type. Consider using a nullable type, using a nullable backing field, or setting the sentinel value for the property to ensure the database default is used when, and only when, appropriate. See https://aka.ms/efcore-docs-default-values for more information. {"EventId":{"Id":20601,"Name":"Microsoft.EntityFrameworkCore.Model.Validation.BoolWithDefaultWarning"},"SourceContext":"Microsoft.EntityFrameworkCore.Model.Validation","Application":"MiniJira"}
2025-10-05 22:54:54.671 +02:00 [INF] Acquiring an exclusive lock for migration application. See https://aka.ms/efcore-docs-migrations-lock for more information if this takes too long. {"EventId":{"Id":20411,"Name":"Microsoft.EntityFrameworkCore.Migrations.AcquiringMigrationLock"},"SourceContext":"Microsoft.EntityFrameworkCore.Migrations","Application":"MiniJira"}
2025-10-05 22:54:54.779 +02:00 [INF] No migrations were applied. The database is already up to date. {"EventId":{"Id":20405,"Name":"Microsoft.EntityFrameworkCore.Migrations.MigrationsNotApplied"},"SourceContext":"Microsoft.EntityFrameworkCore.Migrations","Application":"MiniJira"}
2025-10-05 22:54:54.789 +02:00 [INF] Database migrations applied successfully {"SourceContext":"Program","Application":"MiniJira"}
2025-10-05 22:54:55.392 +02:00 [INF] Now listening on: https://localhost:7105 {"EventId":{"Id":14,"Name":"ListeningOnAddress"},"SourceContext":"Microsoft.Hosting.Lifetime","Application":"MiniJira"}
2025-10-05 22:54:55.399 +02:00 [INF] Now listening on: http://localhost:5194 {"EventId":{"Id":14,"Name":"ListeningOnAddress"},"SourceContext":"Microsoft.Hosting.Lifetime","Application":"MiniJira"}
2025-10-05 22:54:55.495 +02:00 [INF] Application started. Press Ctrl+C to shut down. {"SourceContext":"Microsoft.Hosting.Lifetime","Application":"MiniJira"}
2025-10-05 22:54:55.498 +02:00 [INF] Hosting environment: Development {"SourceContext":"Microsoft.Hosting.Lifetime","Application":"MiniJira"}
2025-10-05 22:54:55.501 +02:00 [INF] Content root path: D:\KimiAi\MiniJira\MiniJira\MiniJira {"SourceContext":"Microsoft.Hosting.Lifetime","Application":"MiniJira"}
2025-10-05 22:54:58.319 +02:00 [INF] Retrieving all columns for culture en-US {"SourceContext":"MiniJira.Services.ColumnService","TransportConnectionId":"-cRXPqbH9agRaknArMgp4A","RequestId":"0HNG4A5O6TIJS:00000011","RequestPath":"/_blazor","ConnectionId":"0HNG4A5O6TIJS","Application":"MiniJira"}
2025-10-05 22:54:58.605 +02:00 [WRN] Compiling a query which loads related collections for more than one collection navigation, either via 'Include' or through projection, but no 'QuerySplittingBehavior' has been configured. By default, Entity Framework will use 'QuerySplittingBehavior.SingleQuery', which can potentially result in slow query performance. See https://go.microsoft.com/fwlink/?linkid=2134277 for more information. To identify the query that's triggering this warning call 'ConfigureWarnings(w => w.Throw(RelationalEventId.MultipleCollectionIncludeWarning))'. {"EventId":{"Id":20504,"Name":"Microsoft.EntityFrameworkCore.Query.MultipleCollectionIncludeWarning"},"SourceContext":"Microsoft.EntityFrameworkCore.Query","TransportConnectionId":"-cRXPqbH9agRaknArMgp4A","RequestId":"0HNG4A5O6TIJS:00000011","RequestPath":"/_blazor","ConnectionId":"0HNG4A5O6TIJS","Application":"MiniJira"}
2025-10-05 22:54:58.690 +02:00 [INF] Retrieving all tasks {"SourceContext":"MiniJira.Services.TaskService","TransportConnectionId":"-cRXPqbH9agRaknArMgp4A","RequestId":"0HNG4A5O6TIJS:00000011","RequestPath":"/_blazor","ConnectionId":"0HNG4A5O6TIJS","Application":"MiniJira"}
2025-10-05 22:55:01.613 +02:00 [INF] Retrieving task with ID "cc194bbd-f8a9-4f08-ad0a-03518d0388fd" {"SourceContext":"MiniJira.Services.TaskService","TransportConnectionId":"-cRXPqbH9agRaknArMgp4A","RequestId":"0HNG4A5O6TIJS:00000011","RequestPath":"/_blazor","ConnectionId":"0HNG4A5O6TIJS","Application":"MiniJira"}
2025-10-05 22:55:01.663 +02:00 [INF] Retrieving all columns for culture en-US {"SourceContext":"MiniJira.Services.ColumnService","TransportConnectionId":"-cRXPqbH9agRaknArMgp4A","RequestId":"0HNG4A5O6TIJS:00000011","RequestPath":"/_blazor","ConnectionId":"0HNG4A5O6TIJS","Application":"MiniJira"}
2025-10-05 22:55:01.823 +02:00 [WRN] Compiling a query which loads related collections for more than one collection navigation, either via 'Include' or through projection, but no 'QuerySplittingBehavior' has been configured. By default, Entity Framework will use 'QuerySplittingBehavior.SingleQuery', which can potentially result in slow query performance. See https://go.microsoft.com/fwlink/?linkid=2134277 for more information. To identify the query that's triggering this warning call 'ConfigureWarnings(w => w.Throw(RelationalEventId.MultipleCollectionIncludeWarning))'. {"EventId":{"Id":20504,"Name":"Microsoft.EntityFrameworkCore.Query.MultipleCollectionIncludeWarning"},"SourceContext":"Microsoft.EntityFrameworkCore.Query","TransportConnectionId":"-cRXPqbH9agRaknArMgp4A","RequestId":"0HNG4A5O6TIJS:00000011","RequestPath":"/_blazor","ConnectionId":"0HNG4A5O6TIJS","Application":"MiniJira"}
2025-10-05 22:55:01.958 +02:00 [INF] Retrieving owner history for task "cc194bbd-f8a9-4f08-ad0a-03518d0388fd" {"SourceContext":"MiniJira.Services.TaskService","TransportConnectionId":"-cRXPqbH9agRaknArMgp4A","RequestId":"0HNG4A5O6TIJS:00000011","RequestPath":"/_blazor","ConnectionId":"0HNG4A5O6TIJS","Application":"MiniJira"}
2025-10-05 22:55:01.975 +02:00 [INF] Retrieving owner history for task "cc194bbd-f8a9-4f08-ad0a-03518d0388fd" {"SourceContext":"MiniJira.Services.TaskService","TransportConnectionId":"-cRXPqbH9agRaknArMgp4A","RequestId":"0HNG4A5O6TIJS:00000011","RequestPath":"/_blazor","ConnectionId":"0HNG4A5O6TIJS","Application":"MiniJira"}
2025-10-05 22:55:09.618 +02:00 [INF] Changing owner for task "cc194bbd-f8a9-4f08-ad0a-03518d0388fd" to user "11111111-1111-1111-1111-111111111111" {"SourceContext":"MiniJira.Services.TaskService","TransportConnectionId":"-cRXPqbH9agRaknArMgp4A","RequestId":"0HNG4A5O6TIJS:00000011","RequestPath":"/_blazor","ConnectionId":"0HNG4A5O6TIJS","Application":"MiniJira"}
2025-10-05 22:55:09.814 +02:00 [INF] Task "cc194bbd-f8a9-4f08-ad0a-03518d0388fd" owner changed successfully from null to "11111111-1111-1111-1111-111111111111" {"SourceContext":"MiniJira.Services.TaskService","TransportConnectionId":"-cRXPqbH9agRaknArMgp4A","RequestId":"0HNG4A5O6TIJS:00000011","RequestPath":"/_blazor","ConnectionId":"0HNG4A5O6TIJS","Application":"MiniJira"}
2025-10-05 23:01:49.504 +02:00 [INF] Applying database migrations... {"SourceContext":"Program","Application":"MiniJira"}
2025-10-05 23:01:50.059 +02:00 [WRN] The 'TaskPriority' property 'Priority' on entity type 'Task' is configured with a database-generated default, but has no configured sentinel value. The database-generated default will always be used for inserts when the property has the value 'Low', since this is the CLR default for the 'TaskPriority' type. Consider using a nullable type, using a nullable backing field, or setting the sentinel value for the property to ensure the database default is used when, and only when, appropriate. See https://aka.ms/efcore-docs-default-values for more information. {"EventId":{"Id":20601,"Name":"Microsoft.EntityFrameworkCore.Model.Validation.BoolWithDefaultWarning"},"SourceContext":"Microsoft.EntityFrameworkCore.Model.Validation","Application":"MiniJira"}
2025-10-05 23:01:50.284 +02:00 [INF] Acquiring an exclusive lock for migration application. See https://aka.ms/efcore-docs-migrations-lock for more information if this takes too long. {"EventId":{"Id":20411,"Name":"Microsoft.EntityFrameworkCore.Migrations.AcquiringMigrationLock"},"SourceContext":"Microsoft.EntityFrameworkCore.Migrations","Application":"MiniJira"}
2025-10-05 23:01:50.400 +02:00 [INF] No migrations were applied. The database is already up to date. {"EventId":{"Id":20405,"Name":"Microsoft.EntityFrameworkCore.Migrations.MigrationsNotApplied"},"SourceContext":"Microsoft.EntityFrameworkCore.Migrations","Application":"MiniJira"}
2025-10-05 23:01:50.410 +02:00 [INF] Database migrations applied successfully {"SourceContext":"Program","Application":"MiniJira"}
2025-10-05 23:01:50.857 +02:00 [INF] Now listening on: https://localhost:7105 {"EventId":{"Id":14,"Name":"ListeningOnAddress"},"SourceContext":"Microsoft.Hosting.Lifetime","Application":"MiniJira"}
2025-10-05 23:01:50.863 +02:00 [INF] Now listening on: http://localhost:5194 {"EventId":{"Id":14,"Name":"ListeningOnAddress"},"SourceContext":"Microsoft.Hosting.Lifetime","Application":"MiniJira"}
2025-10-05 23:01:50.945 +02:00 [INF] Application started. Press Ctrl+C to shut down. {"SourceContext":"Microsoft.Hosting.Lifetime","Application":"MiniJira"}
2025-10-05 23:01:50.949 +02:00 [INF] Hosting environment: Development {"SourceContext":"Microsoft.Hosting.Lifetime","Application":"MiniJira"}
2025-10-05 23:01:50.952 +02:00 [INF] Content root path: D:\KimiAi\MiniJira\MiniJira\MiniJira {"SourceContext":"Microsoft.Hosting.Lifetime","Application":"MiniJira"}
2025-10-05 23:01:57.447 +02:00 [INF] Retrieving all columns for culture en-US {"SourceContext":"MiniJira.Services.ColumnService","TransportConnectionId":"7j-59ylYPTojOSK0vfT_8Q","RequestId":"0HNG4A9JV7TB4:0000000D","RequestPath":"/_blazor","ConnectionId":"0HNG4A9JV7TB4","Application":"MiniJira"}
2025-10-05 23:01:57.737 +02:00 [WRN] Compiling a query which loads related collections for more than one collection navigation, either via 'Include' or through projection, but no 'QuerySplittingBehavior' has been configured. By default, Entity Framework will use 'QuerySplittingBehavior.SingleQuery', which can potentially result in slow query performance. See https://go.microsoft.com/fwlink/?linkid=2134277 for more information. To identify the query that's triggering this warning call 'ConfigureWarnings(w => w.Throw(RelationalEventId.MultipleCollectionIncludeWarning))'. {"EventId":{"Id":20504,"Name":"Microsoft.EntityFrameworkCore.Query.MultipleCollectionIncludeWarning"},"SourceContext":"Microsoft.EntityFrameworkCore.Query","TransportConnectionId":"7j-59ylYPTojOSK0vfT_8Q","RequestId":"0HNG4A9JV7TB4:0000000D","RequestPath":"/_blazor","ConnectionId":"0HNG4A9JV7TB4","Application":"MiniJira"}
2025-10-05 23:01:57.824 +02:00 [INF] Retrieving all tasks {"SourceContext":"MiniJira.Services.TaskService","TransportConnectionId":"7j-59ylYPTojOSK0vfT_8Q","RequestId":"0HNG4A9JV7TB4:0000000D","RequestPath":"/_blazor","ConnectionId":"0HNG4A9JV7TB4","Application":"MiniJira"}
2025-10-05 23:02:23.879 +02:00 [INF] Retrieving task with ID "b93754f7-233b-40fd-9bb2-5b5cf6cfb246" {"SourceContext":"MiniJira.Services.TaskService","TransportConnectionId":"7j-59ylYPTojOSK0vfT_8Q","RequestId":"0HNG4A9JV7TB4:0000000D","RequestPath":"/_blazor","ConnectionId":"0HNG4A9JV7TB4","Application":"MiniJira"}
2025-10-05 23:02:23.917 +02:00 [INF] Retrieving all columns for culture en-US {"SourceContext":"MiniJira.Services.ColumnService","TransportConnectionId":"7j-59ylYPTojOSK0vfT_8Q","RequestId":"0HNG4A9JV7TB4:0000000D","RequestPath":"/_blazor","ConnectionId":"0HNG4A9JV7TB4","Application":"MiniJira"}
2025-10-05 23:02:24.047 +02:00 [WRN] Compiling a query which loads related collections for more than one collection navigation, either via 'Include' or through projection, but no 'QuerySplittingBehavior' has been configured. By default, Entity Framework will use 'QuerySplittingBehavior.SingleQuery', which can potentially result in slow query performance. See https://go.microsoft.com/fwlink/?linkid=2134277 for more information. To identify the query that's triggering this warning call 'ConfigureWarnings(w => w.Throw(RelationalEventId.MultipleCollectionIncludeWarning))'. {"EventId":{"Id":20504,"Name":"Microsoft.EntityFrameworkCore.Query.MultipleCollectionIncludeWarning"},"SourceContext":"Microsoft.EntityFrameworkCore.Query","TransportConnectionId":"7j-59ylYPTojOSK0vfT_8Q","RequestId":"0HNG4A9JV7TB4:0000000D","RequestPath":"/_blazor","ConnectionId":"0HNG4A9JV7TB4","Application":"MiniJira"}
2025-10-05 23:02:24.214 +02:00 [INF] Retrieving owner history for task "b93754f7-233b-40fd-9bb2-5b5cf6cfb246" {"SourceContext":"MiniJira.Services.TaskService","TransportConnectionId":"7j-59ylYPTojOSK0vfT_8Q","RequestId":"0HNG4A9JV7TB4:0000000D","RequestPath":"/_blazor","ConnectionId":"0HNG4A9JV7TB4","Application":"MiniJira"}
2025-10-05 23:02:24.231 +02:00 [INF] Retrieving owner history for task "b93754f7-233b-40fd-9bb2-5b5cf6cfb246" {"SourceContext":"MiniJira.Services.TaskService","TransportConnectionId":"7j-59ylYPTojOSK0vfT_8Q","RequestId":"0HNG4A9JV7TB4:0000000D","RequestPath":"/_blazor","ConnectionId":"0HNG4A9JV7TB4","Application":"MiniJira"}
2025-10-05 23:02:25.684 +02:00 [INF] Changing owner for task "b93754f7-233b-40fd-9bb2-5b5cf6cfb246" to user "11111111-1111-1111-1111-111111111111" {"SourceContext":"MiniJira.Services.TaskService","TransportConnectionId":"7j-59ylYPTojOSK0vfT_8Q","RequestId":"0HNG4A9JV7TB4:0000000D","RequestPath":"/_blazor","ConnectionId":"0HNG4A9JV7TB4","Application":"MiniJira"}
2025-10-05 23:02:25.910 +02:00 [INF] Task "b93754f7-233b-40fd-9bb2-5b5cf6cfb246" owner changed successfully from null to "11111111-1111-1111-1111-111111111111" {"SourceContext":"MiniJira.Services.TaskService","TransportConnectionId":"7j-59ylYPTojOSK0vfT_8Q","RequestId":"0HNG4A9JV7TB4:0000000D","RequestPath":"/_blazor","ConnectionId":"0HNG4A9JV7TB4","Application":"MiniJira"}
2025-10-05 23:02:28.736 +02:00 [INF] Retrieving all columns for culture en-US {"SourceContext":"MiniJira.Services.ColumnService","TransportConnectionId":"7j-59ylYPTojOSK0vfT_8Q","RequestId":"0HNG4A9JV7TB4:0000000D","RequestPath":"/_blazor","ConnectionId":"0HNG4A9JV7TB4","Application":"MiniJira"}
2025-10-05 23:02:28.751 +02:00 [INF] Retrieving all tasks {"SourceContext":"MiniJira.Services.TaskService","TransportConnectionId":"7j-59ylYPTojOSK0vfT_8Q","RequestId":"0HNG4A9JV7TB4:0000000D","RequestPath":"/_blazor","ConnectionId":"0HNG4A9JV7TB4","Application":"MiniJira"}
2025-10-05 23:02:33.623 +02:00 [INF] Retrieving task with ID "b93754f7-233b-40fd-9bb2-5b5cf6cfb246" {"SourceContext":"MiniJira.Services.TaskService","TransportConnectionId":"7j-59ylYPTojOSK0vfT_8Q","RequestId":"0HNG4A9JV7TB4:0000000D","RequestPath":"/_blazor","ConnectionId":"0HNG4A9JV7TB4","Application":"MiniJira"}
2025-10-05 23:02:33.630 +02:00 [INF] Retrieving all columns for culture en-US {"SourceContext":"MiniJira.Services.ColumnService","TransportConnectionId":"7j-59ylYPTojOSK0vfT_8Q","RequestId":"0HNG4A9JV7TB4:0000000D","RequestPath":"/_blazor","ConnectionId":"0HNG4A9JV7TB4","Application":"MiniJira"}
2025-10-05 23:02:33.646 +02:00 [INF] Retrieving owner history for task "b93754f7-233b-40fd-9bb2-5b5cf6cfb246" {"SourceContext":"MiniJira.Services.TaskService","TransportConnectionId":"7j-59ylYPTojOSK0vfT_8Q","RequestId":"0HNG4A9JV7TB4:0000000D","RequestPath":"/_blazor","ConnectionId":"0HNG4A9JV7TB4","Application":"MiniJira"}
2025-10-05 23:02:33.655 +02:00 [INF] Retrieving owner history for task "b93754f7-233b-40fd-9bb2-5b5cf6cfb246" {"SourceContext":"MiniJira.Services.TaskService","TransportConnectionId":"7j-59ylYPTojOSK0vfT_8Q","RequestId":"0HNG4A9JV7TB4:0000000D","RequestPath":"/_blazor","ConnectionId":"0HNG4A9JV7TB4","Application":"MiniJira"}
2025-10-05 23:14:03.206 +02:00 [INF] Applying database migrations... {"SourceContext":"Program","Application":"MiniJira"}
2025-10-05 23:14:03.630 +02:00 [WRN] The 'TaskPriority' property 'Priority' on entity type 'Task' is configured with a database-generated default, but has no configured sentinel value. The database-generated default will always be used for inserts when the property has the value 'Low', since this is the CLR default for the 'TaskPriority' type. Consider using a nullable type, using a nullable backing field, or setting the sentinel value for the property to ensure the database default is used when, and only when, appropriate. See https://aka.ms/efcore-docs-default-values for more information. {"EventId":{"Id":20601,"Name":"Microsoft.EntityFrameworkCore.Model.Validation.BoolWithDefaultWarning"},"SourceContext":"Microsoft.EntityFrameworkCore.Model.Validation","Application":"MiniJira"}
2025-10-05 23:14:03.797 +02:00 [INF] Acquiring an exclusive lock for migration application. See https://aka.ms/efcore-docs-migrations-lock for more information if this takes too long. {"EventId":{"Id":20411,"Name":"Microsoft.EntityFrameworkCore.Migrations.AcquiringMigrationLock"},"SourceContext":"Microsoft.EntityFrameworkCore.Migrations","Application":"MiniJira"}
2025-10-05 23:14:03.882 +02:00 [INF] No migrations were applied. The database is already up to date. {"EventId":{"Id":20405,"Name":"Microsoft.EntityFrameworkCore.Migrations.MigrationsNotApplied"},"SourceContext":"Microsoft.EntityFrameworkCore.Migrations","Application":"MiniJira"}
2025-10-05 23:14:03.886 +02:00 [INF] Database migrations applied successfully {"SourceContext":"Program","Application":"MiniJira"}
2025-10-05 23:14:04.100 +02:00 [INF] Now listening on: https://localhost:7105 {"EventId":{"Id":14,"Name":"ListeningOnAddress"},"SourceContext":"Microsoft.Hosting.Lifetime","Application":"MiniJira"}
2025-10-05 23:14:04.101 +02:00 [INF] Now listening on: http://localhost:5194 {"EventId":{"Id":14,"Name":"ListeningOnAddress"},"SourceContext":"Microsoft.Hosting.Lifetime","Application":"MiniJira"}
2025-10-05 23:14:04.101 +02:00 [INF] Application started. Press Ctrl+C to shut down. {"SourceContext":"Microsoft.Hosting.Lifetime","Application":"MiniJira"}
2025-10-05 23:14:04.101 +02:00 [INF] Hosting environment: Development {"SourceContext":"Microsoft.Hosting.Lifetime","Application":"MiniJira"}
2025-10-05 23:14:04.101 +02:00 [INF] Content root path: D:\KimiAi\MiniJira\MiniJira\MiniJira {"SourceContext":"Microsoft.Hosting.Lifetime","Application":"MiniJira"}
2025-10-05 23:14:34.943 +02:00 [INF] Applying database migrations... {"SourceContext":"Program","Application":"MiniJira"}
2025-10-05 23:14:35.501 +02:00 [WRN] The 'TaskPriority' property 'Priority' on entity type 'Task' is configured with a database-generated default, but has no configured sentinel value. The database-generated default will always be used for inserts when the property has the value 'Low', since this is the CLR default for the 'TaskPriority' type. Consider using a nullable type, using a nullable backing field, or setting the sentinel value for the property to ensure the database default is used when, and only when, appropriate. See https://aka.ms/efcore-docs-default-values for more information. {"EventId":{"Id":20601,"Name":"Microsoft.EntityFrameworkCore.Model.Validation.BoolWithDefaultWarning"},"SourceContext":"Microsoft.EntityFrameworkCore.Model.Validation","Application":"MiniJira"}
2025-10-05 23:14:35.696 +02:00 [INF] Acquiring an exclusive lock for migration application. See https://aka.ms/efcore-docs-migrations-lock for more information if this takes too long. {"EventId":{"Id":20411,"Name":"Microsoft.EntityFrameworkCore.Migrations.AcquiringMigrationLock"},"SourceContext":"Microsoft.EntityFrameworkCore.Migrations","Application":"MiniJira"}
2025-10-05 23:14:35.794 +02:00 [INF] No migrations were applied. The database is already up to date. {"EventId":{"Id":20405,"Name":"Microsoft.EntityFrameworkCore.Migrations.MigrationsNotApplied"},"SourceContext":"Microsoft.EntityFrameworkCore.Migrations","Application":"MiniJira"}
2025-10-05 23:14:35.802 +02:00 [INF] Database migrations applied successfully {"SourceContext":"Program","Application":"MiniJira"}
2025-10-05 23:14:36.254 +02:00 [INF] Now listening on: https://localhost:7105 {"EventId":{"Id":14,"Name":"ListeningOnAddress"},"SourceContext":"Microsoft.Hosting.Lifetime","Application":"MiniJira"}
2025-10-05 23:14:36.261 +02:00 [INF] Now listening on: http://localhost:5194 {"EventId":{"Id":14,"Name":"ListeningOnAddress"},"SourceContext":"Microsoft.Hosting.Lifetime","Application":"MiniJira"}
2025-10-05 23:14:36.340 +02:00 [INF] Application started. Press Ctrl+C to shut down. {"SourceContext":"Microsoft.Hosting.Lifetime","Application":"MiniJira"}
2025-10-05 23:14:36.343 +02:00 [INF] Hosting environment: Development {"SourceContext":"Microsoft.Hosting.Lifetime","Application":"MiniJira"}
2025-10-05 23:14:36.346 +02:00 [INF] Content root path: D:\KimiAi\MiniJira\MiniJira\MiniJira {"SourceContext":"Microsoft.Hosting.Lifetime","Application":"MiniJira"}
2025-10-05 23:14:38.969 +02:00 [INF] Retrieving all columns for culture en-US {"SourceContext":"MiniJira.Services.ColumnService","TransportConnectionId":"nPblT9IgI7pKBX9awW6Pmw","RequestId":"0HNG4AGO20HUK:00000015","RequestPath":"/_blazor","ConnectionId":"0HNG4AGO20HUK","Application":"MiniJira"}
2025-10-05 23:14:39.264 +02:00 [WRN] Compiling a query which loads related collections for more than one collection navigation, either via 'Include' or through projection, but no 'QuerySplittingBehavior' has been configured. By default, Entity Framework will use 'QuerySplittingBehavior.SingleQuery', which can potentially result in slow query performance. See https://go.microsoft.com/fwlink/?linkid=2134277 for more information. To identify the query that's triggering this warning call 'ConfigureWarnings(w => w.Throw(RelationalEventId.MultipleCollectionIncludeWarning))'. {"EventId":{"Id":20504,"Name":"Microsoft.EntityFrameworkCore.Query.MultipleCollectionIncludeWarning"},"SourceContext":"Microsoft.EntityFrameworkCore.Query","TransportConnectionId":"nPblT9IgI7pKBX9awW6Pmw","RequestId":"0HNG4AGO20HUK:00000015","RequestPath":"/_blazor","ConnectionId":"0HNG4AGO20HUK","Application":"MiniJira"}
2025-10-05 23:14:39.344 +02:00 [INF] Retrieving all tasks {"SourceContext":"MiniJira.Services.TaskService","TransportConnectionId":"nPblT9IgI7pKBX9awW6Pmw","RequestId":"0HNG4AGO20HUK:00000015","RequestPath":"/_blazor","ConnectionId":"0HNG4AGO20HUK","Application":"MiniJira"}
2025-10-05 23:14:40.719 +02:00 [INF] Retrieving all columns for culture en-US {"SourceContext":"MiniJira.Services.ColumnService","TransportConnectionId":"nPblT9IgI7pKBX9awW6Pmw","RequestId":"0HNG4AGO20HUK:00000015","RequestPath":"/_blazor","ConnectionId":"0HNG4AGO20HUK","Application":"MiniJira"}
2025-10-05 23:14:40.735 +02:00 [INF] Retrieving all tasks {"SourceContext":"MiniJira.Services.TaskService","TransportConnectionId":"nPblT9IgI7pKBX9awW6Pmw","RequestId":"0HNG4AGO20HUK:00000015","RequestPath":"/_blazor","ConnectionId":"0HNG4AGO20HUK","Application":"MiniJira"}
2025-10-05 23:17:10.620 +02:00 [INF] Applying database migrations... {"SourceContext":"Program","Application":"MiniJira"}
2025-10-05 23:17:11.036 +02:00 [WRN] The 'TaskPriority' property 'Priority' on entity type 'Task' is configured with a database-generated default, but has no configured sentinel value. The database-generated default will always be used for inserts when the property has the value 'Low', since this is the CLR default for the 'TaskPriority' type. Consider using a nullable type, using a nullable backing field, or setting the sentinel value for the property to ensure the database default is used when, and only when, appropriate. See https://aka.ms/efcore-docs-default-values for more information. {"EventId":{"Id":20601,"Name":"Microsoft.EntityFrameworkCore.Model.Validation.BoolWithDefaultWarning"},"SourceContext":"Microsoft.EntityFrameworkCore.Model.Validation","Application":"MiniJira"}
2025-10-05 23:17:11.191 +02:00 [INF] Acquiring an exclusive lock for migration application. See https://aka.ms/efcore-docs-migrations-lock for more information if this takes too long. {"EventId":{"Id":20411,"Name":"Microsoft.EntityFrameworkCore.Migrations.AcquiringMigrationLock"},"SourceContext":"Microsoft.EntityFrameworkCore.Migrations","Application":"MiniJira"}
2025-10-05 23:17:11.281 +02:00 [INF] No migrations were applied. The database is already up to date. {"EventId":{"Id":20405,"Name":"Microsoft.EntityFrameworkCore.Migrations.MigrationsNotApplied"},"SourceContext":"Microsoft.EntityFrameworkCore.Migrations","Application":"MiniJira"}
2025-10-05 23:17:11.285 +02:00 [INF] Database migrations applied successfully {"SourceContext":"Program","Application":"MiniJira"}
2025-10-05 23:17:11.489 +02:00 [INF] Now listening on: https://localhost:7105 {"EventId":{"Id":14,"Name":"ListeningOnAddress"},"SourceContext":"Microsoft.Hosting.Lifetime","Application":"MiniJira"}
2025-10-05 23:17:11.489 +02:00 [INF] Now listening on: http://localhost:5194 {"EventId":{"Id":14,"Name":"ListeningOnAddress"},"SourceContext":"Microsoft.Hosting.Lifetime","Application":"MiniJira"}
2025-10-05 23:17:11.489 +02:00 [INF] Application started. Press Ctrl+C to shut down. {"SourceContext":"Microsoft.Hosting.Lifetime","Application":"MiniJira"}
2025-10-05 23:17:11.490 +02:00 [INF] Hosting environment: Development {"SourceContext":"Microsoft.Hosting.Lifetime","Application":"MiniJira"}
2025-10-05 23:17:11.490 +02:00 [INF] Content root path: D:\KimiAi\MiniJira\MiniJira\MiniJira {"SourceContext":"Microsoft.Hosting.Lifetime","Application":"MiniJira"}
2025-10-05 23:19:12.342 +02:00 [INF] Applying database migrations... {"SourceContext":"Program","Application":"MiniJira"}
2025-10-05 23:19:13.041 +02:00 [WRN] The 'TaskPriority' property 'Priority' on entity type 'Task' is configured with a database-generated default, but has no configured sentinel value. The database-generated default will always be used for inserts when the property has the value 'Low', since this is the CLR default for the 'TaskPriority' type. Consider using a nullable type, using a nullable backing field, or setting the sentinel value for the property to ensure the database default is used when, and only when, appropriate. See https://aka.ms/efcore-docs-default-values for more information. {"EventId":{"Id":20601,"Name":"Microsoft.EntityFrameworkCore.Model.Validation.BoolWithDefaultWarning"},"SourceContext":"Microsoft.EntityFrameworkCore.Model.Validation","Application":"MiniJira"}
2025-10-05 23:19:13.237 +02:00 [INF] Acquiring an exclusive lock for migration application. See https://aka.ms/efcore-docs-migrations-lock for more information if this takes too long. {"EventId":{"Id":20411,"Name":"Microsoft.EntityFrameworkCore.Migrations.AcquiringMigrationLock"},"SourceContext":"Microsoft.EntityFrameworkCore.Migrations","Application":"MiniJira"}
2025-10-05 23:19:13.348 +02:00 [INF] No migrations were applied. The database is already up to date. {"EventId":{"Id":20405,"Name":"Microsoft.EntityFrameworkCore.Migrations.MigrationsNotApplied"},"SourceContext":"Microsoft.EntityFrameworkCore.Migrations","Application":"MiniJira"}
2025-10-05 23:19:13.359 +02:00 [INF] Database migrations applied successfully {"SourceContext":"Program","Application":"MiniJira"}
2025-10-05 23:19:13.849 +02:00 [INF] Now listening on: https://localhost:7105 {"EventId":{"Id":14,"Name":"ListeningOnAddress"},"SourceContext":"Microsoft.Hosting.Lifetime","Application":"MiniJira"}
2025-10-05 23:19:13.856 +02:00 [INF] Now listening on: http://localhost:5194 {"EventId":{"Id":14,"Name":"ListeningOnAddress"},"SourceContext":"Microsoft.Hosting.Lifetime","Application":"MiniJira"}
2025-10-05 23:19:14.126 +02:00 [INF] Application started. Press Ctrl+C to shut down. {"SourceContext":"Microsoft.Hosting.Lifetime","Application":"MiniJira"}
2025-10-05 23:19:14.131 +02:00 [INF] Hosting environment: Development {"SourceContext":"Microsoft.Hosting.Lifetime","Application":"MiniJira"}
2025-10-05 23:19:14.136 +02:00 [INF] Content root path: D:\KimiAi\MiniJira\MiniJira\MiniJira {"SourceContext":"Microsoft.Hosting.Lifetime","Application":"MiniJira"}
2025-10-05 23:19:16.120 +02:00 [INF] Retrieving all columns for culture en-US {"SourceContext":"MiniJira.Services.ColumnService","TransportConnectionId":"dtIiJcugKAzY_MSSQjd4mA","RequestId":"0HNG4AJANR41R:0000000D","RequestPath":"/_blazor","ConnectionId":"0HNG4AJANR41R","Application":"MiniJira"}
2025-10-05 23:19:16.391 +02:00 [WRN] Compiling a query which loads related collections for more than one collection navigation, either via 'Include' or through projection, but no 'QuerySplittingBehavior' has been configured. By default, Entity Framework will use 'QuerySplittingBehavior.SingleQuery', which can potentially result in slow query performance. See https://go.microsoft.com/fwlink/?linkid=2134277 for more information. To identify the query that's triggering this warning call 'ConfigureWarnings(w => w.Throw(RelationalEventId.MultipleCollectionIncludeWarning))'. {"EventId":{"Id":20504,"Name":"Microsoft.EntityFrameworkCore.Query.MultipleCollectionIncludeWarning"},"SourceContext":"Microsoft.EntityFrameworkCore.Query","TransportConnectionId":"dtIiJcugKAzY_MSSQjd4mA","RequestId":"0HNG4AJANR41R:0000000D","RequestPath":"/_blazor","ConnectionId":"0HNG4AJANR41R","Application":"MiniJira"}
2025-10-05 23:19:16.469 +02:00 [INF] Retrieving all tasks {"SourceContext":"MiniJira.Services.TaskService","TransportConnectionId":"dtIiJcugKAzY_MSSQjd4mA","RequestId":"0HNG4AJANR41R:0000000D","RequestPath":"/_blazor","ConnectionId":"0HNG4AJANR41R","Application":"MiniJira"}
2025-10-05 23:19:22.186 +02:00 [WRN] Unhandled exception rendering component: JavaScript interop calls cannot be issued at this time. This is because the circuit has disconnected and is being disposed. {"EventId":{"Id":100,"Name":"ExceptionRenderingComponent"},"SourceContext":"Microsoft.AspNetCore.Components.Server.Circuits.RemoteRenderer","RequestId":"0HNG4AJANR41R:00000011","RequestPath":"/_blazor/disconnect","ConnectionId":"0HNG4AJANR41R","Application":"MiniJira"}
Microsoft.JSInterop.JSDisconnectedException: JavaScript interop calls cannot be issued at this time. This is because the circuit has disconnected and is being disposed.
   at Microsoft.AspNetCore.Components.Server.Circuits.RemoteJSRuntime.BeginInvokeJS(Int64 asyncHandle, String identifier, String argsJson, JSCallResultType resultType, Int64 targetInstanceId)
   at Microsoft.JSInterop.JSRuntime.InvokeAsync[TValue](Int64 targetInstanceId, String identifier, CancellationToken cancellationToken, Object[] args)
   at Microsoft.JSInterop.JSRuntime.InvokeAsync[TValue](Int64 targetInstanceId, String identifier, Object[] args)
   at Microsoft.JSInterop.JSRuntimeExtensions.InvokeVoidAsync(IJSRuntime jsRuntime, String identifier, Object[] args)
   at MiniJira.Components.Pages.Index.DisposeAsync() in D:\KimiAi\MiniJira\MiniJira\MiniJira\Components\Pages\Index.razor.cs:line 254
   at Microsoft.AspNetCore.Components.RenderTree.Renderer.<>c__DisplayClass85_0.<<Dispose>g__HandleAsyncExceptions|1>d.MoveNext()
2025-10-05 23:19:22.238 +02:00 [ERR] Unhandled exception in circuit 'zTtJ49gLo3UmqV_UumV-9Hl-sSnBQHhfYMZqgRAVgtQ'. {"EventId":{"Id":111,"Name":"CircuitUnhandledException"},"SourceContext":"Microsoft.AspNetCore.Components.Server.Circuits.CircuitHost","RequestId":"0HNG4AJANR41R:00000011","RequestPath":"/_blazor/disconnect","ConnectionId":"0HNG4AJANR41R","Application":"MiniJira"}
Microsoft.JSInterop.JSDisconnectedException: JavaScript interop calls cannot be issued at this time. This is because the circuit has disconnected and is being disposed.
   at Microsoft.AspNetCore.Components.Server.Circuits.RemoteJSRuntime.BeginInvokeJS(Int64 asyncHandle, String identifier, String argsJson, JSCallResultType resultType, Int64 targetInstanceId)
   at Microsoft.JSInterop.JSRuntime.InvokeAsync[TValue](Int64 targetInstanceId, String identifier, CancellationToken cancellationToken, Object[] args)
   at Microsoft.JSInterop.JSRuntime.InvokeAsync[TValue](Int64 targetInstanceId, String identifier, Object[] args)
   at Microsoft.JSInterop.JSRuntimeExtensions.InvokeVoidAsync(IJSRuntime jsRuntime, String identifier, Object[] args)
   at MiniJira.Components.Pages.Index.DisposeAsync() in D:\KimiAi\MiniJira\MiniJira\MiniJira\Components\Pages\Index.razor.cs:line 254
   at Microsoft.AspNetCore.Components.RenderTree.Renderer.<>c__DisplayClass85_0.<<Dispose>g__HandleAsyncExceptions|1>d.MoveNext()
2025-10-05 23:19:23.102 +02:00 [INF] Retrieving all columns for culture en-US {"SourceContext":"MiniJira.Services.ColumnService","TransportConnectionId":"S3_Qr5ssDUSK6x7uwFtHTg","RequestId":"0HNG4AJANR41R:0000001D","RequestPath":"/_blazor","ConnectionId":"0HNG4AJANR41R","Application":"MiniJira"}
2025-10-05 23:19:23.158 +02:00 [INF] Retrieving all tasks {"SourceContext":"MiniJira.Services.TaskService","TransportConnectionId":"S3_Qr5ssDUSK6x7uwFtHTg","RequestId":"0HNG4AJANR41R:0000001D","RequestPath":"/_blazor","ConnectionId":"0HNG4AJANR41R","Application":"MiniJira"}
2025-10-05 23:23:55.460 +02:00 [INF] Applying database migrations... {"SourceContext":"Program","Application":"MiniJira"}
2025-10-05 23:23:55.915 +02:00 [WRN] The 'TaskPriority' property 'Priority' on entity type 'Task' is configured with a database-generated default, but has no configured sentinel value. The database-generated default will always be used for inserts when the property has the value 'Low', since this is the CLR default for the 'TaskPriority' type. Consider using a nullable type, using a nullable backing field, or setting the sentinel value for the property to ensure the database default is used when, and only when, appropriate. See https://aka.ms/efcore-docs-default-values for more information. {"EventId":{"Id":20601,"Name":"Microsoft.EntityFrameworkCore.Model.Validation.BoolWithDefaultWarning"},"SourceContext":"Microsoft.EntityFrameworkCore.Model.Validation","Application":"MiniJira"}
2025-10-05 23:23:56.082 +02:00 [INF] Acquiring an exclusive lock for migration application. See https://aka.ms/efcore-docs-migrations-lock for more information if this takes too long. {"EventId":{"Id":20411,"Name":"Microsoft.EntityFrameworkCore.Migrations.AcquiringMigrationLock"},"SourceContext":"Microsoft.EntityFrameworkCore.Migrations","Application":"MiniJira"}
2025-10-05 23:23:56.157 +02:00 [INF] No migrations were applied. The database is already up to date. {"EventId":{"Id":20405,"Name":"Microsoft.EntityFrameworkCore.Migrations.MigrationsNotApplied"},"SourceContext":"Microsoft.EntityFrameworkCore.Migrations","Application":"MiniJira"}
2025-10-05 23:23:56.173 +02:00 [INF] Database migrations applied successfully {"SourceContext":"Program","Application":"MiniJira"}
2025-10-05 23:23:56.386 +02:00 [INF] Now listening on: https://localhost:7105 {"EventId":{"Id":14,"Name":"ListeningOnAddress"},"SourceContext":"Microsoft.Hosting.Lifetime","Application":"MiniJira"}
2025-10-05 23:23:56.386 +02:00 [INF] Now listening on: http://localhost:5194 {"EventId":{"Id":14,"Name":"ListeningOnAddress"},"SourceContext":"Microsoft.Hosting.Lifetime","Application":"MiniJira"}
2025-10-05 23:23:56.386 +02:00 [INF] Application started. Press Ctrl+C to shut down. {"SourceContext":"Microsoft.Hosting.Lifetime","Application":"MiniJira"}
2025-10-05 23:23:56.387 +02:00 [INF] Hosting environment: Development {"SourceContext":"Microsoft.Hosting.Lifetime","Application":"MiniJira"}
2025-10-05 23:23:56.387 +02:00 [INF] Content root path: D:\KimiAi\MiniJira\MiniJira\MiniJira {"SourceContext":"Microsoft.Hosting.Lifetime","Application":"MiniJira"}
2025-10-05 23:26:21.895 +02:00 [INF] Applying database migrations... {"SourceContext":"Program","Application":"MiniJira"}
2025-10-05 23:26:22.486 +02:00 [WRN] The 'TaskPriority' property 'Priority' on entity type 'Task' is configured with a database-generated default, but has no configured sentinel value. The database-generated default will always be used for inserts when the property has the value 'Low', since this is the CLR default for the 'TaskPriority' type. Consider using a nullable type, using a nullable backing field, or setting the sentinel value for the property to ensure the database default is used when, and only when, appropriate. See https://aka.ms/efcore-docs-default-values for more information. {"EventId":{"Id":20601,"Name":"Microsoft.EntityFrameworkCore.Model.Validation.BoolWithDefaultWarning"},"SourceContext":"Microsoft.EntityFrameworkCore.Model.Validation","Application":"MiniJira"}
2025-10-05 23:26:22.683 +02:00 [INF] Acquiring an exclusive lock for migration application. See https://aka.ms/efcore-docs-migrations-lock for more information if this takes too long. {"EventId":{"Id":20411,"Name":"Microsoft.EntityFrameworkCore.Migrations.AcquiringMigrationLock"},"SourceContext":"Microsoft.EntityFrameworkCore.Migrations","Application":"MiniJira"}
2025-10-05 23:26:22.792 +02:00 [INF] No migrations were applied. The database is already up to date. {"EventId":{"Id":20405,"Name":"Microsoft.EntityFrameworkCore.Migrations.MigrationsNotApplied"},"SourceContext":"Microsoft.EntityFrameworkCore.Migrations","Application":"MiniJira"}
2025-10-05 23:26:22.802 +02:00 [INF] Database migrations applied successfully {"SourceContext":"Program","Application":"MiniJira"}
2025-10-05 23:26:23.291 +02:00 [INF] Now listening on: https://localhost:7105 {"EventId":{"Id":14,"Name":"ListeningOnAddress"},"SourceContext":"Microsoft.Hosting.Lifetime","Application":"MiniJira"}
2025-10-05 23:26:23.298 +02:00 [INF] Now listening on: http://localhost:5194 {"EventId":{"Id":14,"Name":"ListeningOnAddress"},"SourceContext":"Microsoft.Hosting.Lifetime","Application":"MiniJira"}
2025-10-05 23:26:23.372 +02:00 [INF] Application started. Press Ctrl+C to shut down. {"SourceContext":"Microsoft.Hosting.Lifetime","Application":"MiniJira"}
2025-10-05 23:26:23.377 +02:00 [INF] Hosting environment: Development {"SourceContext":"Microsoft.Hosting.Lifetime","Application":"MiniJira"}
2025-10-05 23:26:23.379 +02:00 [INF] Content root path: D:\KimiAi\MiniJira\MiniJira\MiniJira {"SourceContext":"Microsoft.Hosting.Lifetime","Application":"MiniJira"}
2025-10-05 23:26:39.843 +02:00 [INF] Retrieving all columns for culture en-US {"SourceContext":"MiniJira.Services.ColumnService","TransportConnectionId":"K3DHRganLnEBHFw-92I6Jg","RequestId":"0HNG4ANAO1GOC:0000000F","RequestPath":"/_blazor","ConnectionId":"0HNG4ANAO1GOC","Application":"MiniJira"}
2025-10-05 23:26:40.136 +02:00 [WRN] Compiling a query which loads related collections for more than one collection navigation, either via 'Include' or through projection, but no 'QuerySplittingBehavior' has been configured. By default, Entity Framework will use 'QuerySplittingBehavior.SingleQuery', which can potentially result in slow query performance. See https://go.microsoft.com/fwlink/?linkid=2134277 for more information. To identify the query that's triggering this warning call 'ConfigureWarnings(w => w.Throw(RelationalEventId.MultipleCollectionIncludeWarning))'. {"EventId":{"Id":20504,"Name":"Microsoft.EntityFrameworkCore.Query.MultipleCollectionIncludeWarning"},"SourceContext":"Microsoft.EntityFrameworkCore.Query","TransportConnectionId":"K3DHRganLnEBHFw-92I6Jg","RequestId":"0HNG4ANAO1GOC:0000000F","RequestPath":"/_blazor","ConnectionId":"0HNG4ANAO1GOC","Application":"MiniJira"}
2025-10-05 23:26:40.227 +02:00 [INF] Retrieving all tasks {"SourceContext":"MiniJira.Services.TaskService","TransportConnectionId":"K3DHRganLnEBHFw-92I6Jg","RequestId":"0HNG4ANAO1GOC:0000000F","RequestPath":"/_blazor","ConnectionId":"0HNG4ANAO1GOC","Application":"MiniJira"}
2025-10-05 23:26:42.353 +02:00 [INF] Retrieving task with ID "1b727d35-f4ff-4332-adff-90c224f2e49a" {"SourceContext":"MiniJira.Services.TaskService","TransportConnectionId":"K3DHRganLnEBHFw-92I6Jg","RequestId":"0HNG4ANAO1GOC:0000000F","RequestPath":"/_blazor","ConnectionId":"0HNG4ANAO1GOC","Application":"MiniJira"}
2025-10-05 23:26:42.389 +02:00 [INF] Retrieving all columns for culture en-US {"SourceContext":"MiniJira.Services.ColumnService","TransportConnectionId":"K3DHRganLnEBHFw-92I6Jg","RequestId":"0HNG4ANAO1GOC:0000000F","RequestPath":"/_blazor","ConnectionId":"0HNG4ANAO1GOC","Application":"MiniJira"}
2025-10-05 23:26:42.517 +02:00 [WRN] Compiling a query which loads related collections for more than one collection navigation, either via 'Include' or through projection, but no 'QuerySplittingBehavior' has been configured. By default, Entity Framework will use 'QuerySplittingBehavior.SingleQuery', which can potentially result in slow query performance. See https://go.microsoft.com/fwlink/?linkid=2134277 for more information. To identify the query that's triggering this warning call 'ConfigureWarnings(w => w.Throw(RelationalEventId.MultipleCollectionIncludeWarning))'. {"EventId":{"Id":20504,"Name":"Microsoft.EntityFrameworkCore.Query.MultipleCollectionIncludeWarning"},"SourceContext":"Microsoft.EntityFrameworkCore.Query","TransportConnectionId":"K3DHRganLnEBHFw-92I6Jg","RequestId":"0HNG4ANAO1GOC:0000000F","RequestPath":"/_blazor","ConnectionId":"0HNG4ANAO1GOC","Application":"MiniJira"}
2025-10-05 23:26:42.690 +02:00 [INF] Retrieving owner history for task "1b727d35-f4ff-4332-adff-90c224f2e49a" {"SourceContext":"MiniJira.Services.TaskService","TransportConnectionId":"K3DHRganLnEBHFw-92I6Jg","RequestId":"0HNG4ANAO1GOC:0000000F","RequestPath":"/_blazor","ConnectionId":"0HNG4ANAO1GOC","Application":"MiniJira"}
2025-10-05 23:26:42.707 +02:00 [INF] Retrieving owner history for task "1b727d35-f4ff-4332-adff-90c224f2e49a" {"SourceContext":"MiniJira.Services.TaskService","TransportConnectionId":"K3DHRganLnEBHFw-92I6Jg","RequestId":"0HNG4ANAO1GOC:0000000F","RequestPath":"/_blazor","ConnectionId":"0HNG4ANAO1GOC","Application":"MiniJira"}
2025-10-05 23:30:42.057 +02:00 [INF] Applying database migrations... {"SourceContext":"Program","Application":"MiniJira"}
2025-10-05 23:30:42.614 +02:00 [WRN] The 'TaskPriority' property 'Priority' on entity type 'Task' is configured with a database-generated default, but has no configured sentinel value. The database-generated default will always be used for inserts when the property has the value 'Low', since this is the CLR default for the 'TaskPriority' type. Consider using a nullable type, using a nullable backing field, or setting the sentinel value for the property to ensure the database default is used when, and only when, appropriate. See https://aka.ms/efcore-docs-default-values for more information. {"EventId":{"Id":20601,"Name":"Microsoft.EntityFrameworkCore.Model.Validation.BoolWithDefaultWarning"},"SourceContext":"Microsoft.EntityFrameworkCore.Model.Validation","Application":"MiniJira"}
2025-10-05 23:30:42.864 +02:00 [INF] Acquiring an exclusive lock for migration application. See https://aka.ms/efcore-docs-migrations-lock for more information if this takes too long. {"EventId":{"Id":20411,"Name":"Microsoft.EntityFrameworkCore.Migrations.AcquiringMigrationLock"},"SourceContext":"Microsoft.EntityFrameworkCore.Migrations","Application":"MiniJira"}
2025-10-05 23:30:42.962 +02:00 [INF] No migrations were applied. The database is already up to date. {"EventId":{"Id":20405,"Name":"Microsoft.EntityFrameworkCore.Migrations.MigrationsNotApplied"},"SourceContext":"Microsoft.EntityFrameworkCore.Migrations","Application":"MiniJira"}
2025-10-05 23:30:42.972 +02:00 [INF] Database migrations applied successfully {"SourceContext":"Program","Application":"MiniJira"}
2025-10-05 23:30:43.423 +02:00 [INF] Now listening on: https://localhost:7105 {"EventId":{"Id":14,"Name":"ListeningOnAddress"},"SourceContext":"Microsoft.Hosting.Lifetime","Application":"MiniJira"}
2025-10-05 23:30:43.429 +02:00 [INF] Now listening on: http://localhost:5194 {"EventId":{"Id":14,"Name":"ListeningOnAddress"},"SourceContext":"Microsoft.Hosting.Lifetime","Application":"MiniJira"}
2025-10-05 23:30:43.510 +02:00 [INF] Application started. Press Ctrl+C to shut down. {"SourceContext":"Microsoft.Hosting.Lifetime","Application":"MiniJira"}
2025-10-05 23:30:43.514 +02:00 [INF] Hosting environment: Development {"SourceContext":"Microsoft.Hosting.Lifetime","Application":"MiniJira"}
2025-10-05 23:30:43.516 +02:00 [INF] Content root path: D:\KimiAi\MiniJira\MiniJira\MiniJira {"SourceContext":"Microsoft.Hosting.Lifetime","Application":"MiniJira"}
2025-10-05 23:30:47.238 +02:00 [INF] Retrieving all columns for culture en-US {"SourceContext":"MiniJira.Services.ColumnService","TransportConnectionId":"YCx33wUex5nPLcZnrlGScw","RequestId":"0HNG4APOAUG78:00000011","RequestPath":"/_blazor","ConnectionId":"0HNG4APOAUG78","Application":"MiniJira"}
2025-10-05 23:30:47.517 +02:00 [WRN] Compiling a query which loads related collections for more than one collection navigation, either via 'Include' or through projection, but no 'QuerySplittingBehavior' has been configured. By default, Entity Framework will use 'QuerySplittingBehavior.SingleQuery', which can potentially result in slow query performance. See https://go.microsoft.com/fwlink/?linkid=2134277 for more information. To identify the query that's triggering this warning call 'ConfigureWarnings(w => w.Throw(RelationalEventId.MultipleCollectionIncludeWarning))'. {"EventId":{"Id":20504,"Name":"Microsoft.EntityFrameworkCore.Query.MultipleCollectionIncludeWarning"},"SourceContext":"Microsoft.EntityFrameworkCore.Query","TransportConnectionId":"YCx33wUex5nPLcZnrlGScw","RequestId":"0HNG4APOAUG78:00000011","RequestPath":"/_blazor","ConnectionId":"0HNG4APOAUG78","Application":"MiniJira"}
2025-10-05 23:30:47.609 +02:00 [INF] Retrieving all tasks {"SourceContext":"MiniJira.Services.TaskService","TransportConnectionId":"YCx33wUex5nPLcZnrlGScw","RequestId":"0HNG4APOAUG78:00000011","RequestPath":"/_blazor","ConnectionId":"0HNG4APOAUG78","Application":"MiniJira"}
2025-10-05 23:30:50.342 +02:00 [INF] Retrieving task with ID "b93754f7-233b-40fd-9bb2-5b5cf6cfb246" {"SourceContext":"MiniJira.Services.TaskService","TransportConnectionId":"YCx33wUex5nPLcZnrlGScw","RequestId":"0HNG4APOAUG78:00000011","RequestPath":"/_blazor","ConnectionId":"0HNG4APOAUG78","Application":"MiniJira"}
2025-10-05 23:30:50.378 +02:00 [INF] Retrieving all columns for culture en-US {"SourceContext":"MiniJira.Services.ColumnService","TransportConnectionId":"YCx33wUex5nPLcZnrlGScw","RequestId":"0HNG4APOAUG78:00000011","RequestPath":"/_blazor","ConnectionId":"0HNG4APOAUG78","Application":"MiniJira"}
2025-10-05 23:30:50.551 +02:00 [WRN] Compiling a query which loads related collections for more than one collection navigation, either via 'Include' or through projection, but no 'QuerySplittingBehavior' has been configured. By default, Entity Framework will use 'QuerySplittingBehavior.SingleQuery', which can potentially result in slow query performance. See https://go.microsoft.com/fwlink/?linkid=2134277 for more information. To identify the query that's triggering this warning call 'ConfigureWarnings(w => w.Throw(RelationalEventId.MultipleCollectionIncludeWarning))'. {"EventId":{"Id":20504,"Name":"Microsoft.EntityFrameworkCore.Query.MultipleCollectionIncludeWarning"},"SourceContext":"Microsoft.EntityFrameworkCore.Query","TransportConnectionId":"YCx33wUex5nPLcZnrlGScw","RequestId":"0HNG4APOAUG78:00000011","RequestPath":"/_blazor","ConnectionId":"0HNG4APOAUG78","Application":"MiniJira"}
2025-10-05 23:30:50.716 +02:00 [INF] Retrieving owner history for task "b93754f7-233b-40fd-9bb2-5b5cf6cfb246" {"SourceContext":"MiniJira.Services.TaskService","TransportConnectionId":"YCx33wUex5nPLcZnrlGScw","RequestId":"0HNG4APOAUG78:00000011","RequestPath":"/_blazor","ConnectionId":"0HNG4APOAUG78","Application":"MiniJira"}
2025-10-05 23:30:50.732 +02:00 [INF] Retrieving owner history for task "b93754f7-233b-40fd-9bb2-5b5cf6cfb246" {"SourceContext":"MiniJira.Services.TaskService","TransportConnectionId":"YCx33wUex5nPLcZnrlGScw","RequestId":"0HNG4APOAUG78:00000011","RequestPath":"/_blazor","ConnectionId":"0HNG4APOAUG78","Application":"MiniJira"}
2025-10-05 23:39:44.424 +02:00 [INF] Applying database migrations... {"SourceContext":"Program","Application":"MiniJira"}
2025-10-05 23:39:44.953 +02:00 [WRN] The 'TaskPriority' property 'Priority' on entity type 'Task' is configured with a database-generated default, but has no configured sentinel value. The database-generated default will always be used for inserts when the property has the value 'Low', since this is the CLR default for the 'TaskPriority' type. Consider using a nullable type, using a nullable backing field, or setting the sentinel value for the property to ensure the database default is used when, and only when, appropriate. See https://aka.ms/efcore-docs-default-values for more information. {"EventId":{"Id":20601,"Name":"Microsoft.EntityFrameworkCore.Model.Validation.BoolWithDefaultWarning"},"SourceContext":"Microsoft.EntityFrameworkCore.Model.Validation","Application":"MiniJira"}
2025-10-05 23:39:45.191 +02:00 [INF] Acquiring an exclusive lock for migration application. See https://aka.ms/efcore-docs-migrations-lock for more information if this takes too long. {"EventId":{"Id":20411,"Name":"Microsoft.EntityFrameworkCore.Migrations.AcquiringMigrationLock"},"SourceContext":"Microsoft.EntityFrameworkCore.Migrations","Application":"MiniJira"}
2025-10-05 23:39:45.278 +02:00 [INF] No migrations were applied. The database is already up to date. {"EventId":{"Id":20405,"Name":"Microsoft.EntityFrameworkCore.Migrations.MigrationsNotApplied"},"SourceContext":"Microsoft.EntityFrameworkCore.Migrations","Application":"MiniJira"}
2025-10-05 23:39:45.290 +02:00 [INF] Database migrations applied successfully {"SourceContext":"Program","Application":"MiniJira"}
2025-10-05 23:39:45.779 +02:00 [INF] Now listening on: https://localhost:7105 {"EventId":{"Id":14,"Name":"ListeningOnAddress"},"SourceContext":"Microsoft.Hosting.Lifetime","Application":"MiniJira"}
2025-10-05 23:39:45.784 +02:00 [INF] Now listening on: http://localhost:5194 {"EventId":{"Id":14,"Name":"ListeningOnAddress"},"SourceContext":"Microsoft.Hosting.Lifetime","Application":"MiniJira"}
2025-10-05 23:39:45.866 +02:00 [INF] Application started. Press Ctrl+C to shut down. {"SourceContext":"Microsoft.Hosting.Lifetime","Application":"MiniJira"}
2025-10-05 23:39:45.869 +02:00 [INF] Hosting environment: Development {"SourceContext":"Microsoft.Hosting.Lifetime","Application":"MiniJira"}
2025-10-05 23:39:45.871 +02:00 [INF] Content root path: D:\KimiAi\MiniJira\MiniJira\MiniJira {"SourceContext":"Microsoft.Hosting.Lifetime","Application":"MiniJira"}
2025-10-05 23:40:03.973 +02:00 [INF] Retrieving all columns for culture en-US {"SourceContext":"MiniJira.Services.ColumnService","TransportConnectionId":"KL8Yh9Un0-Ry94Vp06KIew","RequestId":"0HNG4AUPT4Q92:00000015","RequestPath":"/_blazor","ConnectionId":"0HNG4AUPT4Q92","Application":"MiniJira"}
2025-10-05 23:40:04.347 +02:00 [WRN] Compiling a query which loads related collections for more than one collection navigation, either via 'Include' or through projection, but no 'QuerySplittingBehavior' has been configured. By default, Entity Framework will use 'QuerySplittingBehavior.SingleQuery', which can potentially result in slow query performance. See https://go.microsoft.com/fwlink/?linkid=2134277 for more information. To identify the query that's triggering this warning call 'ConfigureWarnings(w => w.Throw(RelationalEventId.MultipleCollectionIncludeWarning))'. {"EventId":{"Id":20504,"Name":"Microsoft.EntityFrameworkCore.Query.MultipleCollectionIncludeWarning"},"SourceContext":"Microsoft.EntityFrameworkCore.Query","TransportConnectionId":"KL8Yh9Un0-Ry94Vp06KIew","RequestId":"0HNG4AUPT4Q92:00000015","RequestPath":"/_blazor","ConnectionId":"0HNG4AUPT4Q92","Application":"MiniJira"}
2025-10-05 23:40:04.442 +02:00 [INF] Retrieving all tasks {"SourceContext":"MiniJira.Services.TaskService","TransportConnectionId":"KL8Yh9Un0-Ry94Vp06KIew","RequestId":"0HNG4AUPT4Q92:00000015","RequestPath":"/_blazor","ConnectionId":"0HNG4AUPT4Q92","Application":"MiniJira"}
2025-10-05 23:40:06.812 +02:00 [INF] Retrieving task with ID "b93754f7-233b-40fd-9bb2-5b5cf6cfb246" {"SourceContext":"MiniJira.Services.TaskService","TransportConnectionId":"KL8Yh9Un0-Ry94Vp06KIew","RequestId":"0HNG4AUPT4Q92:00000015","RequestPath":"/_blazor","ConnectionId":"0HNG4AUPT4Q92","Application":"MiniJira"}
2025-10-05 23:40:06.848 +02:00 [INF] Retrieving all columns for culture en-US {"SourceContext":"MiniJira.Services.ColumnService","TransportConnectionId":"KL8Yh9Un0-Ry94Vp06KIew","RequestId":"0HNG4AUPT4Q92:00000015","RequestPath":"/_blazor","ConnectionId":"0HNG4AUPT4Q92","Application":"MiniJira"}
2025-10-05 23:40:07.017 +02:00 [WRN] Compiling a query which loads related collections for more than one collection navigation, either via 'Include' or through projection, but no 'QuerySplittingBehavior' has been configured. By default, Entity Framework will use 'QuerySplittingBehavior.SingleQuery', which can potentially result in slow query performance. See https://go.microsoft.com/fwlink/?linkid=2134277 for more information. To identify the query that's triggering this warning call 'ConfigureWarnings(w => w.Throw(RelationalEventId.MultipleCollectionIncludeWarning))'. {"EventId":{"Id":20504,"Name":"Microsoft.EntityFrameworkCore.Query.MultipleCollectionIncludeWarning"},"SourceContext":"Microsoft.EntityFrameworkCore.Query","TransportConnectionId":"KL8Yh9Un0-Ry94Vp06KIew","RequestId":"0HNG4AUPT4Q92:00000015","RequestPath":"/_blazor","ConnectionId":"0HNG4AUPT4Q92","Application":"MiniJira"}
2025-10-05 23:40:07.174 +02:00 [INF] Retrieving owner history for task "b93754f7-233b-40fd-9bb2-5b5cf6cfb246" {"SourceContext":"MiniJira.Services.TaskService","TransportConnectionId":"KL8Yh9Un0-Ry94Vp06KIew","RequestId":"0HNG4AUPT4Q92:00000015","RequestPath":"/_blazor","ConnectionId":"0HNG4AUPT4Q92","Application":"MiniJira"}
2025-10-05 23:40:07.190 +02:00 [INF] Retrieving owner history for task "b93754f7-233b-40fd-9bb2-5b5cf6cfb246" {"SourceContext":"MiniJira.Services.TaskService","TransportConnectionId":"KL8Yh9Un0-Ry94Vp06KIew","RequestId":"0HNG4AUPT4Q92:00000015","RequestPath":"/_blazor","ConnectionId":"0HNG4AUPT4Q92","Application":"MiniJira"}
2025-10-05 23:50:47.507 +02:00 [INF] Applying database migrations... {"SourceContext":"Program","Application":"MiniJira"}
2025-10-05 23:50:48.069 +02:00 [WRN] The 'TaskPriority' property 'Priority' on entity type 'Task' is configured with a database-generated default, but has no configured sentinel value. The database-generated default will always be used for inserts when the property has the value 'Low', since this is the CLR default for the 'TaskPriority' type. Consider using a nullable type, using a nullable backing field, or setting the sentinel value for the property to ensure the database default is used when, and only when, appropriate. See https://aka.ms/efcore-docs-default-values for more information. {"EventId":{"Id":20601,"Name":"Microsoft.EntityFrameworkCore.Model.Validation.BoolWithDefaultWarning"},"SourceContext":"Microsoft.EntityFrameworkCore.Model.Validation","Application":"MiniJira"}
2025-10-05 23:50:48.302 +02:00 [INF] Acquiring an exclusive lock for migration application. See https://aka.ms/efcore-docs-migrations-lock for more information if this takes too long. {"EventId":{"Id":20411,"Name":"Microsoft.EntityFrameworkCore.Migrations.AcquiringMigrationLock"},"SourceContext":"Microsoft.EntityFrameworkCore.Migrations","Application":"MiniJira"}
2025-10-05 23:50:48.400 +02:00 [INF] No migrations were applied. The database is already up to date. {"EventId":{"Id":20405,"Name":"Microsoft.EntityFrameworkCore.Migrations.MigrationsNotApplied"},"SourceContext":"Microsoft.EntityFrameworkCore.Migrations","Application":"MiniJira"}
2025-10-05 23:50:48.411 +02:00 [INF] Database migrations applied successfully {"SourceContext":"Program","Application":"MiniJira"}
2025-10-05 23:50:48.930 +02:00 [INF] Now listening on: https://localhost:7105 {"EventId":{"Id":14,"Name":"ListeningOnAddress"},"SourceContext":"Microsoft.Hosting.Lifetime","Application":"MiniJira"}
2025-10-05 23:50:48.937 +02:00 [INF] Now listening on: http://localhost:5194 {"EventId":{"Id":14,"Name":"ListeningOnAddress"},"SourceContext":"Microsoft.Hosting.Lifetime","Application":"MiniJira"}
2025-10-05 23:50:49.019 +02:00 [INF] Application started. Press Ctrl+C to shut down. {"SourceContext":"Microsoft.Hosting.Lifetime","Application":"MiniJira"}
2025-10-05 23:50:49.022 +02:00 [INF] Hosting environment: Development {"SourceContext":"Microsoft.Hosting.Lifetime","Application":"MiniJira"}
2025-10-05 23:50:49.025 +02:00 [INF] Content root path: D:\KimiAi\MiniJira\MiniJira\MiniJira {"SourceContext":"Microsoft.Hosting.Lifetime","Application":"MiniJira"}
2025-10-05 23:50:52.316 +02:00 [INF] Retrieving all columns for culture en-US {"SourceContext":"MiniJira.Services.ColumnService","TransportConnectionId":"dPplY5e_Db90AfEZ7o05AQ","RequestId":"0HNG4B4VJ5K0S:00000011","RequestPath":"/_blazor","ConnectionId":"0HNG4B4VJ5K0S","Application":"MiniJira"}
2025-10-05 23:50:52.587 +02:00 [WRN] Compiling a query which loads related collections for more than one collection navigation, either via 'Include' or through projection, but no 'QuerySplittingBehavior' has been configured. By default, Entity Framework will use 'QuerySplittingBehavior.SingleQuery', which can potentially result in slow query performance. See https://go.microsoft.com/fwlink/?linkid=2134277 for more information. To identify the query that's triggering this warning call 'ConfigureWarnings(w => w.Throw(RelationalEventId.MultipleCollectionIncludeWarning))'. {"EventId":{"Id":20504,"Name":"Microsoft.EntityFrameworkCore.Query.MultipleCollectionIncludeWarning"},"SourceContext":"Microsoft.EntityFrameworkCore.Query","TransportConnectionId":"dPplY5e_Db90AfEZ7o05AQ","RequestId":"0HNG4B4VJ5K0S:00000011","RequestPath":"/_blazor","ConnectionId":"0HNG4B4VJ5K0S","Application":"MiniJira"}
2025-10-05 23:50:52.687 +02:00 [INF] Retrieving all tasks {"SourceContext":"MiniJira.Services.TaskService","TransportConnectionId":"dPplY5e_Db90AfEZ7o05AQ","RequestId":"0HNG4B4VJ5K0S:00000011","RequestPath":"/_blazor","ConnectionId":"0HNG4B4VJ5K0S","Application":"MiniJira"}
2025-10-05 23:50:57.057 +02:00 [INF] Retrieving task with ID "cc194bbd-f8a9-4f08-ad0a-03518d0388fd" {"SourceContext":"MiniJira.Services.TaskService","TransportConnectionId":"dPplY5e_Db90AfEZ7o05AQ","RequestId":"0HNG4B4VJ5K0S:00000011","RequestPath":"/_blazor","ConnectionId":"0HNG4B4VJ5K0S","Application":"MiniJira"}
2025-10-05 23:50:57.094 +02:00 [INF] Retrieving all columns for culture en-US {"SourceContext":"MiniJira.Services.ColumnService","TransportConnectionId":"dPplY5e_Db90AfEZ7o05AQ","RequestId":"0HNG4B4VJ5K0S:00000011","RequestPath":"/_blazor","ConnectionId":"0HNG4B4VJ5K0S","Application":"MiniJira"}
2025-10-05 23:50:57.268 +02:00 [WRN] Compiling a query which loads related collections for more than one collection navigation, either via 'Include' or through projection, but no 'QuerySplittingBehavior' has been configured. By default, Entity Framework will use 'QuerySplittingBehavior.SingleQuery', which can potentially result in slow query performance. See https://go.microsoft.com/fwlink/?linkid=2134277 for more information. To identify the query that's triggering this warning call 'ConfigureWarnings(w => w.Throw(RelationalEventId.MultipleCollectionIncludeWarning))'. {"EventId":{"Id":20504,"Name":"Microsoft.EntityFrameworkCore.Query.MultipleCollectionIncludeWarning"},"SourceContext":"Microsoft.EntityFrameworkCore.Query","TransportConnectionId":"dPplY5e_Db90AfEZ7o05AQ","RequestId":"0HNG4B4VJ5K0S:00000011","RequestPath":"/_blazor","ConnectionId":"0HNG4B4VJ5K0S","Application":"MiniJira"}
2025-10-05 23:50:57.411 +02:00 [INF] Retrieving owner history for task "cc194bbd-f8a9-4f08-ad0a-03518d0388fd" {"SourceContext":"MiniJira.Services.TaskService","TransportConnectionId":"dPplY5e_Db90AfEZ7o05AQ","RequestId":"0HNG4B4VJ5K0S:00000011","RequestPath":"/_blazor","ConnectionId":"0HNG4B4VJ5K0S","Application":"MiniJira"}
2025-10-05 23:50:57.430 +02:00 [INF] Retrieving owner history for task "cc194bbd-f8a9-4f08-ad0a-03518d0388fd" {"SourceContext":"MiniJira.Services.TaskService","TransportConnectionId":"dPplY5e_Db90AfEZ7o05AQ","RequestId":"0HNG4B4VJ5K0S:00000011","RequestPath":"/_blazor","ConnectionId":"0HNG4B4VJ5K0S","Application":"MiniJira"}
2025-10-05 23:52:02.478 +02:00 [INF] Applying database migrations... {"SourceContext":"Program","Application":"MiniJira"}
2025-10-05 23:52:03.057 +02:00 [WRN] The 'TaskPriority' property 'Priority' on entity type 'Task' is configured with a database-generated default, but has no configured sentinel value. The database-generated default will always be used for inserts when the property has the value 'Low', since this is the CLR default for the 'TaskPriority' type. Consider using a nullable type, using a nullable backing field, or setting the sentinel value for the property to ensure the database default is used when, and only when, appropriate. See https://aka.ms/efcore-docs-default-values for more information. {"EventId":{"Id":20601,"Name":"Microsoft.EntityFrameworkCore.Model.Validation.BoolWithDefaultWarning"},"SourceContext":"Microsoft.EntityFrameworkCore.Model.Validation","Application":"MiniJira"}
2025-10-05 23:52:03.253 +02:00 [INF] Acquiring an exclusive lock for migration application. See https://aka.ms/efcore-docs-migrations-lock for more information if this takes too long. {"EventId":{"Id":20411,"Name":"Microsoft.EntityFrameworkCore.Migrations.AcquiringMigrationLock"},"SourceContext":"Microsoft.EntityFrameworkCore.Migrations","Application":"MiniJira"}
2025-10-05 23:52:03.362 +02:00 [INF] No migrations were applied. The database is already up to date. {"EventId":{"Id":20405,"Name":"Microsoft.EntityFrameworkCore.Migrations.MigrationsNotApplied"},"SourceContext":"Microsoft.EntityFrameworkCore.Migrations","Application":"MiniJira"}
2025-10-05 23:52:03.372 +02:00 [INF] Database migrations applied successfully {"SourceContext":"Program","Application":"MiniJira"}
2025-10-05 23:52:03.855 +02:00 [INF] Now listening on: https://localhost:7105 {"EventId":{"Id":14,"Name":"ListeningOnAddress"},"SourceContext":"Microsoft.Hosting.Lifetime","Application":"MiniJira"}
2025-10-05 23:52:03.862 +02:00 [INF] Now listening on: http://localhost:5194 {"EventId":{"Id":14,"Name":"ListeningOnAddress"},"SourceContext":"Microsoft.Hosting.Lifetime","Application":"MiniJira"}
2025-10-05 23:52:03.941 +02:00 [INF] Application started. Press Ctrl+C to shut down. {"SourceContext":"Microsoft.Hosting.Lifetime","Application":"MiniJira"}
2025-10-05 23:52:03.946 +02:00 [INF] Hosting environment: Development {"SourceContext":"Microsoft.Hosting.Lifetime","Application":"MiniJira"}
2025-10-05 23:52:03.948 +02:00 [INF] Content root path: D:\KimiAi\MiniJira\MiniJira\MiniJira {"SourceContext":"Microsoft.Hosting.Lifetime","Application":"MiniJira"}
2025-10-05 23:52:31.682 +02:00 [INF] Retrieving all columns for culture en-US {"SourceContext":"MiniJira.Services.ColumnService","TransportConnectionId":"YkzOFJrlJa9nxoU1kJYCkg","RequestId":"0HNG4B5LTC795:0000000D","RequestPath":"/_blazor","ConnectionId":"0HNG4B5LTC795","Application":"MiniJira"}
2025-10-05 23:52:32.036 +02:00 [WRN] Compiling a query which loads related collections for more than one collection navigation, either via 'Include' or through projection, but no 'QuerySplittingBehavior' has been configured. By default, Entity Framework will use 'QuerySplittingBehavior.SingleQuery', which can potentially result in slow query performance. See https://go.microsoft.com/fwlink/?linkid=2134277 for more information. To identify the query that's triggering this warning call 'ConfigureWarnings(w => w.Throw(RelationalEventId.MultipleCollectionIncludeWarning))'. {"EventId":{"Id":20504,"Name":"Microsoft.EntityFrameworkCore.Query.MultipleCollectionIncludeWarning"},"SourceContext":"Microsoft.EntityFrameworkCore.Query","TransportConnectionId":"YkzOFJrlJa9nxoU1kJYCkg","RequestId":"0HNG4B5LTC795:0000000D","RequestPath":"/_blazor","ConnectionId":"0HNG4B5LTC795","Application":"MiniJira"}
2025-10-05 23:52:32.145 +02:00 [INF] Retrieving all tasks {"SourceContext":"MiniJira.Services.TaskService","TransportConnectionId":"YkzOFJrlJa9nxoU1kJYCkg","RequestId":"0HNG4B5LTC795:0000000D","RequestPath":"/_blazor","ConnectionId":"0HNG4B5LTC795","Application":"MiniJira"}
2025-10-05 23:52:33.876 +02:00 [INF] Retrieving task with ID "b93754f7-233b-40fd-9bb2-5b5cf6cfb246" {"SourceContext":"MiniJira.Services.TaskService","TransportConnectionId":"YkzOFJrlJa9nxoU1kJYCkg","RequestId":"0HNG4B5LTC795:0000000D","RequestPath":"/_blazor","ConnectionId":"0HNG4B5LTC795","Application":"MiniJira"}
2025-10-05 23:52:33.920 +02:00 [INF] Retrieving all columns for culture en-US {"SourceContext":"MiniJira.Services.ColumnService","TransportConnectionId":"YkzOFJrlJa9nxoU1kJYCkg","RequestId":"0HNG4B5LTC795:0000000D","RequestPath":"/_blazor","ConnectionId":"0HNG4B5LTC795","Application":"MiniJira"}
2025-10-05 23:52:34.129 +02:00 [WRN] Compiling a query which loads related collections for more than one collection navigation, either via 'Include' or through projection, but no 'QuerySplittingBehavior' has been configured. By default, Entity Framework will use 'QuerySplittingBehavior.SingleQuery', which can potentially result in slow query performance. See https://go.microsoft.com/fwlink/?linkid=2134277 for more information. To identify the query that's triggering this warning call 'ConfigureWarnings(w => w.Throw(RelationalEventId.MultipleCollectionIncludeWarning))'. {"EventId":{"Id":20504,"Name":"Microsoft.EntityFrameworkCore.Query.MultipleCollectionIncludeWarning"},"SourceContext":"Microsoft.EntityFrameworkCore.Query","TransportConnectionId":"YkzOFJrlJa9nxoU1kJYCkg","RequestId":"0HNG4B5LTC795:0000000D","RequestPath":"/_blazor","ConnectionId":"0HNG4B5LTC795","Application":"MiniJira"}
2025-10-05 23:52:34.275 +02:00 [INF] Retrieving owner history for task "b93754f7-233b-40fd-9bb2-5b5cf6cfb246" {"SourceContext":"MiniJira.Services.TaskService","TransportConnectionId":"YkzOFJrlJa9nxoU1kJYCkg","RequestId":"0HNG4B5LTC795:0000000D","RequestPath":"/_blazor","ConnectionId":"0HNG4B5LTC795","Application":"MiniJira"}
2025-10-05 23:52:34.293 +02:00 [INF] Retrieving owner history for task "b93754f7-233b-40fd-9bb2-5b5cf6cfb246" {"SourceContext":"MiniJira.Services.TaskService","TransportConnectionId":"YkzOFJrlJa9nxoU1kJYCkg","RequestId":"0HNG4B5LTC795:0000000D","RequestPath":"/_blazor","ConnectionId":"0HNG4B5LTC795","Application":"MiniJira"}
2025-10-05 23:54:49.839 +02:00 [INF] Applying database migrations... {"SourceContext":"Program","Application":"MiniJira"}
2025-10-05 23:54:50.383 +02:00 [WRN] The 'TaskPriority' property 'Priority' on entity type 'Task' is configured with a database-generated default, but has no configured sentinel value. The database-generated default will always be used for inserts when the property has the value 'Low', since this is the CLR default for the 'TaskPriority' type. Consider using a nullable type, using a nullable backing field, or setting the sentinel value for the property to ensure the database default is used when, and only when, appropriate. See https://aka.ms/efcore-docs-default-values for more information. {"EventId":{"Id":20601,"Name":"Microsoft.EntityFrameworkCore.Model.Validation.BoolWithDefaultWarning"},"SourceContext":"Microsoft.EntityFrameworkCore.Model.Validation","Application":"MiniJira"}
2025-10-05 23:54:50.631 +02:00 [INF] Acquiring an exclusive lock for migration application. See https://aka.ms/efcore-docs-migrations-lock for more information if this takes too long. {"EventId":{"Id":20411,"Name":"Microsoft.EntityFrameworkCore.Migrations.AcquiringMigrationLock"},"SourceContext":"Microsoft.EntityFrameworkCore.Migrations","Application":"MiniJira"}
2025-10-05 23:54:50.732 +02:00 [INF] No migrations were applied. The database is already up to date. {"EventId":{"Id":20405,"Name":"Microsoft.EntityFrameworkCore.Migrations.MigrationsNotApplied"},"SourceContext":"Microsoft.EntityFrameworkCore.Migrations","Application":"MiniJira"}
2025-10-05 23:54:50.742 +02:00 [INF] Database migrations applied successfully {"SourceContext":"Program","Application":"MiniJira"}
2025-10-05 23:54:51.198 +02:00 [INF] Now listening on: https://localhost:7105 {"EventId":{"Id":14,"Name":"ListeningOnAddress"},"SourceContext":"Microsoft.Hosting.Lifetime","Application":"MiniJira"}
2025-10-05 23:54:51.205 +02:00 [INF] Now listening on: http://localhost:5194 {"EventId":{"Id":14,"Name":"ListeningOnAddress"},"SourceContext":"Microsoft.Hosting.Lifetime","Application":"MiniJira"}
2025-10-05 23:54:51.289 +02:00 [INF] Application started. Press Ctrl+C to shut down. {"SourceContext":"Microsoft.Hosting.Lifetime","Application":"MiniJira"}
2025-10-05 23:54:51.292 +02:00 [INF] Hosting environment: Development {"SourceContext":"Microsoft.Hosting.Lifetime","Application":"MiniJira"}
2025-10-05 23:54:51.295 +02:00 [INF] Content root path: D:\KimiAi\MiniJira\MiniJira\MiniJira {"SourceContext":"Microsoft.Hosting.Lifetime","Application":"MiniJira"}
2025-10-05 23:54:53.953 +02:00 [INF] Retrieving all columns for culture en-US {"SourceContext":"MiniJira.Services.ColumnService","TransportConnectionId":"mV8beZnkqbSvjedqQDBMcg","RequestId":"0HNG4B77PGVAL:00000011","RequestPath":"/_blazor","ConnectionId":"0HNG4B77PGVAL","Application":"MiniJira"}
2025-10-05 23:54:54.232 +02:00 [WRN] Compiling a query which loads related collections for more than one collection navigation, either via 'Include' or through projection, but no 'QuerySplittingBehavior' has been configured. By default, Entity Framework will use 'QuerySplittingBehavior.SingleQuery', which can potentially result in slow query performance. See https://go.microsoft.com/fwlink/?linkid=2134277 for more information. To identify the query that's triggering this warning call 'ConfigureWarnings(w => w.Throw(RelationalEventId.MultipleCollectionIncludeWarning))'. {"EventId":{"Id":20504,"Name":"Microsoft.EntityFrameworkCore.Query.MultipleCollectionIncludeWarning"},"SourceContext":"Microsoft.EntityFrameworkCore.Query","TransportConnectionId":"mV8beZnkqbSvjedqQDBMcg","RequestId":"0HNG4B77PGVAL:00000011","RequestPath":"/_blazor","ConnectionId":"0HNG4B77PGVAL","Application":"MiniJira"}
2025-10-05 23:54:54.308 +02:00 [INF] Retrieving all tasks {"SourceContext":"MiniJira.Services.TaskService","TransportConnectionId":"mV8beZnkqbSvjedqQDBMcg","RequestId":"0HNG4B77PGVAL:00000011","RequestPath":"/_blazor","ConnectionId":"0HNG4B77PGVAL","Application":"MiniJira"}
2025-10-05 23:54:55.439 +02:00 [INF] Retrieving task with ID "b93754f7-233b-40fd-9bb2-5b5cf6cfb246" {"SourceContext":"MiniJira.Services.TaskService","TransportConnectionId":"mV8beZnkqbSvjedqQDBMcg","RequestId":"0HNG4B77PGVAL:00000011","RequestPath":"/_blazor","ConnectionId":"0HNG4B77PGVAL","Application":"MiniJira"}
2025-10-05 23:54:55.474 +02:00 [INF] Retrieving all columns for culture en-US {"SourceContext":"MiniJira.Services.ColumnService","TransportConnectionId":"mV8beZnkqbSvjedqQDBMcg","RequestId":"0HNG4B77PGVAL:00000011","RequestPath":"/_blazor","ConnectionId":"0HNG4B77PGVAL","Application":"MiniJira"}
2025-10-05 23:54:55.595 +02:00 [WRN] Compiling a query which loads related collections for more than one collection navigation, either via 'Include' or through projection, but no 'QuerySplittingBehavior' has been configured. By default, Entity Framework will use 'QuerySplittingBehavior.SingleQuery', which can potentially result in slow query performance. See https://go.microsoft.com/fwlink/?linkid=2134277 for more information. To identify the query that's triggering this warning call 'ConfigureWarnings(w => w.Throw(RelationalEventId.MultipleCollectionIncludeWarning))'. {"EventId":{"Id":20504,"Name":"Microsoft.EntityFrameworkCore.Query.MultipleCollectionIncludeWarning"},"SourceContext":"Microsoft.EntityFrameworkCore.Query","TransportConnectionId":"mV8beZnkqbSvjedqQDBMcg","RequestId":"0HNG4B77PGVAL:00000011","RequestPath":"/_blazor","ConnectionId":"0HNG4B77PGVAL","Application":"MiniJira"}
2025-10-05 23:54:55.746 +02:00 [INF] Retrieving owner history for task "b93754f7-233b-40fd-9bb2-5b5cf6cfb246" {"SourceContext":"MiniJira.Services.TaskService","TransportConnectionId":"mV8beZnkqbSvjedqQDBMcg","RequestId":"0HNG4B77PGVAL:00000011","RequestPath":"/_blazor","ConnectionId":"0HNG4B77PGVAL","Application":"MiniJira"}
2025-10-05 23:54:55.765 +02:00 [INF] Retrieving owner history for task "b93754f7-233b-40fd-9bb2-5b5cf6cfb246" {"SourceContext":"MiniJira.Services.TaskService","TransportConnectionId":"mV8beZnkqbSvjedqQDBMcg","RequestId":"0HNG4B77PGVAL:00000011","RequestPath":"/_blazor","ConnectionId":"0HNG4B77PGVAL","Application":"MiniJira"}
